Num_Acc;lum;departement;commune;agglomeration;intersection;meteo;type_collision;lat;long;date
202100037144.0;1;91;91340;1;1;1.0;5.0;48,5977900000;2,4413600000;
202100037145.0;1;91;91064;1;1;1.0;4.0;48,7465500000;2,1962700000;
202100037146.0;1;92;92036;1;1;7.0;2.0;48,9335238690;2,2754620724;
202100037147.0;1;92;92051;1;1;1.0;6.0;48,8858720126;2,2572237253;
202100037148.0;1;92;92036;1;1;1.0;2.0;48,9356840098;2,2617732894;
202100037149.0;1;78;78640;1;1;1.0;4.0;48,7784190000;2,2084300000;
202100037150.0;3;78;78545;1;1;1.0;6.0;48,8105900000;2,0561300000;
202100037151.0;1;78;78238;1;1;1.0;5.0;48,9704600000;1,8805800000;
202100037152.0;1;95;95219;1;1;1.0;2.0;48,9947764944;2,2463465154;
202100037153.0;1;94;94042;1;1;1.0;6.0;48,8283679668;2,4755835633;
202100037154.0;1;77;77249;1;1;1.0;6.0;48,7506648952;2,6141913410;
202100037155.0;1;77;77373;1;1;1.0;2.0;48,7739887309;2,6118633742;
202100037156.0;1;87;87085;2;1;1.0;6.0;45,8682810000;1,2648300000;
202100037157.0;1;988;98818;2;1;1.0;6.0; -22,2698100000;166,4402600000;
202100037158.0;1;64;64445;2;9;1.0;6.0;43,3194564039; -0,3489017487;
202100037159.0;1;35;35288;2;1;7.0;6.0;48,6508660000; -2,0213730000;
202100037160.0;1;34;34172;2;1;1.0;6.0;43,6161200000;3,8800800000;
202100037161.0;1;06;06029;2;9;1.0;6.0;43,5462330000;7,0331280000;
202100037162.0;1;05;05061;1;1;1.0;7.0;44,5477400000;6,0659500000;
202100037163.0;1;75;75107;2;5;1.0;6.0;48,8576770000;2,3001900000;
202100037164.0;5;27;27229;2;1;1.0;6.0;49,0097820000;1,1665110000;
202100037165.0;1;976;97611;2;1;1.0;2.0; -12,7769000000;45,2259200000;
202100037166.0;1;973;97302;2;1;2.0;3.0;4,9367123788; -52,2972013951;
202100037167.0;1;69;69259;2;1;1.0;1.0;45,6993900000;4,8933900000;
202100037168.0;1;69;69387;2;2;1.0;3.0;45,7328500000;4,8375100000;
202100037169.0;1;69;69199;2;1;1.0;6.0;45,7091100000;4,8533200000;
202100037170.0;1;69;69388;2;1;1.0;6.0;45,7268900000;4,8819500000;
202100037171.0;1;69;69389;2;1;1.0;4.0;45,7702200000;4,8122100000;
202100037172.0;1;69;69142;2;1;7.0;4.0;45,7397700000;4,8120100000;
202100037173.0;1;69;69382;2;3;1.0;3.0;45,7648700000;4,8384100000;
202100037174.0;1;971;97107;2;1;1.0;7.0;16,0482365846; -61,5629094879;
202100037175.0;1;95;95018;2;3;1.0;3.0;48,9508100000;2,2089300000;
202100037176.0;1;95;95063;2;3;1.0;3.0;48,9242520000;2,2175900000;
202100037177.0;1;91;91549;2;1;1.0;3.0;48,6350000000;2,3470000000;
202100037178.0;1;91;91477;2;1;1.0;6.0;48,7190610000;2,2214200000;
202100037179.0;1;91;91191;2;1;1.0;3.0;48,7151300000;2,4594300000;
202100037180.0;1;91;91027;2;3;1.0;6.0;48,7036730000;2,3569410000;
202100037181.0;1;91;91479;1;5;1.0;3.0;48,7203240000;2,3706220000;
202100037182.0;2;91;91687;2;2;1.0;1.0;48,6665300000;2,3642400000;
202100037183.0;1;89;89387;2;3;1.0;1.0;48,2008700000;3,2918900000;
202100037184.0;1;87;87085;2;3;1.0;3.0;45,8332200000;1,2756900000;
202100037185.0;1;87;87085;2;1;1.0;2.0;45,8175720000;1,2525290000;
202100037186.0;2;87;87085;2;1;1.0;7.0;45,8276300000;1,2608600000;
202100037187.0;1;87;87050;1;3;1.0;2.0;45,8807700000;1,2572300000;
202100037188.0;1;87;87075;1;1;1.0;3.0;45,8073600000;1,2027300000;
202100037189.0;1;86;86194;2;2;1.0;3.0;46,5822400000;0,3678900000;
202100037190.0;2;83;83137;2;1;1.0;6.0;43,1202260000;5,9507960000;
202100037191.0;1;83;83129;2;6;7.0;6.0;43,0942651398;5,8234977722;
202100037192.0;1;78;78551;1;9;1.0;3.0;48,9523990000;2,0930690000;
202100037193.0;1;78;78146;2;1;1.0;3.0;48,8997060000;2,1454510000;
202100037194.0;1;77;77258;2;6;1.0;6.0;48,8336680000;2,6347550000;
202100037195.0;1;77;77482;2;1;2.0;1.0;48,3713600000;2,9578900000;
202100037196.0;1;77;77394;1;1;1.0;3.0;48,5522670000;2,6678970000;
202100037197.0;1;77;77122;2;6;1.0;1.0;48,6655400000;2,5499100000;
202100037198.0;3;77;77216;1;9;1.0;6.0;48,2983630000;2,6802000000;
202100037199.0;1;77;77186;2;1;2.0;6.0;48,4116200000;2,7054100000;
202100037200.0;1;76;76351;2;2;1.0;1.0;49,4985700000;0,1055900000;
202100037201.0;1;72;72181;2;9;1.0;1.0;48,0059000000;0,1922000000;
202100037202.0;1;71;71306;2;1;1.0;3.0;46,6787300000;4,3687200000;
202100037203.0;1;71;71105;2;6;1.0;3.0;46,3127900000;4,7857600000;
202100037204.0;1;71;71153;2;2;1.0;3.0;46,7926375287;4,4309653072;
202100037205.0;1;71;71153;2;2;1.0;3.0;46,8032095088;4,4512989651;
202100037206.0;1;69;69266;2;1;1.0;7.0;45,7640224808;4,9098988061;
202100037207.0;1;69;69290;2;2;1.0;3.0;45,6877800000;4,9348500000;
202100037208.0;1;69;69275;2;2;1.0;6.0;45,7708000000;4,9588300000;
202100037209.0;1;67;67482;2;3;1.0;3.0;48,5699500000;7,7932000000;
202100037210.0;1;67;67482;2;1;1.0;2.0;48,5720470000;7,7139680000;
202100037211.0;1;67;67447;2;3;1.0;3.0;48,6002050000;7,7536000000;
202100037212.0;1;64;64249;1;1;1.0;3.0;43,4179700000; -1,6083600000;
202100037213.0;1;64;64545;2;1;1.0;1.0;43,3704810000; -1,6824780000;
202100037214.0;1;64;64335;2;2;1.0;3.0;43,3341400000; -0,4199500000;
202100037215.0;1;64;64024;2;3;1.0;2.0;43,4811100000; -1,5117300000;
202100037216.0;4;63;63302;2;1;8.0;6.0;45,7244200000;3,1475900000;
202100037217.0;1;63;63113;2;2;1.0;3.0;45,7649400000;3,0791800000;
202100037218.0;1;63;63113;2;1;1.0;6.0;45,7768800000;3,0790200000;
202100037219.0;1;63;63164;2;3;1.0;4.0;45,8339600000;3,1584100000;
202100037220.0;1;63;63164;2;2;1.0;2.0;45,8138200000;3,1609400000;
202100037221.0;5;62;62193;2;2;6.0;3.0;50,9517270000;1,8534690000;
202100037222.0;1;60;60382;2;1;1.0;6.0;49,4281580175;2,8236365317;
202100037223.0;1;59;59426;2;1;1.0;6.0;50,7460280000;3,1579380000;
202100037224.0;1;59;59512;2;1;1.0;3.0;50,6749740000;3,1587230000;
202100037225.0;1;59;59360;2;1;1.0;6.0;50,6030000000;3,0410000000;
202100037226.0;1;59;59648;2;1;1.0;3.0;50,5855733182;3,0460635410;
202100037227.0;5;59;59350;2;4;1.0;3.0;50,6278000000;3,0131600000;
202100037228.0;1;57;57631;2;1;1.0;6.0;49,1009065000;7,0441373000;
202100037229.0;1;56;56121;2;6;1.0;3.0;47,7478300000; -3,3648900000;
202100037230.0;1;56;56121;2;1;1.0;3.0;47,7633400000; -3,3943900000;
202100037231.0;4;54;54528;2;1;1.0;7.0;48,6965580000;5,8950710000;
202100037232.0;1;54;54395;2;1;1.0;1.0;48,6968525374;6,1950042844;
202100037233.0;1;51;51454;2;1;1.0;3.0;49,2446683981;4,0284740925;
202100037234.0;1;51;51454;2;1;1.0;7.0;49,2688673415;4,0735822733;
202100037235.0;1;50;50602;2;6;1.0;2.0;49,6354800000; -1,5760300000;
202100037236.0;1;50;50173;2;1;1.0;2.0;49,6547600000; -1,6696700000;
202100037237.0;1;49;49007;2;1;1.0;3.0;47,4518690000; -0,5629130000;
202100037238.0;1;45;45234;2;2;1.0;3.0;47,8948300000;1,9045000000;
202100037239.0;1;45;45298;2;1;2.0;1.0;47,8849020000;1,8488210000;
202100037240.0;1;45;45286;2;1;2.0;4.0;47,8878110534;1,9243097386;
202100037241.0;1;45;45004;2;3;1.0;2.0;47,9648400000;2,7794600000;
202100037242.0;5;44;44109;2;1;1.0;3.0;47,2471400000; -1,5114600000;
202100037243.0;1;41;41018;2;1;1.0;3.0;47,5882100000;1,3134600000;
202100037244.0;2;38;38421;2;2;1.0;3.0;45,1735000000;5,7554000000;
202100037245.0;1;38;38185;2;1;1.0;3.0;45,1659700000;5,7397500000;
202100037246.0;1;38;38151;2;1;1.0;3.0;45,1490600000;5,7059800000;
202100037247.0;1;37;37261;2;2;1.0;3.0;47,3975758330;0,6993162705;
202100037248.0;1;35;35238;2;6;1.0;2.0;48,0838700000; -1,6773400000;
202100037249.0;1;33;33167;2;2;1.0;3.0;44,8399800000; -0,5391200000;
202100037250.0;1;33;33281;2;1;1.0;3.0;44,8406800000; -0,6413700000;
202100037251.0;1;33;33529;2;2;1.0;3.0;44,6327390000; -1,1979600000;
202100037252.0;1;31;31555;2;3;1.0;1.0;43,5843800000;1,4380000000;
202100037253.0;1;31;31555;2;1;1.0;3.0;43,6159590000;1,4214900000;
202100037254.0;1;31;31483;2;1;1.0;7.0;43,1233760000;0,7255900000;
202100037255.0;3;30;30189;2;2;1.0;6.0;43,8234600000;4,3355900000;
202100037256.0;1;29;29232;1;1;2.0;1.0;48,0232400000; -4,1077900000;
202100037257.0;1;29;29019;2;1;1.0;7.0;48,4354840000; -4,4894430000;
202100037258.0;1;29;29019;2;3;1.0;1.0;48,3853011128; -4,5246542901;
202100037259.0;1;29;29019;2;1;1.0;3.0;48,4144000000; -4,4790000000;
202100037260.0;1;28;28085;2;2;1.0;3.0;48,4546400000;1,4739700000;
202100037261.0;1;27;27554;2;2;1.0;3.0;49,0937997661;1,3860303868;
202100037262.0;1;24;24037;2;1;2.0;1.0;44,8475800000;0,4797200000;
202100037263.0;1;17;17306;2;1;1.0;2.0;45,6315100000; -0,9959300000;
202100037264.0;1;17;17274;2;1;1.0;3.0;46,1659200000; -1,0962080000;
202100037265.0;1;14;14118;1;1;1.0;6.0;49,1654900000; -0,3653500000;
202100037266.0;5;13;13208;2;1;1.0;7.0;43,2339300000;5,3639100000;
202100037267.0;1;13;13215;2;1;1.0;3.0;43,3678503931;5,3441512585;
202100037268.0;1;13;13206;2;2;1.0;3.0;43,2861400000;5,3870000000;
202100037269.0;1;13;13212;2;1;1.0;6.0;43,3149700000;5,4278110000;
202100037270.0;1;13;13204;2;1;1.0;4.0;43,3148200000;5,3911300000;
202100037271.0;1;13;13209;2;1;1.0;3.0;43,2495470000;5,4224670000;
202100037272.0;1;11;11069;2;1;1.0;3.0;43,2239010741;2,3537098628;
202100037273.0;1;10;10387;2;1;1.0;4.0;48,3047700000;4,0940700000;
202100037274.0;1;08;08105;2;3;1.0;3.0;49,7545330000;4,7223760000;
202100037275.0;1;06;06088;2;1;1.0;4.0;43,7050000000;7,2590000000;
202100037276.0;1;06;06088;2;3;1.0;6.0;43,7161000000;7,2535430000;
202100037277.0;1;05;05061;1;1;1.0;6.0;44,5033300000;6,0576900000;
202100037278.0;1;01;01451;1;6;1.0;3.0;46,2328100000;5,2002700000;
202100037279.0;1;94;94054;2;1;1.0;6.0;48,7477200000;2,4275160000;
202100037280.0;1;75;75116;2;1;1.0;5.0;48,8776550000;2,2803440000;
202100037281.0;1;75;75113;2;1;1.0;5.0;48,8171740000;2,3508190000;
202100037282.0;1;75;75120;2;3;1.0;6.0;48,8539880000;2,4057190000;
202100037283.0;1;75;75116;2;1;1.0;1.0;48,8598620000;2,2787580000;
202100037284.0;1;75;75115;2;1;1.0;6.0;48,8392210000;2,2898280000;
202100037285.0;1;75;75115;2;2;1.0;3.0;48,8372240000;2,2963300000;
202100037286.0;1;75;75115;2;1;1.0;2.0;48,8558030000;2,2897260000;
202100037287.0;1;75;75114;2;3;1.0;3.0;48,8261210000;2,3288820000;
202100037288.0;1;75;75114;2;1;1.0;6.0;48,8202630000;2,3439470000;
202100037289.0;1;75;75113;2;2;1.0;3.0;48,8375720000;2,3736530000;
202100037290.0;1;75;75112;2;1;1.0;2.0;48,8471780000;2,3956960000;
202100037291.0;1;75;75112;2;3;1.0;6.0;48,8374810000;2,3915950000;
202100037292.0;1;75;75112;2;3;1.0;5.0;48,8274630000;2,4193850000;
202100037293.0;5;75;75112;2;1;1.0;5.0;48,8434460000;2,3739020000;
202100037294.0;1;75;75112;2;1;1.0;4.0;48,8311120000;2,3855620000;
202100037295.0;1;75;75107;2;2;1.0;7.0;48,8516400000;2,3125240000;
202100037296.0;1;75;75107;2;2;1.0;6.0;48,8549210000;2,3199620000;
202100037297.0;1;75;75103;2;3;1.0;2.0;48,8671390000;2,3630650000;
202100037298.0;2;75;75103;2;3;1.0;3.0;48,8599660000;2,3645470000;
202100037299.0;1;94;94046;2;1;1.0;3.0;48,7931978315;2,4344801901;
202100037300.0;1;94;94046;2;9;1.0;3.0;48,8144500000;2,4251380000;
202100037301.0;1;94;94076;2;1;1.0;6.0;48,7876800000;2,3678500000;
202100037302.0;1;94;94003;2;1;1.0;3.0;48,8052200000;2,3380900000;
202100037303.0;1;94;94041;2;1;1.0;6.0;48,8158270000;2,4031750000;
202100037304.0;5;94;94028;2;1;1.0;3.0;48,7768900000;2,4414500000;
202100037305.0;1;94;94071;2;5;1.0;3.0;48,7677000000;2,5084500000;
202100037306.0;1;93;93072;2;1;1.0;6.0;48,9580800000;2,3824100000;
202100037307.0;1;93;93053;2;2;1.0;3.0;48,8932046098;2,4610335231;
202100037308.0;1;93;93051;2;3;1.0;6.0;48,8462866790;2,5531690121;
202100037309.0;5;93;93051;2;1;1.0;6.0;48,8464300000;2,5549800000;
202100037310.0;1;93;93050;2;2;1.0;3.0;48,8590000000;2,5264500000;
202100037311.0;1;93;93048;2;2;1.0;3.0;48,8727060000;2,4467720000;
202100037312.0;1;93;93029;2;1;1.0;3.0;48,9212900000;2,4540900000;
202100037313.0;1;93;93008;2;3;1.0;3.0;48,9113208097;2,4398272322;
202100037314.0;1;93;93001;2;1;7.0;6.0;48,9159330000;2,3815160000;
202100037315.0;1;93;93001;2;1;1.0;3.0;48,9223340000;2,3808230000;
202100037316.0;1;92;92022;2;3;1.0;3.0;48,8166659764;2,1950648725;
202100037317.0;1;92;92072;2;7;1.0;3.0;48,8285101721;2,2244685888;
202100037318.0;2;92;92062;2;2;1.0;3.0;48,8798200158;2,2333405520;
202100037319.0;1;92;92050;2;6;1.0;3.0;48,8976711159;2,2182002664;
202100037320.0;1;92;92020;2;1;1.0;7.0;48,7968570010;2,2805106640;
202100037321.0;1;92;92040;2;2;1.0;1.0;48,8173615735;2,2737246596;
202100037322.0;1;92;92009;2;1;7.0;3.0;48,9261469679;2,2712546368;
202100037323.0;1;92;92025;2;2;1.0;3.0;48,9180395151;2,2243076563;
202100037324.0;2;92;92024;2;5;1.0;3.0;48,9087111015;2,2999409702;
202100037325.0;1;92;92024;2;1;1.0;3.0;48,9024664446;2,3067158461;
202100037326.0;1;92;92012;2;1;1.0;7.0;48,8334092546;2,2609239728;
202100037327.0;3;974;97415;2;1;1.0;1.0; -20,9788710000;55,3315530000;
202100037328.0;1;80;80420;1;1;1.0;1.0;50,0285680000;2,5018120000;
202100037329.0;1;73;73218;1;1;1.0;7.0;45,8476130000;5,8074120000;
202100037330.0;1;71;71047;2;1;7.0;6.0;46,6300330000;3,7368320000;
202100037331.0;3;28;28253;1;1;1.0;2.0;48,3448690000;1,4127950000;
202100037332.0;1;74;74152;2;1;1.0;3.0;45,9018330000;6,0344070000;
202100037333.0;1;85;85038;1;1;1.0;3.0;46,9162540000; -1,3186920000;
202100037334.0;1;34;34036;1;1;1.0;2.0;43,6776960000;3,4090830000;
202100037335.0;1;30;30034;1;3;1.0;3.0;43,7617000000;4,5246000000;
202100037336.0;1;33;33140;2;1;1.0;5.0;44,7719425679; -0,3510586223;
202100037337.0;1;61;61096;1;4;1.0;2.0;48,5597920000; -0,4569520000;
202100037338.0;1;61;61156;1;2;7.0;7.0;48,5571750000;0,2703080000;
202100037339.0;1;55;55443;1;1;1.0;7.0;49,2299720000;5,7007240000;
202100037340.0;1;68;68004;1;1;1.0;3.0;47,6266880000;7,2548710000;
202100037341.0;1;39;39128;1;1;1.0;6.0;46,9783930000;5,3771640000;
202100037342.0;1;25;25318;2;9;1.0;3.0;46,7679150000;6,3824960000;
202100037343.0;1;29;29158;2;3;1.0;6.0;47,8161290000; -4,3722600000;
202100037344.0;1;03;03110;1;1;1.0;3.0;46,1262660000;3,3660440000;
202100037345.0;1;70;70111;1;1;1.0;1.0;47,6418130000;6,2805320000;
202100037346.0;1;26;26353;2;1;1.0;1.0;44,6641810000;4,7911230000;
202100037347.0;1;58;58145;2;1;1.0;7.0;47,2941340000;3,8115330000;
202100037348.0;1;66;66150;1;1;7.0;7.0;42,4109620000;2,4577890000;
202100037349.0;1;54;54416;2;1;1.0;1.0;48,9350109114;5,8053946503;
202100037350.0;1;14;14270;1;3;1.0;3.0;49,1440990000;0,3273580000;
202100037351.0;1;14;14754;2;1;1.0;6.0;49,3219550000; -0,0003420000;
202100037352.0;1;09;09264;2;1;1.0;1.0;43,0183370000;1,6107640000;
202100037353.0;1;10;10313;2;1;1.0;6.0;48,3566660000;4,5007520000;
202100037354.0;1;53;53128;2;6;1.0;3.0;47,9418480000; -1,0844600000;
202100037355.0;1;21;21534;1;2;7.0;3.0;47,0123400000;4,9234740000;
202100037356.0;1;04;04144;1;1;1.0;3.0;43,7674060000;6,3113880000;
202100037357.0;5;27;27133;2;1;1.0;6.0;49,3822090000;0,9151270000;
202100037358.0;1;28;28393;1;2;1.0;6.0;48,5680810000;1,3017400000;
202100037359.0;2;973;97307;1;6;8.0;3.0;4,8370420000; -52,3388890000;
202100037360.0;4;987;98738;1;1;1.0;6.0; -17,6183780000; -149,5708320000;
202100037361.0;1;34;34320;2;1;1.0;6.0;43,6575490000;3,7261250000;
202100037362.0;1;64;64290;1;4;1.0;2.0;43,3951470000; -0,5465700000;
202100037363.0;1;987;98712;2;1;1.0;1.0; -17,5429770000; -149,5036460000;
202100037364.0;3;45;45270;1;1;1.0;6.0;47,7986850000;2,3171170000;
202100037365.0;1;91;91041;1;1;1.0;2.0;48,5696290000;2,2330300000;
202100037366.0;1;91;91461;2;1;1.0;6.0;48,6000410000;2,2364150000;
202100037367.0;1;78;78193;1;1;1.0;3.0;48,7082950000;1,9779250000;
202100037368.0;1;2B;2B093;1;1;1.0;1.0;42,6184630000;8,8913300000;
202100037369.0;1;66;66230;2;1;1.0;7.0;42,6407580000;2,5287330000;
202100037370.0;1;34;34058;2;3;1.0;1.0;43,6844660000;3,9903380000;
202100037371.0;1;83;83115;2;1;1.0;2.0;43,3270880000;6,6034730000;
202100037372.0;1;21;21183;1;3;1.0;6.0;47,2324095864;5,2733730350;
202100037373.0;1;68;68178;1;1;1.0;7.0;47,9056990000;7,0896150000;
202100037374.0;1;55;55454;1;1;1.0;2.0;48,7033870000;5,4238080000;
202100037375.0;1;54;54196;2;1;1.0;6.0;48,5726034773;6,1858713622;
202100037376.0;1;54;54351;2;1;1.0;1.0;48,7986200000;6,1077900000;
202100037377.0;1;74;74128;1;3;7.0;3.0;46,1537130000;6,3441650000;
202100037378.0;1;73;73241;1;1;1.0;3.0;45,6096240000;6,3383600000;
202100037379.0;1;26;26004;1;1;1.0;2.0;45,0074670000;5,0133440000;
202100037380.0;1;64;64422;1;1;1.0;7.0;43,1687850000; -0,6607460000;
202100037381.0;1;35;35228;1;2;1.0;3.0;48,5868420000; -2,1002020000;
202100037382.0;1;35;35047;2;6;1.0;6.0;48,0258340000; -1,7651920000;
202100037383.0;1;60;60612;2;1;1.0;6.0;49,1961730000;2,5733570000;
202100037384.0;3;60;60103;2;4;1.0;6.0;49,4153000499;2,2506466228;
202100037385.0;1;13;13202;1;1;1.0;4.0;43,3035100000;5,3646800000;
202100037386.0;1;69;69081;1;9;1.0;7.0;45,7729700000;4,7891000000;
202100037387.0;1;69;69029;1;1;1.0;4.0;45,7452484950;4,9062756298;
202100037388.0;1;69;69152;1;1;1.0;6.0;45,7025963258;4,8350164889;
202100037389.0;1;33;33550;1;1;1.0;4.0;44,7790280000; -0,5526510000;
202100037390.0;1;91;91235;1;1;1.0;2.0;48,6254500000;2,3632500000;
202100037391.0;1;91;91286;1;1;1.0;2.0;48,6436800000;2,3907600000;
202100037392.0;1;92;92050;1;1;1.0;3.0;48,9153626913;2,2204385940;
202100037393.0;1;92;92050;1;1;1.0;4.0;48,8959108167;2,1952099150;
202100037394.0;1;95;95018;1;1;1.0;2.0;48,9544200000;2,2765000000;
202100037395.0;1;93;93006;1;9;1.0;3.0;48,8653400000;2,4196900000;
202100037396.0;2;93;93078;1;1;1.0;2.0;48,9611700000;2,5433200000;
202100037397.0;1;77;77249;1;1;1.0;6.0;48,7425477236;2,6123671061;
202100037398.0;1;94;94033;1;1;1.0;6.0;48,8552398797;2,4893367290;
202100037399.0;1;13;13056;2;1;1.0;6.0;43,4119200000;5,0457600000;
202100037400.0;1;13;13214;2;1;1.0;3.0;43,3320322929;5,3988017112;
202100037401.0;1;72;72181;2;1;1.0;6.0;47,9912400000;0,2200400000;
202100037402.0;5;988;98818;2;3;1.0;3.0; -22,3028200000;166,4386700000;
202100037403.0;3;974;97416;1;1;1.0;1.0; -21,3356854466;55,5192160606;
202100037404.0;1;69;69199;2;1;1.0;1.0;45,7122082230;4,8602822634;
202100037405.0;1;69;69386;2;2;1.0;1.0;45,7707500000;4,8569300000;
202100037406.0;1;69;69387;2;1;1.0;6.0;45,7541646489;4,8461803794;
202100037407.0;1;69;69387;2;2;1.0;6.0;45,7497600000;4,8410200000;
202100037408.0;5;69;69259;2;6;1.0;2.0;45,7209800000;4,8740800000;
202100037409.0;5;972;97213;1;1;2.0;2.0;14,6161149769; -61,0143327713;
202100037410.0;1;972;97209;2;1;1.0;3.0;14,6074288389; -61,0716462135;
202100037411.0;5;69;69034;2;1;1.0;7.0;45,7828400000;4,8369900000;
202100037412.0;1;69;69382;2;2;1.0;3.0;45,7638000000;4,8332200000;
202100037413.0;1;95;95268;2;3;1.0;3.0;48,9734970000;2,3942530000;
202100037414.0;1;91;91161;2;1;1.0;6.0;48,7029800000;2,3197100000;
202100037415.0;1;91;91657;2;2;1.0;3.0;48,6965900000;2,4359700000;
202100037416.0;2;83;83137;2;9;1.0;1.0;43,1092300000;5,9569400000;
202100037417.0;1;83;83034;2;1;1.0;1.0;43,0909511629;6,0605665530;
202100037418.0;1;76;76681;2;3;1.0;3.0;49,4081500000;1,1013800000;
202100037419.0;1;69;69264;2;1;1.0;6.0;45,9820539100;4,7388481200;
202100037420.0;1;69;69264;2;6;1.0;3.0;45,9790400000;4,7346800000;
202100037421.0;1;65;65440;2;2;1.0;3.0;43,2324110000;0,0707330000;
202100037422.0;1;59;59009;2;1;1.0;2.0;50,6353350000;3,1234700000;
202100037423.0;1;54;54329;2;1;1.0;6.0;48,5838500000;6,4817700000;
202100037424.0;1;51;51454;2;2;1.0;3.0;49,2656500000;4,0207400000;
202100037425.0;1;50;50502;1;1;1.0;7.0;49,1212200000; -1,0744520000;
202100037426.0;1;44;44114;2;1;1.0;5.0;47,2577400000; -1,5795300000;
202100037427.0;1;42;42207;2;3;1.0;3.0;45,4573755716;4,5047198832;
202100037428.0;1;33;33522;2;2;1.0;3.0;44,7974000000; -0,5921400000;
202100037429.0;1;33;33318;2;1;2.0;3.0;44,8113400000; -0,6186900000;
202100037430.0;1;33;33281;2;1;1.0;6.0;44,8470500000; -0,7180100000;
202100037431.0;1;31;31555;2;1;1.0;6.0;43,6034020959;1,4073550701;
202100037432.0;1;27;27701;1;1;1.0;6.0;49,2522200000;1,1845300000;
202100037433.0;2;17;17300;2;1;1.0;2.0;46,1544600000; -1,1442700000;
202100037434.0;1;17;17300;2;1;1.0;3.0;46,1640700000; -1,1745800000;
202100037435.0;5;13;13208;2;1;1.0;3.0;43,2363000000;5,3620800000;
202100037436.0;1;13;13202;2;1;1.0;2.0;43,3023748438;5,3699152241;
202100037437.0;1;13;13205;2;2;1.0;1.0;43,2905020000;5,3891110000;
202100037438.0;3;13;13028;1;1;1.0;7.0;43,1804600000;5,5847200000;
202100037439.0;1;06;06088;1;9;1.0;1.0;43,7263800000;7,1886000000;
202100037440.0;3;06;06069;2;1;1.0;6.0;43,6404800000;6,9275900000;
202100037441.0;2;06;06029;2;1;1.0;2.0;43,5410600000;7,0351300000;
202100037442.0;1;06;06123;2;1;1.0;3.0;43,6593770000;7,1919310000;
202100037443.0;1;01;01451;2;1;1.0;6.0;46,2116000000;5,2136000000;
202100037444.0;1;75;75116;2;4;1.0;2.0;48,8657670000;2,2680760000;
202100037445.0;4;75;75118;2;1;1.0;6.0;48,8829740000;2,3441030000;
202100037446.0;1;75;75116;2;7;1.0;3.0;48,8603890000;2,2912580000;
202100037447.0;1;75;75116;2;1;1.0;6.0;48,8483760000;2,2693030000;
202100037448.0;1;75;75113;2;2;1.0;3.0;48,8303490000;2,3704300000;
202100037449.0;1;75;75111;2;3;1.0;3.0;48,8690300000;2,3717360000;
202100037450.0;1;75;75118;2;3;1.0;6.0;48,8857550000;2,3649660000;
202100037451.0;1;75;75108;2;1;1.0;3.0;48,8761960000;2,2968010000;
202100037452.0;1;75;75107;2;7;1.0;6.0;48,8537760000;2,3127340000;
202100037453.0;1;75;75104;2;1;1.0;6.0;48,8527660000;2,3527360000;
202100037454.0;1;75;75101;2;2;1.0;7.0;48,8587990000;2,3474580000;
202100037455.0;1;94;94078;2;1;1.0;2.0;48,7290300000;2,4470900000;
202100037456.0;1;94;94021;2;1;1.0;6.0;48,7664000000;2,3679000000;
202100037457.0;1;94;94017;2;2;1.0;6.0;48,8136400000;2,5101800000;
202100037458.0;1;93;93027;2;1;7.0;6.0;48,9252200000;2,4116100000;
202100037459.0;1;93;93008;2;1;1.0;6.0;48,9183500000;2,4157700000;
202100037460.0;1;92;92078;2;3;1.0;3.0;48,9296961017;2,3263373627;
202100037461.0;1;92;92047;2;1;1.0;3.0;48,8381000000;2,1754000000;
202100037462.0;2;92;92048;2;1;1.0;6.0;48,8174401537;2,2486835718;
202100037463.0;2;92;92024;2;4;1.0;3.0;48,9009600911;2,2925537825;
202100037464.0;1;92;92024;2;3;1.0;3.0;48,8995730632;2,3092558980;
202100037465.0;1;92;92060;2;2;1.0;3.0;48,7764267789;2,2499549389;
202100037466.0;1;86;86081;2;1;1.0;7.0;46,7884990000;0,4503540000;
202100037467.0;1;73;73149;1;1;1.0;7.0;45,7495730000;5,7904170000;
202100037468.0;1;60;60454;1;1;1.0;6.0;49,3865770000;2,3202610000;
202100037469.0;1;22;22206;2;1;1.0;2.0;48,5404390000; -2,9828360000;
202100037470.0;2;95;95487;2;1;1.0;6.0;49,1535135399;2,2712768152;
202100037471.0;1;28;28012;1;1;1.0;7.0;48,1066500000;1,1743350000;
202100037472.0;3;974;97422;2;1;1.0;6.0; -21,2543101242;55,4997116322;