Num_Acc;lum;departement;commune;agglomeration;intersection;meteo;type_collision;lat;long;date
202100037473.0;3;972;97206;2;1;1.0;1.0;14,4817740000; -61,0184100000;
202100037474.0;1;84;84083;2;1;1.0;3.0;44,1972900000;4,7361750000;
202100037475.0;3;83;83048;1;6;1.0;6.0;43,1885480000;6,5808590000;
202100037476.0;3;44;44047;1;1;1.0;2.0;47,2615820000; -1,7017650000;
202100037477.0;2;56;56144;1;1;1.0;6.0;47,9503530000; -2,8600880000;
202100037478.0;1;74;74234;1;2;1.0;1.0;45,7569690000;6,3175250000;
202100037479.0;1;2B;2B123;2;9;1.0;1.0;42,0158110000;9,4051070000;
202100037480.0;1;80;80334;1;1;1.0;1.0;49,7953150000;2,1889990000;
202100037481.0;1;71;71391;1;1;1.0;1.0;46,8153700000;4,5911320000;
202100037482.0;1;71;71267;2;3;1.0;2.0;46,4929640000;4,8261850000;
202100037483.0;1;89;89147;2;3;1.0;1.0;47,7557640000;3,2506150000;
202100037484.0;1;61;61297;1;1;1.0;6.0;48,6692630000;0,4815640000;
202100037485.0;1;42;42224;1;1;1.0;7.0;45,3438834187;4,4435725585;
202100037486.0;1;46;46117;1;3;1.0;7.0;44,9477000000;1,8636850000;
202100037487.0;1;47;47269;1;1;1.0;1.0;44,1744710000;0,7523920000;
202100037488.0;1;34;34132;1;1;1.0;3.0;43,8077590000;3,2479190000;
202100037489.0;1;31;31561;2;6;1.0;1.0;43,6388380000;1,5013900000;
202100037490.0;1;03;03264;2;1;1.0;7.0;46,0678850000;3,4746090000;
202100037491.0;1;01;01373;1;1;7.0;6.0;46,1505840000;5,5618290000;
202100037492.0;1;58;58164;1;1;1.0;7.0;47,2218230000;3,0172440000;
202100037493.0;1;58;58151;2;1;1.0;3.0;46,8906600000;3,4669160000;
202100037494.0;1;66;66124;2;1;1.0;3.0;42,5061480000;2,0312850000;
202100037495.0;1;54;54242;1;2;7.0;4.0;48,6235490000;5,8914050000;
202100037496.0;5;06;06090;2;1;1.0;6.0;43,5843800000;6,9230480000;
202100037497.0;1;53;53007;1;4;1.0;7.0;48,0818420000; -0,6551240000;
202100037498.0;1;40;40287;1;1;1.0;5.0;44,4442290000; -1,0713390000;
202100037499.0;1;40;40273;2;3;1.0;3.0;43,5445980000; -1,3864550000;
202100037500.0;1;40;40264;1;1;1.0;3.0;43,6355940000; -1,2550110000;
202100037501.0;1;40;40100;1;1;1.0;3.0;43,9141870000; -0,2382450000;
202100037502.0;1;04;04122;1;1;1.0;1.0;44,0344190000;6,0868330000;
202100037503.0;1;27;27679;1;1;1.0;1.0;48,7216390000;0,8876820000;
202100037504.0;1;87;87144;1;3;1.0;3.0;45,6989070000;1,4533660000;
202100037505.0;1;37;37159;2;1;1.0;1.0;47,2858094677;0,6165231764;
202100037506.0;1;37;37083;1;1;1.0;1.0;47,2464619270;0,8556605328;
202100037507.0;1;88;88037;1;1;1.0;6.0;47,9947930000;6,7350700000;
202100037508.0;1;68;68375;2;1;1.0;3.0;47,7966200000;7,2408540000;
202100037509.0;1;988;98805;1;1;1.0;5.0; -22,2259380000;166,4616650000;
202100037510.0;1;34;34333;1;9;1.0;1.0;43,5032740000;3,7819470000;
202100037511.0;1;34;34255;1;1;7.0;1.0;43,7055540000;3,8188430000;
202100037512.0;1;06;06152;1;1;1.0;7.0;43,6116150000;7,0485610000;
202100037513.0;1;59;59377;1;1;1.0;6.0;50,1201930000;3,1555650000;
202100037514.0;3;69;69206;1;1;1.0;4.0;46,0651538801;4,7389838026;
202100037515.0;1;13;13001;1;1;1.0;3.0;43,5329780000;5,3717780000;
202100037516.0;3;987;98758;1;1;1.0;7.0; -16,7429830000; -151,4577900000;
202100037517.0;2;21;21515;2;6;1.0;6.0;47,3073680000;5,0969210000;
202100037518.0;1;28;28347;1;1;1.0;1.0;48,8398010000;1,5939400000;
202100037519.0;1;77;77192;1;2;1.0;3.0;48,6790180000;2,8351380000;
202100037520.0;1;2A;2A041;1;3;1.0;3.0;41,4070640000;9,1714920000;
202100037521.0;1;2A;2A215;2;1;1.0;3.0;41,4917550000;9,0545050000;
202100037522.0;1;66;66059;1;1;1.0;7.0;42,6183280000;2,9411390000;
202100037523.0;1;83;83108;1;3;1.0;3.0;43,3328120000;5,9920070000;
202100037524.0;1;13;13007;1;1;1.0;3.0;43,3403950000;5,6524010000;
202100037525.0;1;67;67263;1;1;1.0;7.0;49,0271340000;7,7324220000;
202100037526.0;1;57;57303;1;6;1.0;6.0;49,2220770000;6,1939150000;
202100037527.0;1;03;03235;1;1;1.0;2.0;46,2474490000;3,5175130000;
202100037528.0;1;44;44035;2;1;2.0;7.0;47,3279590000; -1,5623970000;
202100037529.0;5;69;69296;1;1;1.0;6.0;45,6434446849;4,8289190182;
202100037530.0;1;81;81099;2;9;1.0;3.0;43,8925520000;1,8807170000;
202100037531.0;1;22;22384;1;1;1.0;7.0;48,2895000000; -2,8517300000;
202100037532.0;1;22;22376;1;1;1.0;2.0;48,2202760000; -2,7677000000;
202100037533.0;1;27;27072;2;9;1.0;3.0;49,1049850000;1,5264670000;
202100037534.0;1;80;80499;1;2;1.0;3.0;49,7469180000;2,4739190000;
202100037535.0;1;13;13071;1;1;1.0;2.0;43,4119200000;5,3640800000;
202100037536.0;1;13;13055;1;1;1.0;4.0;43,3018400000;5,4252760000;
202100037537.0;1;13;13117;1;1;1.0;2.0;43,4502100000;5,2392800000;
202100037538.0;1;13;13215;1;1;1.0;5.0;43,3478900000;5,3711700000;
202100037539.0;1;13;13055;1;1;1.0;2.0;43,2935751460;5,4244351387;
202100037540.0;1;69;69029;1;9;1.0;3.0;45,7350106074;4,9019972384;
202100037541.0;1;69;69125;1;1;1.0;3.0;45,8811380000;4,7387814000;
202100037542.0;1;69;69040;1;1;1.0;4.0;45,8021000000;4,7724900000;
202100037543.0;1;69;69029;1;1;1.0;2.0;45,7443200000;4,9060400000;
202100037544.0;1;33;33397;1;1;1.0;6.0;44,8942280000; -0,4984060000;
202100037545.0;1;91;91228;1;1;1.0;2.0;48,6213500000;2,4241600000;
202100037546.0;5;94;94003;1;1;1.0;6.0;48,8016451608;2,3434246537;
202100037547.0;1;78;78133;1;1;1.0;4.0;48,8920120000;2,0089210000;
202100037548.0;1;93;93063;1;1;1.0;3.0;48,8735655467;2,4368776462;
202100037549.0;1;93;93005;1;1;1.0;2.0;48,9578000000;2,4626600000;
202100037550.0;1;93;93005;1;1;1.0;2.0;48,9609800000;2,4689000000;
202100037551.0;1;77;77146;1;1;1.0;6.0;48,8320400000;2,6514700000;
202100037552.0;1;64;64445;2;1;1.0;6.0;43,3226000000; -0,3795700000;
202100037553.0;1;54;54274;2;1;1.0;6.0;48,6728200336;6,2090339303;
202100037554.0;1;37;37261;2;1;1.0;6.0;47,3849891069;0,6909723804;
202100037555.0;1;32;32013;2;1;1.0;7.0;43,6666300000;0,5904800000;
202100037556.0;1;93;93051;2;1;1.0;6.0;48,8301600000;2,5835200000;
202100037557.0;5;988;98818;2;3;3.0;6.0; -22,2954000000;166,4426900000;
202100037558.0;1;973;97302;2;1;1.0;6.0;4,9351379707; -52,3273974979;
202100037559.0;1;973;97302;2;1;1.0;1.0;4,9315500000; -52,3265000000;
202100037560.0;5;69;69387;2;2;1.0;3.0;45,7472400000;4,8588300000;
202100037561.0;1;69;69387;2;2;1.0;3.0;45,7524000000;4,8443600000;
202100037562.0;1;69;69387;2;2;1.0;3.0;45,7374400000;4,8372600000;
202100037563.0;1;69;69387;2;1;1.0;6.0;45,7462963058;4,8419671655;
202100037564.0;1;69;69149;2;3;1.0;7.0;45,7198300000;4,7988100000;
202100037565.0;1;69;69389;2;1;1.0;3.0;45,7865000000;4,8081800000;
202100037566.0;1;91;91570;2;5;1.0;3.0;48,6381600000;2,3125500000;
202100037567.0;5;91;91421;2;7;1.0;3.0;48,6832900000;2,4901800000;
202100037568.0;1;91;91223;1;1;1.0;7.0;48,4457600000;2,1379800000;
202100037569.0;1;83;83069;2;1;1.0;6.0;43,1176671916;6,1242836723;
202100037570.0;1;83;83034;2;1;1.0;2.0;43,0927710000;6,0746570000;
202100037571.0;1;79;79191;2;3;1.0;3.0;46,3268100000; -0,4504900000;
202100037572.0;1;78;78350;2;1;1.0;2.0;48,8728720000;2,1216170000;
202100037573.0;1;76;76575;2;2;1.0;3.0;49,3810300000;1,1074500000;
202100037574.0;1;76;76565;1;3;1.0;2.0;49,8889200000;1,0840100000;
202100037575.0;5;72;72181;2;1;1.0;6.0;47,9838500000;0,2033600000;
202100037576.0;1;72;72181;2;1;1.0;3.0;47,9986200000;0,2135700000;
202100037577.0;1;71;71486;1;1;1.0;3.0;46,6443800000;4,3330200000;
202100037578.0;2;69;69290;2;3;1.0;4.0;45,7034400000;4,9146700000;
202100037579.0;1;69;69256;2;1;1.0;3.0;45,7784200000;4,9187600000;
202100037580.0;1;69;69256;2;1;1.0;6.0;45,7774500000;4,9191900000;
202100037581.0;2;64;64132;2;3;1.0;3.0;43,2873600000; -0,3512900000;
202100037582.0;1;64;64445;2;1;1.0;1.0;43,3072100000; -0,3361100000;
202100037583.0;1;64;64102;2;9;1.0;3.0;43,4993300000; -1,4892100000;
202100037584.0;1;63;63113;2;8;1.0;3.0;45,8058600000;3,1067200000;
202100037585.0;1;57;57463;2;2;1.0;1.0;49,1251200000;6,1644800000;
202100037586.0;1;57;57606;2;1;1.0;6.0;49,1052100000;6,7066000000;
202100037587.0;1;54;54395;2;1;1.0;3.0;48,6900441761;6,1718239893;
202100037588.0;1;54;54395;2;1;1.0;3.0;48,6794860433;6,1762046505;
202100037589.0;1;51;51454;2;3;1.0;1.0;49,2653625390;4,0447905681;
202100037590.0;1;37;37214;2;2;1.0;6.0;47,4115415477;0,6755753607;
202100037591.0;1;37;37261;2;6;1.0;6.0;47,4304138324;0,6731440723;
202100037592.0;1;33;33318;2;2;1.0;6.0;44,8060300000; -0,6324400000;
202100037593.0;1;33;33063;2;1;2.0;3.0;44,8430000000; -0,5732600000;
202100037594.0;1;33;33063;2;2;1.0;3.0;44,8603490000; -0,5536440000;
202100037595.0;1;33;33529;1;1;1.0;7.0;44,5776500000; -1,1299100000;
202100037596.0;1;25;25056;2;9;1.0;3.0;47,2399600000;6,0150600000;
202100037597.0;1;13;13212;2;1;1.0;7.0;43,2968476834;5,4428048462;
202100037598.0;1;13;13201;2;1;1.0;2.0;43,2947000000;5,3745900000;
202100037599.0;1;13;13212;2;3;1.0;2.0;43,2992050000;5,4303340000;
202100037600.0;1;06;06069;1;1;1.0;7.0;43,6524480000;6,9518610000;
202100037601.0;1;75;75116;2;1;1.0;4.0;48,8572460000;2,2584890000;
202100037602.0;1;75;75116;2;4;1.0;3.0;48,8643460000;2,2357840000;
202100037603.0;1;75;75120;2;2;1.0;3.0;48,8646630000;2,4046340000;
202100037604.0;1;75;75120;2;2;1.0;3.0;48,8646830000;2,4041450000;
202100037605.0;1;75;75120;2;3;1.0;3.0;48,8749380000;2,3889250000;
202100037606.0;1;75;75119;2;3;1.0;7.0;48,8873470000;2,3728690000;
202100037607.0;1;75;75119;2;2;1.0;3.0;48,8896960000;2,3681290000;
202100037608.0;1;75;75119;2;3;1.0;3.0;48,8873310000;2,3670620000;
202100037609.0;1;75;75117;2;1;1.0;3.0;48,8845510000;2,3060560000;
202100037610.0;1;75;75117;2;2;1.0;3.0;48,8856540000;2,2916030000;
202100037611.0;5;75;75116;2;7;1.0;3.0;48,8639220000;2,2904640000;
202100037612.0;1;75;75116;2;4;1.0;1.0;48,8645180000;2,2665120000;
202100037613.0;1;75;75116;2;3;1.0;4.0;48,8668920000;2,2718120000;
202100037614.0;5;75;75115;2;1;1.0;6.0;48,8547350000;2,2890250000;
202100037615.0;1;75;75114;2;2;1.0;6.0;48,8302010000;2,3348940000;
202100037616.0;5;75;75114;2;1;1.0;6.0;48,8259660000;2,3224960000;
202100037617.0;1;75;75110;2;7;1.0;5.0;48,8712770000;2,3605500000;
202100037618.0;1;75;75108;2;2;1.0;3.0;48,8684140000;2,3011660000;
202100037619.0;1;75;75108;2;2;1.0;3.0;48,8702130000;2,3110500000;
202100037620.0;1;75;75107;2;3;1.0;6.0;48,8524100000;2,3265740000;
202100037621.0;4;75;75104;2;1;1.0;2.0;48,8580390000;2,3517520000;
202100037622.0;1;75;75101;2;3;1.0;7.0;48,8624710000;2,3504410000;
202100037623.0;1;75;75102;2;2;1.0;7.0;48,8670320000;2,3529740000;
202100037624.0;1;94;94041;2;2;1.0;3.0;48,8195800000;2,3980500000;
202100037625.0;1;94;94011;2;1;1.0;6.0;48,7612151580;2,4966752529;
202100037626.0;1;94;94077;2;2;1.0;3.0;48,7404500000;2,4251100000;
202100037627.0;1;94;94022;2;1;1.0;2.0;48,7668500000;2,4141800000;
202100037628.0;1;94;94017;2;3;1.0;6.0;48,8138090000;2,5102630000;
202100037629.0;1;94;94071;2;3;1.0;3.0;48,7705100000;2,5058000000;
202100037630.0;2;94;94002;2;3;1.0;3.0;48,8062900000;2,4185000000;
202100037631.0;1;93;93078;2;6;1.0;3.0;48,9745500000;2,5089300000;
202100037632.0;1;93;93073;2;2;1.0;1.0;48,9398400000;2,5880200000;
202100037633.0;1;93;93066;2;2;1.0;5.0;48,9421300000;2,3770940000;
202100037634.0;1;93;93051;2;9;1.0;1.0;48,8376500000;2,5432600000;
202100037635.0;1;93;93048;2;1;1.0;6.0;48,8769139428;2,4648749828;
202100037636.0;1;93;93046;2;3;1.0;5.0;48,9090724891;2,5217378139;
202100037637.0;1;93;93063;2;6;1.0;6.0;48,8765300000;2,4411400000;
202100037638.0;5;93;93032;2;2;1.0;1.0;48,8769100000;2,5492100000;
202100037639.0;1;93;93031;2;1;1.0;4.0;48,9637100000;2,2979590000;
202100037640.0;1;37;37082;1;1;1.0;6.0;47,4048331443;0,2240717411;
202100037641.0;1;2A;2A272;1;1;1.0;7.0;41,6160840000;8,9547160000;
202100037642.0;1;91;91235;2;2;1.0;1.0;48,6417460000;2,3630690000;
202100037643.0;1;71;71521;1;3;1.0;1.0;46,5498300000;4,5650880000;
202100037644.0;1;36;36093;2;1;1.0;6.0;46,9731980000;1,6137580000;
202100037645.0;2;69;69280;2;1;1.0;7.0;45,8010660000;5,0879840000;
202100037646.0;1;59;59462;2;6;1.0;2.0;50,5169950000;3,0178980000;
202100037647.0;1;79;79150;2;2;1.0;3.0;46,1376310000;0,1784310000;
202100037648.0;3;72;72058;2;1;1.0;6.0;47,9779100000;0,3014450000;
202100037649.0;1;62;62490;1;2;1.0;3.0;50,3114540000;2,5769810000;
202100037650.0;1;56;56168;1;1;1.0;1.0;47,5988780000; -3,1272520000;
202100037651.0;2;76;76709;2;1;1.0;7.0;49,4820990000;0,8115570000;
202100037652.0;1;76;76360;1;1;1.0;6.0;49,7461000000;1,1146600000;
202100037653.0;1;80;80815;2;1;1.0;6.0;50,3170040000;1,7630370000;
202100037654.0;1;80;80799;1;1;1.0;6.0;49,8667110000;2,4875180000;
202100037655.0;1;69;69070;2;1;1.0;1.0;46,0157661709;4,3767351356;
202100037656.0;3;71;71015;2;1;1.0;1.0;46,9492700000;4,4046970000;
202100037657.0;2;63;63086;1;1;1.0;1.0;45,6448510000;3,6302950000;
202100037658.0;1;76;76207;1;1;1.0;7.0;49,9425490000;1,3730550000;
202100037659.0;1;47;47195;1;2;1.0;3.0;44,1252940445;0,3041138652;
202100037660.0;1;34;34130;1;1;1.0;5.0;43,5014060000;3,1892970000;
202100037661.0;2;68;68338;1;1;1.0;1.0;48,0756850000;7,2972390000;
202100037662.0;1;39;39350;1;1;1.0;3.0;47,0353280000;5,6363790000;
202100037663.0;1;29;29259;1;1;1.0;1.0;48,6959740000; -4,0076490000;
202100037664.0;1;29;29167;1;3;1.0;3.0;47,9961360000; -4,2544450000;
202100037665.0;1;31;31375;1;1;1.0;6.0;43,2236130000;1,2125950000;
202100037666.0;1;31;31160;2;1;1.0;6.0;43,6899820000;1,2697010000;
202100037667.0;1;02;02321;2;1;1.0;6.0;49,8325780000;3,8897400000;
202100037668.0;1;03;03272;1;1;1.0;1.0;46,2851270000;3,5938170000;
202100037669.0;1;58;58151;2;1;1.0;6.0;46,8894320000;3,4664040000;
202100037670.0;1;72;72230;1;2;1.0;3.0;47,8451990000;0,1297970000;
202100037671.0;1;83;83026;1;1;1.0;5.0;43,4527010000;6,2141850000;
202100037672.0;3;64;64233;1;1;1.0;7.0;43,5670210000; -0,2626740000;
202100037673.0;1;73;73298;2;6;1.0;3.0;45,6527480000;6,4375050000;
202100037674.0;2;36;36127;2;1;1.0;2.0;46,5858990000;1,9934180000;
202100037675.0;1;07;07115;1;1;1.0;6.0;44,4775240000;4,3333120000;
202100037676.0;1;07;07130;1;1;1.0;3.0;44,7240520000;4,0050420000;
202100037677.0;1;07;07278;1;1;1.0;7.0;44,8285590000;4,6007820000;
202100037678.0;1;40;40058;1;1;1.0;7.0;44,0776120000; -0,4418350000;
202100037679.0;1;04;04163;1;1;1.0;6.0;44,1097130000;5,5121970000;
202100037680.0;1;04;04022;1;1;1.0;6.0;43,9601040000;6,3429600000;
202100037681.0;2;23;23202;1;1;1.0;7.0;46,0172160000;1,8874810000;
202100037682.0;1;30;30094;1;1;8.0;3.0;44,0722010000;3,9556150000;
202100037683.0;1;48;48092;1;3;1.0;3.0;44,5685410000;3,2917620000;
202100037684.0;1;08;08185;1;1;1.0;7.0;49,9876630000;4,6782930000;
202100037685.0;1;88;88238;2;1;1.0;7.0;48,0525950000;6,1139490000;
202100037686.0;1;31;31220;1;1;1.0;7.0;43,3086490000;1,6514100000;
202100037687.0;3;06;06104;1;1;5.0;3.0;43,7608430000;7,4460700000;
202100037688.0;5;68;68278;2;1;1.0;6.0;47,7650848066;7,3901912570;
202100037689.0;1;974;97415;2;1;1.0;6.0; -21,0510460000;55,2244200000;
202100037690.0;3;971;97102;1;1;1.0;1.0;16,4430000000; -61,4270070000;
202100037691.0;1;37;37236;2;1;1.0;2.0;47,4075170802;1,0454566777;
202100037692.0;1;45;45144;1;1;8.0;6.0;47,8191920000;2,1298460000;
202100037693.0;1;77;77005;1;1;1.0;1.0;48,9223550000;2,7242020000;
202100037694.0;1;77;77183;2;1;1.0;6.0;48,9397570000;3,1346390000;
202100037695.0;1;2B;2B314;1;1;1.0;7.0;42,6645610000;9,2110870000;
202100037696.0;3;2A;2A288;1;1;1.0;6.0;41,5711590000;9,1851340000;
202100037697.0;1;34;34045;1;1;1.0;7.0;43,5582560000;3,3800320000;
202100037698.0;1;83;83068;2;1;1.0;3.0;43,2860060000;6,5995220000;
202100037699.0;1;13;13023;1;1;1.0;1.0;43,2260610000;5,6484600000;
202100037700.0;1;25;25047;2;1;1.0;6.0;47,3510430000;6,3482740000;
202100037701.0;1;68;68171;1;1;1.0;3.0;47,9434620000;6,9800920000;
202100037702.0;1;68;68246;1;1;1.0;1.0;47,9890580000;7,5358490000;
202100037703.0;1;26;26313;2;1;1.0;7.0;44,9739710000;4,9493300000;
202100037704.0;2;26;26313;2;1;1.0;3.0;44,9710830000;4,9554880000;
202100037705.0;1;26;26016;1;1;1.0;6.0;44,3834550000;5,1717930000;
202100037706.0;1;26;26235;2;1;1.0;3.0;44,3682360000;4,7064510000;
202100037707.0;2;16;16138;2;2;1.0;3.0;45,6679650000;0,0945210000;
202100037708.0;1;22;22168;2;1;1.0;7.0;48,8047220000; -3,4746190000;
202100037709.0;1;27;27517;1;1;1.0;3.0;49,1242190000;1,3104410000;
202100037710.0;1;76;76657;1;2;1.0;3.0;49,4843020000;0,3574870000;
202100037711.0;1;80;80220;1;3;1.0;3.0;49,6655450000;2,5628610000;
202100037712.0;5;59;59412;2;1;1.0;6.0;50,1211110000;3,5425060000;
202100037713.0;3;13;13203;1;1;1.0;2.0;43,3174100000;5,3773000000;
202100037714.0;1;13;13202;1;1;1.0;2.0;43,3020414187;5,3644457235;
202100037715.0;1;13;13070;1;1;1.0;3.0;43,2859620000;5,5114860000;
202100037716.0;5;13;13055;1;1;1.0;2.0;43,3299200000;5,3930030000;
202100037717.0;1;69;69286;1;1;1.0;4.0;45,8087501766;4,9182754755;
202100037718.0;1;91;91161;1;1;1.0;3.0;48,7213900000;2,3107800000;
202100037719.0;1;94;94021;1;1;1.0;6.0;48,7671160000;2,3436510000;
202100037720.0;1;92;92064;1;1;1.0;2.0;48,8395449611;2,2033800821;
202100037721.0;1;93;93048;1;1;1.0;6.0;48,8621700000;2,4833100000;
202100037722.0;3;95;95365;1;1;1.0;6.0;49,0658100000;2,4057600000;
202100037723.0;1;93;93027;1;1;1.0;4.0;48,9239300000;2,3873600000;
202100037724.0;3;77;77169;1;1;1.0;6.0;48,8300800000;2,6107800000;
202100037725.0;1;77;77337;1;1;1.0;6.0;48,8302763990;2,6124560490;
202100037726.0;3;94;94028;1;1;1.0;3.0;48,7962900000;2,4434200000;
202100037727.0;1;69;69382;2;1;1.0;6.0;45,7528611244;4,8315631896;
202100037728.0;1;73;73065;2;1;1.0;6.0;45,5892600000;5,9164800000;
202100037729.0;1;71;71076;2;1;1.0;6.0;46,7968400000;4,8641300000;
202100037730.0;2;84;84031;1;1;1.0;6.0;44,0474360000;5,0255720000;
202100037731.0;5;988;98818;2;1;1.0;7.0; -22,3033000000;166,4348000000;
202100037732.0;3;976;97611;1;1;1.0;2.0; -12,7938100000;45,2189300000;
202100037733.0;1;974;97407;2;2;1.0;3.0; -20,9588800000;55,3174300000;
202100037734.0;1;973;97302;2;1;1.0;7.0;4,9309192532; -52,3149572611;
202100037735.0;1;973;97302;2;1;1.0;3.0;4,9281700000; -52,2928500000;
202100037736.0;1;69;69387;2;3;1.0;3.0;45,7529800000;4,8378300000;
202100037737.0;1;69;69388;2;2;1.0;3.0;45,7330000000;4,8660100000;
202100037738.0;1;69;69259;2;1;1.0;6.0;45,7203854431;4,8543772101;
202100037739.0;1;69;69388;2;2;1.0;5.0;45,7433500000;4,8743000000;
202100037740.0;1;972;97209;1;1;1.0;7.0;14,6171900000; -61,0733700000;
202100037741.0;5;972;97209;2;1;2.0;7.0;14,6241500000; -61,0421700000;
202100037742.0;1;69;69382;2;3;1.0;3.0;45,7414600000;4,8196700000;
202100037743.0;1;69;69381;2;1;1.0;6.0;45,7666000000;4,8355000000;
202100037744.0;1;971;97107;2;9;1.0;3.0;16,0494600000; -61,5661400000;
202100037745.0;5;95;95585;2;9;1.0;3.0;48,9779100000;2,3853100000;
202100037746.0;5;95;95277;2;1;1.0;6.0;48,9866752083;2,4597000065;
202100037747.0;1;91;91425;1;1;1.0;5.0;48,6400000000;2,2700000000;
202100037748.0;1;91;91692;2;9;1.0;3.0;48,6838700000;2,1768400000;
202100037749.0;1;91;91223;1;1;1.0;6.0;48,4365000000;2,1646040000;
202100037750.0;1;87;87085;2;3;1.0;3.0;45,8473900000;1,2443400000;
202100037751.0;1;87;87065;1;2;1.0;1.0;45,7907600000;1,3054100000;
202100037752.0;1;87;87085;2;1;1.0;7.0;45,8278900000;1,2546700000;
202100037753.0;1;86;86157;2;1;1.0;4.0;46,5424700000;0,4162600000;
202100037754.0;1;86;86194;2;1;1.0;4.0;46,5740090000;0,3911400000;
202100037755.0;1;83;83137;2;1;1.0;3.0;43,1342100000;5,9016600000;
202100037756.0;1;78;78640;2;1;1.0;6.0;48,7801600000;2,1970100000;
202100037757.0;1;78;78545;2;1;1.0;6.0;48,7989890000;2,0724610000;
202100037758.0;1;77;77288;2;1;1.0;2.0;48,5358200000;2,6633690000;
202100037759.0;1;76;76231;2;3;1.0;3.0;49,2907620000;0,9612220000;
202100037760.0;1;76;76351;2;3;1.0;6.0;49,4908000000;0,1051000000;
202100037761.0;1;71;71270;2;1;1.0;3.0;46,3022500000;4,8302600000;
202100037762.0;1;69;69275;2;8;7.0;3.0;45,7724100000;4,9567400000;
202100037763.0;1;69;69256;2;1;1.0;1.0;45,7807200000;4,9115300000;
202100037764.0;1;69;69266;2;6;1.0;7.0;45,7582000000;4,8806000000;
202100037765.0;1;69;69256;2;3;1.0;3.0;45,7714400000;4,9083000000;
202100037766.0;1;67;67482;2;1;1.0;6.0;48,5640406399;7,7552675289;
202100037767.0;1;64;64445;2;2;1.0;2.0;43,3034300000; -0,3570500000;
202100037768.0;3;64;64122;2;2;1.0;3.0;43,4807700000; -1,5453400000;
202100037769.0;1;61;61001;2;1;1.0;6.0;48,4222900000;0,0901100000;
202100037770.0;2;60;60057;2;2;1.0;3.0;49,4175800000;2,0973100000;
202100037771.0;1;59;59599;2;1;1.0;3.0;50,7214850000;3,1704610000;
202100037772.0;1;59;59650;2;1;1.0;6.0;50,7028300000;3,1999200000;
202100037773.0;2;59;59350;2;3;1.0;6.0;50,6184523451;3,0328783393;
202100037774.0;1;57;57306;2;8;1.0;3.0;49,3308000000;6,0637600000;
202100037775.0;1;56;56107;2;1;1.0;1.0;47,7163900000; -3,3881900000;
202100037776.0;1;54;54339;2;1;1.0;3.0;48,7065072264;6,1899241805;
202100037777.0;1;54;54328;2;4;1.0;2.0;48,6175500000;6,1794200000;
202100037778.0;1;51;51454;2;1;1.0;1.0;49,2616630518;4,0390285067;
202100037779.0;1;51;51172;2;1;1.0;3.0;49,2164800000;4,0480000000;
202100037780.0;1;51;51058;2;1;1.0;4.0;49,2137990000;4,0060480000;
202100037781.0;1;51;51454;2;3;1.0;3.0;49,2330269596;4,0674695785;
202100037782.0;1;51;51454;2;2;1.0;3.0;49,2593350000;4,0205370000;
202100037783.0;3;50;50203;1;1;1.0;6.0;49,6349000000; -1,5765000000;
202100037784.0;1;49;49328;2;1;1.0;3.0;47,2591430000; -0,0791050000;
202100037785.0;1;49;49007;2;2;1.0;3.0;47,4525220000; -0,5406200000;
202100037786.0;1;49;49007;2;1;1.0;6.0;47,4510500000; -0,5447400000;
202100037787.0;5;42;42099;1;3;1.0;3.0;45,3801952616;4,2730432749;
202100037788.0;1;37;37122;2;2;1.0;6.0;47,3559336180;0,6595885113;
202100037789.0;1;37;37208;2;1;1.0;7.0;47,3660723442;0,7212484780;
202100037790.0;1;37;37261;2;1;1.0;6.0;47,3926058456;0,6854524612;
202100037791.0;5;37;37261;2;5;1.0;7.0;47,4235605611;0,6980247989;
202100037792.0;1;37;37233;2;1;1.0;6.0;47,3802253616;0,7279914630;
202100037793.0;1;37;37261;2;1;1.0;2.0;47,3990999372;0,7000962496;
202100037794.0;1;37;37261;2;1;1.0;6.0;47,3882778068;0,6847160825;
202100037795.0;1;35;35238;2;1;1.0;3.0;48,1097909515; -1,6840506238;
202100037796.0;1;35;35238;2;1;1.0;6.0;48,1237200000; -1,6847100000;
202100037797.0;1;34;34129;1;1;1.0;6.0;43,5863700000;3,9082500000;
202100037798.0;1;33;33063;2;7;1.0;6.0;44,8596200000; -0,5818400000;
202100037799.0;1;33;33063;2;3;1.0;3.0;44,8336500000; -0,6061200000;
202100037800.0;1;33;33039;2;3;1.0;3.0;44,7957370000; -0,5372030000;
202100037801.0;1;33;33522;2;1;1.0;2.0;44,8012246822; -0,5971657396;