Num_Acc;lum;departement;commune;agglomeration;intersection;meteo;type_collision;lat;long;date
202100037802.0;1;30;30243;2;1;1.0;6.0;44,0906500000;4,0786000000;
202100037803.0;1;29;29039;2;1;1.0;6.0;47,8759100000; -3,9142000000;
202100037804.0;1;27;27306;2;9;1.0;3.0;49,0138400000;1,1752200000;
202100037805.0;1;24;24037;2;1;1.0;2.0;44,8433000000;0,4956900000;
202100037806.0;1;24;24140;1;1;1.0;2.0;44,8396900000;0,5327000000;
202100037807.0;1;14;14118;2;3;1.0;3.0;49,2060100000; -0,3616280000;
202100037808.0;1;14;14181;2;1;1.0;3.0;49,1536000000; -0,3283000000;
202100037809.0;1;13;13201;2;1;1.0;6.0;43,2985000000;5,3730000000;
202100037810.0;1;13;13214;2;1;1.0;2.0;43,3297300000;5,3680900000;
202100037811.0;1;13;13209;2;1;1.0;3.0;43,2724794344;5,4002255201;
202100037812.0;1;13;13215;2;1;1.0;2.0;43,3205600000;5,3675600000;
202100037813.0;1;13;13215;2;1;1.0;2.0;43,3403600000;5,3535900000;
202100037814.0;1;13;13213;2;2;1.0;3.0;43,3263500000;5,4215200000;
202100037815.0;1;13;13005;2;6;1.0;3.0;43,2838600000;5,5935900000;
202100037816.0;3;11;11262;2;1;1.0;6.0;43,1680460000;2,9831990000;
202100037817.0;1;11;11069;1;6;1.0;3.0;43,2335200000;2,3674000000;
202100037818.0;1;10;10387;2;1;1.0;6.0;48,3004379100;4,0661060000;
202100037819.0;2;06;06104;1;1;1.0;1.0;43,7568460000;7,4427470000;
202100037820.0;1;06;06004;2;9;1.0;1.0;43,6129280000;7,1245100000;
202100037821.0;1;05;05061;1;1;1.0;7.0;44,5573700000;6,1193900000;
202100037822.0;1;05;05061;1;1;1.0;4.0;44,5704600000;6,1050500000;
202100037823.0;1;05;05061;1;1;1.0;3.0;44,5321420000;6,0408960000;
202100037824.0;1;04;04070;2;1;1.0;1.0;44,0799100000;6,2170300000;
202100037825.0;1;03;03101;1;1;1.0;1.0;46,3384300000;2,5349000000;
202100037826.0;1;75;75117;2;1;1.0;7.0;48,8950310000;2,3065890000;
202100037827.0;5;75;75106;2;2;1.0;1.0;48,8528820000;2,3369990000;
202100037828.0;1;75;75120;2;4;1.0;3.0;48,8630430000;2,3880160000;
202100037829.0;1;75;75119;2;2;1.0;3.0;48,8840320000;2,3688410000;
202100037830.0;1;75;75118;2;3;1.0;3.0;48,8978120000;2,3334890000;
202100037831.0;1;75;75118;2;1;1.0;6.0;48,8976480000;2,3304160000;
202100037832.0;1;75;75117;2;7;1.0;7.0;48,8802790000;2,3083090000;
202100037833.0;2;75;75117;2;2;1.0;6.0;48,8819450000;2,3135570000;
202100037834.0;1;75;75116;2;1;1.0;2.0;48,8706650000;2,2593770000;
202100037835.0;1;75;75116;2;1;1.0;3.0;48,8682510000;2,2729940000;
202100037836.0;1;75;75106;2;3;1.0;3.0;48,8428700000;2,3271780000;
202100037837.0;1;75;75114;2;1;1.0;6.0;48,8394970000;2,3219070000;
202100037838.0;5;75;75114;2;1;1.0;6.0;48,8220150000;2,3156290000;
202100037839.0;1;75;75112;2;1;1.0;3.0;48,8173930000;2,4571730000;
202100037840.0;5;75;75111;2;1;1.0;3.0;48,8582080000;2,3775520000;
202100037841.0;1;75;75109;2;1;1.0;3.0;48,8772330000;2,3451900000;
202100037842.0;5;75;75109;2;4;1.0;3.0;48,8725940000;2,3358360000;
202100037843.0;1;94;94081;2;1;1.0;6.0;48,8034800000;2,3775100000;
202100037844.0;3;94;94081;2;1;1.0;6.0;48,7778000000;2,3764900000;
202100037845.0;1;94;94081;2;1;1.0;6.0;48,7815000000;2,3818900000;
202100037846.0;5;94;94076;2;3;1.0;1.0;48,7846160000;2,3545770000;
202100037847.0;1;94;94016;2;1;1.0;6.0;48,7977300000;2,3432700000;
202100037848.0;1;94;94041;2;2;1.0;3.0;48,8214300000;2,3941600000;
202100037849.0;5;94;94081;2;1;1.0;1.0;48,7908900000;2,4022900000;
202100037850.0;1;94;94038;2;3;1.0;3.0;48,7657500000;2,3278800000;
202100037851.0;2;94;94021;2;1;1.0;6.0;48,7632310000;2,3584960000;
202100037852.0;1;94;94028;2;9;1.0;2.0;48,7674000000;2,4673000000;
202100037853.0;1;94;94028;2;1;1.0;6.0;48,7759620000;2,4351530000;
202100037854.0;1;94;94022;2;2;1.0;1.0;48,7736900000;2,4224100000;
202100037855.0;1;94;94079;2;1;1.0;3.0;48,8348600000;2,5430000000;
202100037856.0;2;94;94004;2;1;1.0;6.0;48,7560900000;2,4984150000;
202100037857.0;1;93;93070;2;2;1.0;3.0;48,9054700000;2,3440500000;
202100037858.0;1;93;93051;2;3;1.0;7.0;48,8376100000;2,5431400000;
202100037859.0;1;93;93046;2;1;1.0;6.0;48,9208378572;2,5407407283;
202100037860.0;1;93;93063;2;6;1.0;2.0;48,8764900000;2,4411600000;
202100037861.0;1;93;93032;2;3;1.0;3.0;48,8949930000;2,5428330000;
202100037862.0;4;93;93031;2;3;1.0;2.0;48,9522600000;2,3073400000;
202100037863.0;1;93;93029;2;4;1.0;2.0;48,9183400000;2,4359100000;
202100037864.0;2;93;93057;2;1;1.0;7.0;48,9069770000;2,4976370000;
202100037865.0;1;93;93008;2;9;1.0;3.0;48,9090619112;2,4490579963;
202100037866.0;5;93;93053;2;9;1.0;3.0;48,8867600000;2,4703400000;
202100037867.0;5;92;92073;2;1;1.0;6.0;48,8680704714;2,2225134386;
202100037868.0;1;92;92072;2;4;1.0;6.0;48,8233927569;2,2206920385;
202100037869.0;1;92;92026;2;1;1.0;2.0;48,8909054051;2,2412806749;
202100037870.0;1;92;92062;2;1;1.0;3.0;48,8789000000;2,2418800000;
202100037871.0;1;92;92051;2;1;1.0;3.0;48,8818900000;2,2687200000;
202100037872.0;1;92;92035;2;6;1.0;2.0;48,9072460637;2,2415381670;
202100037873.0;1;92;92025;2;3;1.0;2.0;48,9091982417;2,2375886142;
202100037874.0;1;92;92012;2;6;1.0;6.0;48,8336439700;2,2438398376;
202100037875.0;1;92;92004;2;1;8.0;2.0;48,9135600000;2,3106900000;
202100037876.0;5;54;54351;2;1;1.0;6.0;48,8069570000;6,1143280000;
202100037877.0;1;38;38019;1;1;1.0;4.0;45,4341240000;4,8184810000;
202100037878.0;1;68;68112;2;1;1.0;6.0;47,9023580000;7,2298410000;
202100037879.0;1;17;17172;1;2;1.0;3.0;45,5796850000; -0,6754020000;
202100037880.0;1;42;42145;1;1;7.0;1.0;45,9998270000;4,2415430000;
202100037881.0;1;974;97412;2;1;1.0;3.0; -21,3792660000;55,6240400000;
202100037882.0;1;86;86070;1;1;1.0;6.0;46,5130800000;0,6894560000;
202100037883.0;1;38;38133;2;1;1.0;6.0;45,3521640000;5,6056340000;
202100037884.0;1;83;83070;1;1;1.0;2.0;43,1499430000;6,4146160000;
202100037885.0;3;83;83047;1;1;1.0;3.0;43,1310410000;6,0630690000;
202100037886.0;1;51;51413;1;1;1.0;3.0;48,9886807934;4,0296092788;
202100037887.0;1;19;19250;1;1;1.0;6.0;45,4993090000;1,5228620000;
202100037888.0;1;2B;2B207;1;1;1.0;1.0;42,4460630000;9,4730470000;
202100037889.0;1;80;80136;1;1;1.0;6.0;49,9549960000;2,7075830000;
202100037890.0;1;65;65473;1;1;1.0;2.0;42,9539060000; -0,0649950000;
202100037891.0;1;65;65452;2;2;1.0;1.0;43,3187850000;0,3675160000;
202100037892.0;1;81;81101;2;7;1.0;7.0;44,0105880000;2,1672840000;
202100037893.0;1;71;71014;1;3;1.0;2.0;46,9480680000;4,3433190000;
202100037894.0;1;12;12145;1;1;8.0;6.0;44,0207110000;3,1477870000;
202100037895.0;2;42;42228;1;1;1.0;1.0;45,5675120000;4,1043480000;
202100037896.0;1;41;41176;1;9;1.0;1.0;47,5663960000;2,1115260000;
202100037897.0;1;34;34101;1;6;1.0;3.0;43,3613750000;3,4876580000;
202100037898.0;2;34;34144;1;8;1.0;7.0;43,7031740000;3,1783180000;
202100037899.0;1;39;39470;1;1;1.0;7.0;46,4868340000;6,0796920000;
202100037900.0;2;44;44100;1;2;1.0;3.0;47,1137290000; -1,3499240000;
202100037901.0;1;29;29113;2;3;1.0;3.0;48,6403880000; -3,7204710000;
202100037902.0;1;29;29003;1;1;1.0;7.0;48,0328070000; -4,5698250000;
202100037903.0;1;15;15215;1;1;1.0;2.0;44,9768100000;2,5192490000;
202100037904.0;1;15;15211;1;1;1.0;7.0;45,0184840000;2,1952810000;
202100037905.0;2;01;01374;1;2;1.0;3.0;46,1186089680;5,2973377192;
202100037906.0;1;06;06105;2;1;1.0;5.0;43,6624010000;7,0629280000;
202100037907.0;1;14;14520;1;3;1.0;3.0;49,1561480000;0,1450160000;
202100037908.0;1;83;83012;1;1;1.0;7.0;43,5503210000;6,0002950000;
202100037909.0;1;60;60595;1;1;1.0;7.0;49,4806730000;2,4245880000;
202100037910.0;5;10;10437;2;9;1.0;1.0;48,1445920000;4,2997690000;
202100037911.0;1;07;07080;1;1;1.0;1.0;45,0619420000;4,4292230000;
202100037912.0;1;07;07289;1;1;1.0;2.0;44,6349520000;4,4235210000;
202100037913.0;3;85;85288;2;1;1.0;7.0;46,4538680000; -1,7105050000;
202100037914.0;1;85;85255;2;1;1.0;6.0;46,3546380000; -1,2477680000;
202100037915.0;1;87;87128;1;1;1.0;7.0;46,0841260000;1,2214570000;
202100037916.0;1;48;48176;1;1;1.0;6.0;44,1915590000;3,2361600000;
202100037917.0;1;52;52230;1;9;1.0;3.0;48,3213460000;5,1199990000;
202100037918.0;1;08;08363;2;1;1.0;6.0;49,9432220000;4,6329580000;
202100037919.0;3;973;97307;1;1;1.0;2.0;4,8157730000; -52,3500250000;
202100037920.0;3;973;97309;2;1;8.0;1.0;4,8822970000; -52,2756110000;
202100037921.0;1;06;06083;1;9;1.0;4.0;43,7970190000;7,4814960000;
202100037922.0;1;971;97114;1;1;1.0;6.0;16,1304990000; -61,5875640000;
202100037923.0;3;78;78206;1;1;1.0;1.0;48,9591270000;1,9253150000;
202100037924.0;1;34;34238;1;1;1.0;7.0;43,8479300000;3,6463450000;
202100037925.0;1;84;84138;2;3;1.0;6.0;44,3719070000;4,9661800000;
202100037926.0;1;71;71526;2;1;1.0;7.0;46,2965510000;4,7133060000;
202100037927.0;2;21;21106;1;2;1.0;3.0;47,2405360000;5,1041580000;
202100037928.0;1;55;55435;2;3;1.0;7.0;48,7414460000;5,0349350000;
202100037929.0;1;57;57058;1;3;1.0;3.0;49,1582800000;6,9648730000;
202100037930.0;1;03;03054;1;3;1.0;3.0;46,4923650000;3,5165690000;
202100037931.0;1;63;63470;1;1;1.0;2.0;45,8705290000;3,0257250000;
202100037932.0;1;42;42094;1;1;1.0;6.0;45,7241210000;4,2220760000;
202100037933.0;1;38;38067;1;1;1.0;3.0;45,6801500000;5,1684500000;
202100037934.0;2;26;26347;2;4;1.0;3.0;45,0686710000;4,8417090000;
202100037935.0;2;26;26085;1;1;1.0;6.0;44,5124060000;4,7225550000;
202100037936.0;3;49;49194;1;1;1.0;7.0;47,4745415305; -0,2709042946;
202100037937.0;1;29;29181;1;2;1.0;3.0;48,4638910000; -4,2289530000;
202100037938.0;1;22;22093;1;3;1.0;3.0;48,4849620000; -2,4605030000;
202100037939.0;1;27;27568;1;1;1.0;7.0;48,9650400000;0,8659140000;
202100037940.0;1;59;59250;1;1;1.0;6.0;50,5811040000;2,8891150000;
202100037941.0;1;13;13211;1;1;1.0;4.0;43,2873600000;5,4390700000;
202100037942.0;3;83;83137;1;1;1.0;2.0;43,1293300000;5,9775380000;
202100037943.0;1;59;59350;1;1;1.0;6.0;50,6179213769;3,0819225311;
202100037944.0;1;59;59426;1;1;1.0;2.0;50,7540610000;3,1482570000;
202100037945.0;1;94;94034;1;1;1.0;2.0;48,7595500000;2,3222900000;
202100037946.0;1;91;91659;1;1;1.0;3.0;48,5906500000;2,4462800000;
202100037947.0;1;78;78206;1;1;1.0;2.0;48,9550420000;1,9381430000;
202100037948.0;1;93;93064;1;1;1.0;2.0;48,8679600000;2,4818800000;
202100037949.0;1;93;93007;1;1;1.0;5.0;48,9445900000;2,4383000000;
202100037950.0;1;77;77514;1;1;1.0;3.0;48,9386100000;2,6281300000;
202100037951.0;2;52;52448;2;1;8.0;6.0;48,6434700000;4,9682600000;
202100037952.0;2;17;17300;2;2;1.0;3.0;46,1711900000; -1,1229900000;
202100037953.0;4;93;93050;2;1;1.0;1.0;48,8540200000;2,5324100000;
202100037954.0;1;988;98818;2;3;1.0;2.0; -22,2800100000;166,4651500000;
202100037955.0;1;974;97411;2;1;1.0;2.0; -20,9019200000;55,4985600000;
202100037956.0;1;974;97411;2;1;1.0;7.0; -20,9045000000;55,4910000000;
202100037957.0;1;973;97302;2;9;2.0;2.0;4,9303502349; -52,3140928746;
202100037958.0;1;973;97302;2;9;1.0;3.0;4,9433600000; -52,3064700000;
202100037959.0;1;973;97302;2;6;2.0;3.0;4,9249800000; -52,3236300000;
202100037960.0;1;69;69386;2;1;1.0;4.0;45,7639400000;4,8582400000;
202100037961.0;1;69;69388;2;1;1.0;6.0;45,7424745728;4,8645552993;
202100037962.0;1;69;69259;2;1;1.0;6.0;45,7162866664;4,9013417289;
202100037963.0;1;69;69259;2;1;1.0;6.0;45,6981100000;4,8862500000;
202100037964.0;1;972;97213;1;1;1.0;2.0;14,6201300000; -60,9938800000;
202100037965.0;1;972;97209;1;1;1.0;3.0;14,6191445947; -61,0443701708;
202100037966.0;1;69;69389;2;1;1.0;1.0;45,7762362847;4,7982896419;
202100037967.0;1;2B;2B033;2;1;1.0;3.0;42,6851100000;9,4450500000;
202100037968.0;5;95;95539;2;2;3.0;3.0;48,9916330000;2,3601460000;
202100037969.0;1;91;91097;2;9;1.0;2.0;48,6817700000;2,5354100000;
202100037970.0;1;87;87085;2;1;2.0;7.0;45,8416200000;1,2583900000;
202100037971.0;1;84;84007;1;1;1.0;3.0;43,9405900000;4,8063400000;
202100037972.0;1;83;83069;2;1;1.0;3.0;43,0930410000;6,1397750000;
202100037973.0;1;83;83069;1;1;1.0;3.0;43,0601320000;6,1470420000;
202100037974.0;1;80;80021;2;2;1.0;1.0;49,9128300000;2,2990100000;
202100037975.0;1;78;78551;1;1;1.0;2.0;48,9157700000;2,0661000000;
202100037976.0;1;78;78498;2;2;1.0;3.0;48,9255000000;2,0416300000;
202100037977.0;1;77;77131;2;1;1.0;3.0;48,8051400000;3,0848700000;
202100037978.0;5;76;76351;1;1;2.0;1.0;49,5047000000;0,1771400000;
202100037979.0;1;76;76217;2;1;1.0;6.0;49,9283400000;1,1037700000;
202100037980.0;1;73;73065;2;1;1.0;3.0;45,5703546899;5,9152953847;
202100037981.0;1;71;71076;1;1;1.0;6.0;46,8105900000;4,8526500000;
202100037982.0;1;71;71445;1;1;1.0;3.0;46,7725371694;4,8682812572;
202100037983.0;1;69;69266;2;1;1.0;6.0;45,7608085891;4,9071756228;
202100037984.0;5;69;69266;2;2;1.0;3.0;45,7661200000;4,8906200000;
202100037985.0;1;69;69115;2;6;1.0;3.0;45,9773012521;4,7077006102;
202100037986.0;2;69;69264;2;1;1.0;7.0;45,9836300000;4,7482100000;
202100037987.0;1;67;67482;2;1;2.0;7.0;48,5367000000;7,7709200000;
202100037988.0;1;65;65226;2;3;1.0;3.0;43,2401580000;0,0184800000;
202100037989.0;3;64;64483;2;9;1.0;6.0;43,3995000000; -1,6406900000;
202100037990.0;1;64;64545;2;9;1.0;3.0;43,3595800000; -1,6633500000;
202100037991.0;1;64;64348;1;1;1.0;2.0;43,3167000000; -0,3952100000;
202100037992.0;1;64;64348;2;1;1.0;3.0;43,3479000000; -0,3800400000;
202100037993.0;1;64;64102;2;3;1.0;3.0;43,4923600000; -1,4650000000;
202100037994.0;1;63;63113;2;4;1.0;2.0;45,7795700000;3,1158900000;
202100037995.0;1;63;63032;2;5;1.0;6.0;45,7532758993;3,0877860635;
202100037996.0;3;61;61497;1;1;1.0;7.0;48,4729500000;0,1053800000;
202100037997.0;1;59;59599;2;1;1.0;5.0;50,7377000000;3,1643700000;
202100037998.0;5;59;59368;2;4;1.0;6.0;50,6475590000;3,0719370000;
202100037999.0;1;49;49007;2;1;1.0;3.0;47,4650000000; -0,5571700000;
202100038000.0;1;49;49353;2;1;1.0;7.0;47,4456300000; -0,4874900000;
202100038001.0;1;45;45234;2;2;1.0;4.0;47,9039400000;1,9097300000;
202100038002.0;1;44;44184;2;1;1.0;3.0;47,2826100000; -2,2193800000;
202100038003.0;1;44;44109;2;1;1.0;3.0;47,2589700000; -1,5254100000;
202100038004.0;4;42;42207;2;4;2.0;3.0;45,4732011177;4,5162682502;
202100038005.0;1;42;42095;2;7;1.0;6.0;45,3865100000;4,2860400000;
202100038006.0;1;38;38185;2;1;1.0;6.0;45,1822000000;5,7387000000;
202100038007.0;1;37;37208;2;6;1.0;6.0;47,3419801871;0,7374315262;
202100038008.0;1;37;37261;2;1;8.0;6.0;47,3891300000;0,6893100000;
202100038009.0;1;35;35238;2;1;1.0;4.0;48,1052900000; -1,6505300000;
202100038010.0;1;35;35238;2;9;2.0;3.0;48,1286930000; -1,6983320000;
202100038011.0;1;34;34032;1;1;1.0;3.0;43,3136800000;3,2062800000;
202100038012.0;1;33;33281;2;2;1.0;3.0;44,8558700000; -0,6710800000;
202100038013.0;1;33;33063;2;2;1.0;3.0;44,8697300000; -0,5666200000;
202100038014.0;1;31;31069;2;1;1.0;7.0;43,6269400000;1,3983300000;
202100038015.0;1;31;31555;2;1;1.0;2.0;43,5696500000;1,4242300000;
202100038016.0;1;31;31555;2;1;1.0;3.0;43,6477100000;1,4221500000;
202100038017.0;1;31;31555;2;1;1.0;3.0;43,6139000000;1,4799500000;
202100038018.0;1;31;31555;2;1;1.0;6.0;43,6226000000;1,4051000000;
202100038019.0;1;30;30189;2;1;1.0;6.0;43,8320000000;4,3808000000;
202100038020.0;1;29;29232;1;1;1.0;7.0;47,9801000000; -4,1072900000;
202100038021.0;1;26;26198;2;1;1.0;3.0;44,5552650000;4,7520380000;
202100038022.0;1;18;18279;2;6;1.0;3.0;47,2248600000;2,0625100000;
202100038023.0;1;14;14167;2;1;1.0;1.0;49,1994100000; -0,2934400000;
202100038024.0;1;13;13117;2;1;1.0;3.0;43,4247000000;5,2778000000;
202100038025.0;1;13;13208;2;3;1.0;3.0;43,2462220000;5,3886040000;
202100038026.0;1;13;13211;2;1;1.0;3.0;43,2868290000;5,4313620000;
202100038027.0;1;13;13201;2;2;1.0;3.0;43,3013600000;5,3739300000;
202100038028.0;1;13;13204;2;1;1.0;3.0;43,2981300000;5,4011500000;
202100038029.0;1;13;13215;2;1;1.0;6.0;43,3302700000;5,3650600000;
202100038030.0;1;13;13214;2;1;1.0;3.0;43,3330140000;5,4035890000;
202100038031.0;1;13;13208;2;1;1.0;3.0;43,2332110000;5,3615900000;
202100038032.0;1;09;09013;1;1;1.0;4.0;42,9811800000;1,6233900000;
202100038033.0;1;01;01053;2;1;1.0;6.0;46,2058370000;5,2345760000;
202100038034.0;1;75;75113;2;1;1.0;4.0;48,8257910000;2,3865890000;
202100038035.0;1;75;75116;2;4;1.0;3.0;48,8409760000;2,2655080000;
202100038036.0;5;75;75116;2;2;1.0;3.0;48,8649880000;2,2343820000;
202100038037.0;1;75;75115;2;3;1.0;3.0;48,8343410000;2,3064640000;
202100038038.0;1;75;75112;2;1;1.0;6.0;48,8427980000;2,3982380000;
202100038039.0;1;75;75112;2;1;1.0;3.0;48,8179590000;2,4603560000;
202100038040.0;1;75;75111;2;1;1.0;3.0;48,8579150000;2,3679920000;
202100038041.0;1;75;75109;2;3;1.0;6.0;48,8747020000;2,3284460000;
202100038042.0;1;75;75109;2;7;1.0;3.0;48,8711520000;2,3323390000;
202100038043.0;1;75;75108;2;2;1.0;6.0;48,8756750000;2,3196150000;
202100038044.0;5;75;75105;2;2;1.0;7.0;48,8523560000;2,3482280000;
202100038045.0;1;75;75103;2;4;1.0;3.0;48,8663040000;2,3598040000;
202100038046.0;1;75;75103;2;2;1.0;3.0;48,8654610000;2,3561130000;
202100038047.0;1;94;94068;2;1;2.0;3.0;48,8018800000;2,4933600000;
202100038048.0;1;94;94068;2;3;1.0;6.0;48,8040000000;2,4873100000;
202100038049.0;2;94;94046;2;9;1.0;2.0;48,7967500000;2,4308800000;
202100038050.0;5;94;94043;2;1;1.0;3.0;48,8120000000;2,3613800000;
202100038051.0;1;94;94041;2;3;1.0;3.0;48,8140700000;2,3767100000;
202100038052.0;1;94;94034;2;3;1.0;3.0;48,7593700000;2,3327800000;
202100038053.0;1;94;94033;2;7;1.0;1.0;48,8437000000;2,4650000000;
202100038054.0;1;94;94017;2;1;1.0;3.0;48,8195200000;2,4868800000;
202100038055.0;5;93;93062;2;2;1.0;3.0;48,8968700000;2,5153300000;
202100038056.0;1;93;93051;2;1;1.0;6.0;48,8404500000;2,5504500000;
202100038057.0;1;93;93029;2;1;1.0;6.0;48,9217100000;2,4447400000;
202100038058.0;1;93;93057;2;3;1.0;3.0;48,9075181761;2,5129857659;
202100038059.0;1;93;93008;2;1;1.0;5.0;48,9097100000;2,4449900000;
202100038060.0;1;92;92064;2;1;1.0;3.0;48,8514600000;2,2130600000;
202100038061.0;2;92;92033;2;1;1.0;2.0;48,8392329714;2,1885131422;
202100038062.0;1;92;92063;2;2;1.0;3.0;48,8762818126;2,1857978404;
202100038063.0;1;92;92048;2;1;1.0;6.0;48,8188100000;2,2437800000;
202100038064.0;1;92;92036;2;3;1.0;3.0;48,9226650000;2,3206030000;
202100038065.0;5;92;92023;2;9;1.0;3.0;48,8134300000;2,2675400000;
202100038066.0;1;92;92012;2;1;1.0;3.0;48,8373327445;2,2356027347;
202100038067.0;5;92;92012;2;1;1.0;6.0;48,8334600000;2,2288100000;
202100038068.0;1;11;11303;1;1;7.0;6.0;42,9309130000;2,0526410000;
202100038069.0;1;67;67061;1;4;1.0;1.0;48,8158360000;7,4333670000;
202100038070.0;3;33;33334;1;1;1.0;6.0;44,6676690000; -0,4433160000;
202100038071.0;1;83;83054;1;1;1.0;2.0;43,1633959911;6,0510953673;
202100038072.0;1;12;12096;1;1;1.0;2.0;44,5306410000;2,7464890000;
202100038073.0;1;86;86132;1;1;1.0;2.0;46,5163420000;1,0222290000;
202100038074.0;2;54;54514;1;1;1.0;6.0;49,5040760000;5,6298350000;
202100038075.0;1;67;67194;1;2;1.0;3.0;48,7477780000;7,9149730000;
202100038076.0;1;61;61464;1;1;1.0;6.0;48,6361560000;0,1857810000;
202100038077.0;1;56;56078;1;1;1.0;2.0;47,8055870000; -3,4706500000;
202100038078.0;1;76;76363;1;1;1.0;6.0;49,8833470000;1,7117860000;
202100038079.0;5;2B;2B050;1;1;1.0;2.0;42,5517130000;8,7730120000;
202100038080.0;1;81;81037;2;1;7.0;6.0;43,6303330000;2,4913270000;
202100038081.0;1;71;71014;2;1;7.0;2.0;46,9562170000;4,3146710000;
202100038082.0;1;61;61474;1;1;1.0;6.0;48,7683180000;0,0303570000;
202100038083.0;1;46;46219;1;1;1.0;6.0;44,6194630000;1,3717890000;
202100038084.0;3;47;47251;1;4;1.0;6.0;44,2941560000;0,2483830000;
202100038085.0;1;68;68098;1;1;7.0;1.0;47,5602420000;7,1573350000;
202100038086.0;1;68;68340;1;1;8.0;6.0;47,5390930000;7,1402870000;
202100038087.0;1;39;39275;2;3;1.0;6.0;46,3963850000;5,9659200000;
202100038088.0;2;25;25413;1;1;1.0;6.0;46,6909440000;6,1850350000;
202100038089.0;1;31;31091;1;1;1.0;3.0;43,7184450000;1,4044010000;
202100038090.0;1;38;38058;1;3;1.0;1.0;45,3520400000;5,3157700000;
202100038091.0;1;02;02800;1;1;1.0;6.0;48,9587800000;3,4517000000;
202100038092.0;1;03;03155;1;1;1.0;3.0;46,7252970000;2,8752690000;
202100038093.0;1;01;01269;2;1;1.0;3.0;46,1423700000;5,6182730000;
202100038094.0;1;01;01305;2;1;1.0;3.0;46,4287770000;4,9381060000;
202100038095.0;1;01;01159;1;1;1.0;7.0;46,3343718904;4,8725821018;
202100038096.0;1;70;70085;1;1;1.0;2.0;47,3766740000;6,0096930000;
202100038097.0;1;26;26183;2;3;1.0;3.0;44,7157170000;5,0978490000;
202100038098.0;1;72;72080;1;1;1.0;7.0;48,1786780000;0,6699940000;
202100038099.0;1;14;14005;1;2;3.0;5.0;49,0509380000; -0,1780240000;
202100038100.0;1;45;45193;1;1;2.0;4.0;47,7733830000;2,0371400000;
202100038101.0;1;64;64256;2;1;1.0;7.0;43,3734900000; -1,2749510000;
202100038102.0;3;36;36165;1;1;6.0;6.0;46,6708640000;1,0045840000;
202100038103.0;2;17;17439;1;1;1.0;6.0;46,3068610000; -0,8220650000;
202100038104.0;1;17;17349;1;2;1.0;3.0;46,2444030000; -0,9001600000;
202100038105.0;1;30;30352;1;3;1.0;6.0;43,7950020000;4,1006620000;
202100038106.0;1;30;30019;1;2;1.0;6.0;43,7390810000;4,1446570000;
202100038107.0;2;30;30182;1;9;1.0;6.0;43,8583430000;4,1708560000;
202100038108.0;1;08;08361;2;2;1.0;3.0;49,8345880000;4,6133140000;
202100038109.0;1;88;88327;1;1;2.0;6.0;48,3149640000;6,3644100000;
202100038110.0;1;13;13007;1;1;6.0;2.0;43,3675280000;5,6111380000;
202100038111.0;2;13;13112;1;1;1.0;2.0;43,5263200000;5,2210160000;
202100038112.0;1;95;95199;2;1;1.0;6.0;49,0294130000;2,3393150000;
202100038113.0;1;66;66164;2;6;1.0;2.0;42,7762400000;2,9086730000;
202100038114.0;1;83;83063;1;1;1.0;1.0;43,3001564583;6,4905568957;
202100038115.0;5;13;13015;1;1;1.0;7.0;43,4488340000;5,4436770000;
202100038116.0;1;09;09269;1;3;1.0;3.0;42,9932930000;1,5477260000;
202100038117.0;1;31;31395;2;9;1.0;6.0;43,4675460000;1,3279990000;
202100038118.0;1;64;64230;1;1;1.0;7.0;43,1752400000; -0,3945640000;
202100038119.0;1;33;33238;2;1;1.0;6.0;44,7414370000; -0,5970380000;
202100038120.0;1;22;22150;1;9;1.0;3.0;48,5819800000; -3,0612110000;
202100038121.0;3;35;35019;1;1;1.0;6.0;48,4133440000; -1,5823850000;
202100038122.0;1;80;80685;2;6;1.0;3.0;49,7087360000;2,7758180000;
202100038123.0;1;69;69091;1;1;1.0;2.0;45,5760791387;4,7205244948;
202100038124.0;1;33;33397;1;1;1.0;2.0;44,9107600000; -0,4868210000;
202100038125.0;1;33;33535;1;1;1.0;2.0;44,8313000000; -0,5011500000;
202100038126.0;1;33;33550;1;1;1.0;2.0;44,7775510000; -0,5598280000;
202100038127.0;1;91;91136;1;1;1.0;2.0;48,7138000000;2,2756400000;
202100038128.0;1;91;91064;1;1;1.0;5.0;48,7559900000;2,2238500000;
202100038129.0;1;95;95572;1;1;1.0;4.0;49,0500960000;2,1433640000;
202100038130.0;1;95;95277;1;1;1.0;6.0;48,9745100000;2,4848700000;