Num_Acc;lum;departement;commune;agglomeration;intersection;meteo;type_collision;lat;long;date
202100038459.0;1;13;13037;1;1;1.0;3.0;43,5481520000;5,1828970000;
202100038460.0;1;06;06088;1;1;1.0;1.0;43,7332380000;7,2853570000;
202100038461.0;1;78;78557;1;1;8.0;6.0;48,6170290000;1,7292210000;
202100038462.0;1;2B;2B205;1;1;1.0;2.0;42,6983180000;9,3573900000;
202100038463.0;1;2B;2B042;2;6;7.0;;42,5623090000;9,4413620000;
202100038464.0;1;34;34240;1;2;1.0;3.0;43,6427880000;3,9899640000;
202100038465.0;1;83;83115;1;1;1.0;1.0;43,3225375669;6,6639910444;
202100038466.0;3;13;13089;1;1;1.0;1.0;43,8315390000;4,9656270000;
202100038467.0;1;13;13041;2;2;1.0;3.0;43,4594650000;5,4893610000;
202100038468.0;1;74;74262;2;1;1.0;2.0;46,1141111000;6,3032340000;
202100038469.0;1;01;01313;2;1;8.0;6.0;46,2582580000;6,0763510000;
202100038470.0;1;69;69013;1;1;1.0;2.0;46,0312774389;4,7175848889;
202100038471.0;1;31;31395;2;1;1.0;6.0;43,4591080000;1,3261620000;
202100038472.0;1;16;16078;2;1;1.0;6.0;45,6942330000;0,1857530000;
202100038473.0;3;33;33417;1;1;1.0;7.0;44,9627070000; -0,9034060000;
202100038474.0;1;33;33051;2;1;8.0;1.0;44,6401890000; -0,9713800000;
202100038475.0;2;61;61203;1;1;2.0;6.0;48,4131520000;0,0313930000;
202100038476.0;1;50;50485;2;6;1.0;6.0;49,3026100000; -1,2312240000;
202100038477.0;1;14;14258;2;1;2.0;2.0;48,8907336896; -0,2079650105;
202100038478.0;1;29;29161;1;1;6.0;2.0;47,9054479460; -4,0369595161;
202100038479.0;3;35;35012;1;2;2.0;3.0;47,8282250000; -1,6276720000;
202100038480.0;1;60;60628;1;1;1.0;5.0;49,4250580000;2,1408320000;
202100038481.0;2;62;62318;1;1;1.0;7.0;50,5184560000;1,6708330000;
202100038482.0;1;62;62746;2;1;1.0;4.0;50,6693880000;1,6353750000;
202100038483.0;1;13;13081;1;1;1.0;2.0;43,4909800000;5,2402900000;
202100038484.0;1;13;13203;1;1;1.0;3.0;43,3179740000;5,3773320000;
202100038485.0;1;13;13106;1;1;1.0;2.0;43,3999700000;5,3537900000;
202100038486.0;1;13;13211;1;1;1.0;5.0;43,2850110000;5,4243810000;
202100038487.0;1;13;13055;1;1;1.0;4.0;43,3097531994;5,4247784615;
202100038488.0;1;13;13215;1;1;2.0;7.0;43,3453300000;5,3743400000;
202100038489.0;1;54;54197;1;1;1.0;2.0;48,6239600000;6,1866100000;
202100038490.0;1;33;33318;1;1;1.0;3.0;44,7887200000; -0,6250100000;
202100038491.0;1;94;94034;1;1;1.0;4.0;48,7594600000;2,3234000000;
202100038492.0;3;92;92036;1;1;1.0;7.0;48,9335373784;2,2742431993;
202100038493.0;1;93;93053;1;1;1.0;6.0;48,8929272680;2,4724485870;
202100038494.0;1;93;93066;1;1;1.0;2.0;48,9225600000;2,3480900000;
202100038495.0;1;95;95424;1;1;1.0;6.0;48,9941800000;2,1846300000;
202100038496.0;2;95;95572;1;1;1.0;6.0;49,0410100000;2,1281900000;
202100038497.0;1;93;93027;1;1;2.0;4.0;48,9273600000;2,4191900000;
202100038498.0;2;93;93005;1;1;1.0;6.0;48,9620100000;2,4713900000;
202100038499.0;1;93;93078;1;1;8.0;6.0;48,9607400000;2,5420600000;
202100038500.0;1;93;93027;1;1;8.0;6.0;48,9262300000;2,4023600000;
202100038501.0;1;94;94069;1;1;1.0;4.0;48,8174754142;2,4324596446;
202100038502.0;1;77;77373;1;1;1.0;7.0;48,7842000000;2,6159500000;
202100038503.0;1;47;47001;2;1;1.0;3.0;44,1921600000;0,6126700000;
202100038504.0;1;988;98818;2;1;1.0;6.0; -22,2904200000;166,4590300000;
202100038505.0;5;69;69387;2;2;8.0;3.0;45,7513200000;4,8387200000;
202100038506.0;1;69;69259;2;2;1.0;6.0;45,7267300000;4,8625200000;
202100038507.0;5;972;97213;1;1;1.0;4.0;14,6137200000; -61,0109600000;
202100038508.0;2;972;97209;2;1;2.0;7.0;14,6231800000; -61,0725500000;
202100038509.0;1;2B;2B120;2;1;2.0;3.0;42,6547400000;9,4448300000;
202100038510.0;1;95;95585;2;1;1.0;6.0;48,9887265427;2,3773517124;
202100038511.0;1;83;83062;2;1;1.0;6.0;43,1207100000;6,0051500000;
202100038512.0;1;83;83137;2;2;1.0;3.0;43,1222200000;5,9555700000;
202100038513.0;2;83;83144;2;1;2.0;2.0;43,1425337978;5,9952724783;
202100038514.0;1;69;69256;2;1;8.0;4.0;45,7484900000;4,9177800000;
202100038515.0;1;59;59332;2;2;2.0;3.0;50,6672970000;3,2111280000;
202100038516.0;1;44;44143;2;1;1.0;3.0;47,1864900000; -1,5466500000;
202100038517.0;1;42;42031;1;1;1.0;1.0;45,4124786093;4,2372543812;
202100038518.0;1;35;35206;1;1;2.0;3.0;48,0796520000; -1,6858090000;
202100038519.0;1;33;33200;2;1;1.0;4.0;44,8637885386; -0,6654416330;
202100038520.0;1;27;27681;1;1;8.0;7.0;49,0962000000;1,5222820000;
202100038521.0;1;13;13214;2;1;1.0;1.0;43,3409580000;5,3834890000;
202100038522.0;1;13;13204;2;1;1.0;6.0;43,3023400000;5,3969300000;
202100038523.0;1;12;12176;1;1;1.0;1.0;44,3734400000;2,6226000000;
202100038524.0;4;75;75119;2;1;1.0;3.0;48,9004790000;2,3752800000;
202100038525.0;1;75;75116;2;4;1.0;2.0;48,8736920000;2,2751130000;
202100038526.0;1;75;75116;2;3;3.0;2.0;48,8727210000;2,2803200000;
202100038527.0;1;75;75120;2;4;2.0;3.0;48,8630480000;2,4108410000;
202100038528.0;1;75;75116;2;3;2.0;3.0;48,8613170000;2,2841800000;
202100038529.0;1;75;75112;2;4;2.0;3.0;48,8377130000;2,4038230000;
202100038530.0;1;75;75111;2;5;8.0;3.0;48,8651550000;2,3749220000;
202100038531.0;1;75;75110;2;1;1.0;3.0;48,8766540000;2,3672050000;
202100038532.0;1;75;75108;2;3;2.0;2.0;48,8648740000;2,3079100000;
202100038533.0;1;75;75114;2;2;1.0;6.0;48,8317680000;2,3219800000;
202100038534.0;1;75;75101;2;2;2.0;6.0;48,8617070000;2,3412110000;
202100038535.0;1;94;94033;2;1;1.0;3.0;48,8580500000;2,4935110000;
202100038536.0;1;94;94028;2;1;2.0;2.0;48,7883700000;2,4514100000;
202100038537.0;2;94;94017;2;3;1.0;3.0;48,8199000000;2,4826000000;
202100038538.0;1;94;94070;1;1;1.0;3.0;48,7202410000;2,5658970000;
202100038539.0;2;94;94002;2;1;1.0;7.0;48,7897700000;2,4285100000;
202100038540.0;1;93;93078;2;1;1.0;6.0;48,9572000000;2,5471400000;
202100038541.0;1;93;93048;2;2;2.0;6.0;48,8547100000;2,4174600000;
202100038542.0;1;93;93046;2;1;1.0;6.0;48,9256200000;2,5363300000;
202100038543.0;1;93;93031;2;3;1.0;6.0;48,9614200000;2,3089000000;
202100038544.0;1;92;92050;2;9;2.0;3.0;48,9011323539;2,2166593373;
202100038545.0;1;92;92024;2;3;8.0;3.0;48,9020976845;2,3180079460;
202100038546.0;1;92;92023;2;1;2.0;7.0;48,8029900000;2,2566500000;
202100038547.0;1;06;06044;2;3;1.0;6.0;43,6755970000;7,1189740000;
202100038548.0;1;83;83049;1;1;1.0;2.0;43,2296950000;6,0799030000;
202100038549.0;1;21;21177;1;1;1.0;6.0;47,3750860000;4,3898960000;
202100038550.0;1;06;06095;2;1;1.0;6.0;43,6433900000;6,8820820000;
202100038551.0;1;01;01033;1;3;1.0;3.0;46,1119950000;5,8008720000;
202100038552.0;1;14;14738;1;1;1.0;2.0;49,1585740000; -0,4691020000;
202100038553.0;2;62;62361;2;3;1.0;6.0;50,2764230000;2,2955900000;
202100038554.0;1;40;40171;1;1;1.0;7.0;44,4073130000; -0,6308340000;
202100038555.0;1;74;74206;1;1;1.0;6.0;46,3143910000;6,4983490000;
202100038556.0;1;83;83018;1;1;2.0;2.0;43,3536130000;6,1864830000;
202100038557.0;1;89;89373;1;3;1.0;3.0;48,2075870000;3,3290720000;
202100038558.0;1;56;56101;2;1;1.0;6.0;47,8347160000; -3,1543160000;
202100038559.0;3;76;76480;2;1;2.0;3.0;49,8027140000;0,6875340000;
202100038560.0;1;79;79213;1;1;2.0;6.0;46,6006290000; -0,2292970000;
202100038561.0;1;82;82018;1;1;1.0;7.0;44,1186900000;1,5272670000;
202100038562.0;1;89;89229;2;1;1.0;1.0;48,2339820000;3,0993770000;
202100038563.0;1;61;61214;2;4;1.0;3.0;48,7593880000;0,6313960000;
202100038564.0;1;61;61153;2;1;2.0;6.0;48,7179510000; -0,1243530000;
202100038565.0;1;86;86213;1;1;1.0;3.0;46,4402770000;0,0326100000;
202100038566.0;3;25;25237;2;3;1.0;7.0;47,5219240000;6,8947680000;
202100038567.0;1;25;25410;1;1;1.0;5.0;47,2196260000;6,0702250000;
202100038568.0;3;01;01151;1;2;1.0;3.0;46,0817150000;5,2841660000;
202100038569.0;1;26;26306;2;1;2.0;6.0;44,3410100000;5,2811060000;
202100038570.0;1;26;26376;1;1;1.0;7.0;44,4315740000;5,2815230000;
202100038571.0;1;60;60066;2;1;3.0;6.0;49,2861454401;2,8719447395;
202100038572.0;1;53;53216;1;1;2.0;6.0;48,3602730000; -0,5518050000;
202100038573.0;1;24;24079;1;2;3.0;3.0;45,3918800000;0,6519270000;
202100038574.0;3;85;85050;1;3;2.0;7.0;46,5067740000; -1,3163850000;
202100038575.0;1;67;67324;1;9;1.0;3.0;48,9726540000;7,6889920000;
202100038576.0;1;76;76684;1;1;1.0;4.0;49,4820740000;0,4462770000;
202100038577.0;2;90;90012;1;9;8.0;6.0;47,6470320000;6,9154640000;
202100038578.0;1;38;38485;2;1;1.0;2.0;45,1801600000;5,6961100000;
202100038579.0;2;28;28425;1;1;7.0;3.0;48,5028580000;1,7163830000;
202100038580.0;1;77;77388;2;1;1.0;6.0;48,9604970000;3,1468960000;
202100038581.0;5;2B;2B042;2;1;1.0;6.0;42,5509340000;9,4499960000;
202100038582.0;1;66;66037;1;4;1.0;3.0;42,6975660000;3,0001710000;
202100038583.0;1;34;34135;1;1;1.0;7.0;43,2773850000;3,1603400000;
202100038584.0;1;05;05021;1;3;1.0;3.0;44,4001380000;5,7339510000;
202100038585.0;1;13;13081;1;1;1.0;3.0;43,5116470000;5,2038720000;
202100038586.0;1;68;68348;2;9;1.0;6.0;47,8010270000;7,1247300000;
202100038587.0;1;69;69270;1;4;1.0;3.0;45,6395713239;4,9167498350;
202100038588.0;2;33;33062;1;1;1.0;1.0;45,0282430000; -0,2157620000;
202100038589.0;1;33;33049;1;1;1.0;4.0;44,8754880000; -0,3972240000;
202100038590.0;1;27;27191;2;1;1.0;1.0;49,1257430000;1,2174060000;
202100038591.0;3;69;69382;1;1;1.0;2.0;45,7508884023;4,8225973251;
202100038592.0;1;78;78362;1;1;1.0;6.0;48,9758230000;1,7228110000;
202100038593.0;2;93;93029;1;1;1.0;6.0;48,9249000000;2,4257000000;
202100038594.0;1;77;77121;1;1;2.0;2.0;48,8313900000;2,6834500000;
202100038595.0;1;77;77122;1;1;2.0;6.0;48,6524500000;2,6138300000;
202100038596.0;5;988;98818;2;2;3.0;6.0; -22,2926500000;166,4471600000;
202100038597.0;1;974;97411;1;3;1.0;6.0; -20,8913320000;55,4200390000;
202100038598.0;5;974;97411;2;1;1.0;1.0; -20,8917000000;55,4878000000;
202100038599.0;1;974;97411;2;1;1.0;3.0; -20,8862300000;55,4524200000;
202100038600.0;1;974;97407;1;6;1.0;3.0; -20,9557000000;55,3121000000;
202100038601.0;5;973;97302;2;2;2.0;3.0;4,9387860494; -52,3317374289;
202100038602.0;5;69;69387;2;1;1.0;2.0;45,7263500000;4,8347400000;
202100038603.0;1;69;69387;2;3;1.0;3.0;45,7511900000;4,8454200000;
202100038604.0;5;69;69383;2;2;2.0;3.0;45,7570100000;4,8526300000;
202100038605.0;1;69;69202;2;1;1.0;3.0;45,7304500000;4,8054900000;
202100038606.0;1;69;69384;2;1;1.0;6.0;45,7743900000;4,8322100000;
202100038607.0;2;69;69382;2;1;2.0;2.0;45,7583100000;4,8287800000;
202100038608.0;5;2A;2A004;2;9;1.0;2.0;41,9320400000;8,7336800000;
202100038609.0;1;91;91667;2;1;1.0;1.0;48,6589170000;2,3398030000;
202100038610.0;5;91;91216;2;2;1.0;2.0;48,6700790000;2,3326290000;
202100038611.0;1;91;91201;2;2;1.0;3.0;48,6877900000;2,4239200000;
202100038612.0;1;91;91421;2;2;8.0;3.0;48,7132800000;2,4489700000;
202100038613.0;1;91;91589;2;1;1.0;6.0;48,6765670000;2,3530230000;
202100038614.0;1;91;91223;2;1;1.0;6.0;48,4368100000;2,1415900000;
202100038615.0;1;83;83144;2;9;1.0;6.0;43,1381700000;6,0174400000;
202100038616.0;1;83;83129;2;1;1.0;6.0;43,0945053418;5,8465533897;
202100038617.0;1;83;83069;1;1;1.0;7.0;43,1312600000;6,0872700000;
202100038618.0;1;83;83034;2;6;1.0;3.0;43,0955226226;6,0692384968;
202100038619.0;1;77;77237;2;1;1.0;2.0;48,8391000000;2,7531200000;
202100038620.0;1;76;76681;1;1;2.0;6.0;49,4139900000;1,1072000000;
202100038621.0;1;76;76259;1;1;8.0;7.0;49,7595340000;0,3867070000;
202100038622.0;3;72;72095;1;1;2.0;6.0;48,0296000000;0,2168000000;
202100038623.0;1;69;69290;2;1;7.0;1.0;45,6870500000;4,9329400000;
202100038624.0;1;65;65440;2;2;1.0;3.0;43,2304180000;0,0755240000;
202100038625.0;1;51;51454;2;1;1.0;7.0;49,2556500000;4,0289000000;
202100038626.0;1;51;51454;2;2;1.0;2.0;49,2733500000;4,0149600000;
202100038627.0;1;49;49353;2;6;1.0;3.0;47,4434000000; -0,4886200000;
202100038628.0;1;42;42044;2;1;1.0;6.0;45,3973700000;4,3276190000;
202100038629.0;1;37;37261;2;2;1.0;7.0;47,4137746488;0,7017790675;
202100038630.0;1;37;37233;2;3;1.0;6.0;47,3810884250;0,7375114122;
202100038631.0;1;34;34172;2;4;1.0;3.0;43,5961900000;3,8816900000;
202100038632.0;2;33;33063;2;3;1.0;6.0;44,8272237721; -0,5567498635;
202100038633.0;3;31;31555;2;1;1.0;2.0;43,5730000000;1,4650000000;
202100038634.0;5;31;31555;2;1;1.0;2.0;43,6387900000;1,4653200000;
202100038635.0;1;30;30007;2;6;1.0;3.0;44,1458400000;4,1009500000;
202100038636.0;1;25;25056;2;2;1.0;3.0;47,2578600000;6,0227500000;
202100038637.0;1;17;17300;2;1;1.0;2.0;46,1390180000; -1,1480280000;
202100038638.0;5;13;13213;2;1;1.0;6.0;43,3363155813;5,4263019562;
202100038639.0;1;13;13210;2;9;1.0;2.0;43,2805800000;5,4009590000;
202100038640.0;1;13;13028;2;1;1.0;4.0;43,1835450000;5,6013470000;
202100038641.0;1;10;10387;2;2;1.0;3.0;48,3095900000;4,0612700000;
202100038642.0;1;07;07281;1;1;1.0;7.0;44,9278800000;4,7994000000;
202100038643.0;1;07;07281;2;1;1.0;6.0;44,9459700000;4,8457000000;
202100038644.0;1;06;06069;2;9;1.0;2.0;43,6613900000;6,9321400000;
202100038645.0;5;75;75117;2;3;1.0;3.0;48,8832250000;2,3253240000;
202100038646.0;2;75;75119;2;3;1.0;2.0;48,8734990000;2,3830080000;
202100038647.0;1;75;75119;2;3;1.0;3.0;48,8871800000;2,3961170000;
202100038648.0;1;75;75117;2;7;1.0;3.0;48,8742650000;2,2945480000;
202100038649.0;1;75;75116;2;2;1.0;3.0;48,8725250000;2,2644440000;
202100038650.0;1;75;75110;2;3;1.0;3.0;48,8749170000;2,3590050000;
202100038651.0;5;75;75110;2;2;1.0;3.0;48,8806050000;2,3620270000;
202100038652.0;5;75;75107;2;2;1.0;3.0;48,8560630000;2,3258940000;
202100038653.0;5;75;75104;2;7;1.0;3.0;48,8532620000;2,3685880000;
202100038654.0;1;75;75101;2;5;1.0;3.0;48,8698060000;2,3281610000;
202100038655.0;1;94;94073;2;1;1.0;3.0;48,7576500000;2,3905200000;
202100038656.0;1;94;94077;2;1;1.0;2.0;48,7307600000;2,4255600000;
202100038657.0;1;93;93062;2;2;1.0;3.0;48,9017400000;2,5111600000;
202100038658.0;2;93;93046;2;1;1.0;1.0;48,9148000000;2,5275800000;
202100038659.0;1;93;93006;2;2;1.0;3.0;48,8604060242;2,4204114676;
202100038660.0;1;93;93027;2;3;1.0;3.0;48,9246600000;2,4019100000;
202100038661.0;1;93;93014;2;1;1.0;6.0;48,8999700000;2,5321900000;
202100038662.0;1;93;93001;2;1;1.0;2.0;48,9163750000;2,3842400000;
202100038663.0;1;92;92046;2;1;1.0;7.0;48,8139053880;2,2872081399;
202100038664.0;1;92;92040;2;1;1.0;6.0;48,8194699722;2,2615251424;
202100038665.0;1;92;92060;2;6;1.0;7.0;48,7767827005;2,2457613051;
202100038666.0;5;92;92019;2;1;1.0;6.0;48,7659687280;2,2808378935;
202100038667.0;1;35;35082;2;1;1.0;6.0;47,8825780000; -1,4363070000;
202100038668.0;1;2A;2A211;1;1;1.0;7.0;41,7832130000;8,9707070000;
202100038669.0;1;52;52494;1;1;3.0;7.0;48,1352200000;5,2382470000;
202100038670.0;1;16;16150;1;1;6.0;6.0;45,6549510000; -0,2926050000;
202100038671.0;1;31;31228;1;1;1.0;1.0;43,6845120000;1,6010750000;
202100038672.0;1;27;27507;1;1;2.0;6.0;48,8990130000;1,2923320000;
202100038673.0;1;41;41046;1;1;4.0;4.0;47,6300670000;1,9562750000;
202100038674.0;1;01;01033;1;3;8.0;3.0;46,1120400000;5,8007920000;
202100038675.0;1;71;71336;1;1;1.0;7.0;46,7312570000;4,9819560000;
202100038676.0;1;51;51027;2;3;1.0;3.0;49,0322250670;4,6872545136;
202100038677.0;1;51;51432;1;1;1.0;7.0;48,6927730000;3,8441850000;
202100038678.0;1;59;59372;1;1;1.0;6.0;50,0391990000;3,3147380000;
202100038679.0;1;19;19015;1;1;1.0;1.0;45,2657050000;1,3240460000;
202100038680.0;1;82;82087;2;1;2.0;7.0;44,1277520000;1,2367560000;
202100038681.0;1;65;65408;1;1;1.0;6.0;42,9856140000;0,3760510000;
202100038682.0;1;61;61464;1;2;1.0;3.0;48,6122740000;0,1656800000;
202100038683.0;1;42;42277;1;1;1.0;7.0;45,9034788067;4,1095741689;
202100038684.0;1;31;31345;1;1;1.0;1.0;43,3862280000;1,4300890000;
202100038685.0;1;15;15074;1;3;1.0;5.0;44,9277450000;2,4848250000;
202100038686.0;1;72;72284;2;1;1.0;3.0;48,3018270000;0,1000410000;
202100038687.0;5;06;06150;1;1;1.0;3.0;43,7478210000;7,4149020000;
202100038688.0;1;06;06148;2;1;1.0;7.0;43,7143600000;7,0653570000;
202100038689.0;1;14;14278;2;1;3.0;5.0;49,1737990000; -0,5870010000;
202100038690.0;1;50;50328;1;1;1.0;5.0;49,2032710000; -1,4701720000;
202100038691.0;1;50;50267;2;9;1.0;2.0;49,2229930000; -1,5328820000;
202100038692.0;1;04;04189;2;3;1.0;5.0;43,7695060000;5,9475330000;
202100038693.0;1;85;85081;1;2;2.0;3.0;46,7713790000; -1,3499450000;
202100038694.0;1;27;27487;1;1;8.0;1.0;49,3631300000;1,3353590000;
202100038695.0;1;23;23037;1;1;1.0;6.0;46,0079020000;2,4166650000;
202100038696.0;1;37;37211;1;2;1.0;3.0;47,2426958818;0,8094693515;
202100038697.0;1;37;37099;1;1;1.0;6.0;47,3048820950;0,5589830875;
202100038698.0;1;88;88188;2;2;1.0;6.0;47,8736550000;6,7878930000;
202100038699.0;1;79;79355;1;9;1.0;6.0;46,3061350000; -0,3582640000;
202100038700.0;1;33;33090;2;1;1.0;6.0;44,7660960000; -0,6534500000;
202100038701.0;1;30;30189;1;1;1.0;6.0;43,8077120000;4,3370250000;
202100038702.0;1;988;98811;1;1;1.0;7.0; -21,0472760000;164,8039560000;
202100038703.0;1;971;97119;2;1;1.0;6.0;16,3699840000; -61,4476920000;
202100038704.0;1;06;06157;1;1;1.0;7.0;43,7481590000;7,1301260000;
202100038705.0;1;25;25159;2;1;1.0;6.0;47,4497880000;6,6841460000;
202100038706.0;1;03;03008;1;1;1.0;7.0;46,0432420000;3,5958770000;
202100038707.0;1;73;73098;1;1;1.0;1.0;45,6678020000;5,9777160000;
202100038708.0;1;38;38481;2;2;1.0;1.0;45,5555000000;5,3504920000;
202100038709.0;1;26;26084;1;3;1.0;5.0;44,9884540000;4,8797750000;
202100038710.0;1;69;69139;1;1;1.0;1.0;45,8089510000;4,4722510000;
202100038711.0;1;69;69163;1;2;1.0;2.0;45,9209610000;4,7557180000;
202100038712.0;1;81;81050;1;1;1.0;1.0;43,5799560000;1,8372920000;
202100038713.0;1;79;79049;2;6;1.0;3.0;46,8532360000; -0,4561260000;
202100038714.0;1;33;33264;1;3;2.0;1.0;45,0610630000; -0,2571060000;
202100038715.0;1;85;85002;1;1;1.0;3.0;46,6565500000; -1,8508300000;
202100038716.0;1;50;50041;1;4;1.0;6.0;49,6220470000; -1,7972460000;
202100038717.0;1;59;59416;2;1;1.0;6.0;50,6839080000;2,5110650000;
202100038718.0;1;13;13106;1;1;1.0;3.0;43,3947800000;5,3507000000;
202100038719.0;1;13;13005;1;1;1.0;4.0;43,2866100000;5,5361700000;
202100038720.0;1;69;69382;1;1;1.0;2.0;45,7319900000;4,8166300000;
202100038721.0;1;69;69266;1;1;1.0;2.0;45,7858200000;4,8892900000;
202100038722.0;1;91;91179;1;1;1.0;7.0;48,5730300000;2,4677400000;
202100038723.0;1;94;94038;1;1;1.0;4.0;48,7743100000;2,3462500000;
202100038724.0;1;91;91471;1;1;1.0;6.0;48,6986700000;2,1923700000;
202100038725.0;1;91;91161;1;1;1.0;2.0;48,6958000000;2,3174300000;
202100038726.0;1;95;95582;1;1;1.0;6.0;48,9635600000;2,2645600000;
202100038727.0;1;95;95306;1;1;8.0;5.0;49,0075800000;2,1611600000;
202100038728.0;1;94;94028;1;1;1.0;4.0;48,7838030000;2,4404000000;
202100038729.0;1;94;94033;1;1;1.0;2.0;48,8521422803;2,4902740888;
202100038730.0;1;77;77258;1;1;1.0;7.0;48,8306600000;2,6214600000;
202100038731.0;3;94;94046;1;1;1.0;6.0;48,8078700000;2,4490200000;
202100038732.0;1;77;77249;1;1;2.0;6.0;48,7475407504;2,6138919249;
202100038733.0;1;974;97407;2;9;1.0;7.0; -20,9337100000;55,3076100000;
202100038734.0;1;69;69259;2;1;1.0;7.0;45,7261800000;4,8629500000;
202100038735.0;5;971;97101;1;1;1.0;1.0;16,2705700000; -61,4796100000;
202100038736.0;1;971;97101;1;1;1.0;4.0;16,2938908503; -61,5013616581;
202100038737.0;1;2A;2A004;2;1;1.0;3.0;41,9369547867;8,7507987394;
202100038738.0;1;91;91692;1;1;1.0;3.0;48,6845200000;2,1699900000;
202100038739.0;1;91;91027;2;1;8.0;2.0;48,7131300000;2,3710900000;
202100038740.0;1;83;83144;2;6;1.0;3.0;43,1301800000;5,9912800000;
202100038741.0;1;83;83069;2;3;1.0;6.0;43,1061910000;6,1286390000;
202100038742.0;5;77;77288;2;6;1.0;3.0;48,5524100000;2,6440300000;
202100038743.0;5;76;76498;2;5;1.0;4.0;49,4231000000;1,0670600000;
202100038744.0;1;71;71270;2;1;1.0;6.0;46,2881400000;4,8107300000;
202100038745.0;1;69;69266;2;2;7.0;3.0;45,7618100000;4,8847300000;
202100038746.0;1;54;54526;2;3;1.0;3.0;48,6813726711;6,2160398439;
202100038747.0;1;51;51454;2;1;1.0;1.0;49,2227550000;4,0153240000;
202100038748.0;1;51;51454;2;2;2.0;3.0;49,2527190000;4,0267980000;
202100038749.0;2;51;51055;2;1;2.0;3.0;49,2810570000;4,0397060000;
202100038750.0;1;50;50129;2;2;1.0;5.0;49,6350400000; -1,6012100000;
202100038751.0;1;50;50602;2;1;2.0;2.0;49,6395300000; -1,6034400000;
202100038752.0;2;42;42187;2;3;8.0;1.0;46,0487500000;4,0830600000;
202100038753.0;1;41;41212;2;1;1.0;4.0;47,5720000000;1,3571800000;
202100038754.0;1;37;37261;2;1;1.0;3.0;47,3668792316;0,6983184186;
202100038755.0;1;35;35051;1;6;2.0;6.0;48,1545990000; -1,5951030000;
202100038756.0;1;35;35238;2;3;1.0;3.0;48,1161600000; -1,6612400000;
202100038757.0;1;35;35238;1;1;1.0;2.0;48,1076400000; -1,7173900000;
202100038758.0;1;29;29232;2;6;1.0;3.0;47,9911800000; -4,0727000000;
202100038759.0;1;28;28134;2;3;1.0;3.0;48,7349800000;1,3873200000;
202100038760.0;1;27;27554;2;1;2.0;1.0;49,0958590000;1,3784840000;
202100038761.0;1;27;27681;2;1;1.0;6.0;49,0967860000;1,4895455000;
202100038762.0;1;27;27375;2;6;1.0;1.0;49,2154500000;1,1721600000;
202100038763.0;1;15;15014;2;1;8.0;6.0;44,9014770000;2,4312170000;
202100038764.0;1;13;13208;2;1;1.0;3.0;43,2588480000;5,3846860000;
202100038765.0;5;13;13208;2;1;2.0;7.0;43,2601000000;5,3754000000;
202100038766.0;1;12;12202;2;1;1.0;6.0;44,3511100000;2,5705900000;
202100038767.0;1;11;11069;1;1;1.0;2.0;43,2187800000;2,3057400000;
202100038768.0;5;10;10387;2;6;1.0;7.0;48,3085100000;4,0688900000;
202100038769.0;1;09;09225;2;1;1.0;3.0;43,1131200000;1,6295400000;
202100038770.0;5;06;06088;2;1;1.0;2.0;43,6834600000;7,2344000000;
202100038771.0;1;75;75119;2;1;1.0;3.0;48,8988990000;2,3934800000;
202100038772.0;1;75;75113;2;4;1.0;2.0;48,8388740000;2,3609990000;
202100038773.0;1;75;75120;2;1;1.0;6.0;48,8522420000;2,3977940000;
202100038774.0;5;75;75120;2;2;1.0;3.0;48,8716580000;2,3922980000;
202100038775.0;2;75;75117;2;7;1.0;3.0;48,8852910000;2,3034210000;
202100038776.0;5;75;75116;2;1;1.0;6.0;48,8670930000;2,2322770000;
202100038777.0;1;75;75107;2;2;2.0;2.0;48,8563640000;2,3008810000;
202100038778.0;1;75;75114;2;4;2.0;3.0;48,8414940000;2,3297720000;
202100038779.0;1;75;75111;2;4;1.0;3.0;48,8511820000;2,3840480000;
202100038780.0;5;75;75108;2;2;1.0;3.0;48,8819852779;2,3205010593;
202100038781.0;1;75;75103;2;2;1.0;3.0;48,8599490000;2,3607730000;
202100038782.0;1;75;75101;2;7;3.0;7.0;48,8683170000;2,3302860000;
202100038783.0;1;94;94073;2;1;2.0;3.0;48,7551800000;2,3749400000;
202100038784.0;5;94;94018;2;1;1.0;2.0;48,8192100000;2,4052900000;
202100038785.0;1;94;94017;2;1;2.0;2.0;48,8062600000;2,5311000000;
202100038786.0;1;94;94017;2;1;1.0;3.0;48,8157920000;2,5038080000;
202100038787.0;5;94;94018;2;9;1.0;6.0;48,8224800000;2,3977200000;