Num_Acc;lum;departement;commune;agglomeration;intersection;meteo;type_collision;lat;long;date
202100038788.0;1;93;93072;2;3;1.0;1.0;48,9581300000;2,3822900000;
202100038789.0;1;93;93032;2;3;1.0;3.0;48,8769300000;2,5490800000;
202100038790.0;1;93;93031;2;3;1.0;3.0;48,9515000000;2,3207700000;
202100038791.0;1;93;93029;2;1;2.0;4.0;48,9316400000;2,4555300000;
202100038792.0;1;93;93029;2;3;1.0;6.0;48,9185020000;2,4486760000;
202100038793.0;1;93;93027;2;1;1.0;2.0;48,9206500000;2,3830100000;
202100038794.0;1;93;93014;2;1;2.0;2.0;48,9045000000;2,5513800000;
202100038795.0;1;93;93005;2;1;8.0;1.0;48,9543400000;2,4927000000;
202100038796.0;1;93;93005;2;1;1.0;3.0;48,9279990000;2,4820350000;
202100038797.0;5;92;92040;2;1;8.0;6.0;48,8259416643;2,2660652114;
202100038798.0;1;92;92023;2;1;2.0;7.0;48,7995100000;2,2539200000;
202100038799.0;2;35;35139;1;1;1.0;6.0;47,9891200000; -1,7021700000;
202100038800.0;1;54;54117;1;1;1.0;7.0;48,4422196636;6,0666525372;
202100038801.0;1;06;06149;2;3;1.0;3.0;43,7493390000;7,3752590000;
202100038802.0;1;06;06161;2;1;1.0;3.0;43,6353920000;7,1335920000;
202100038803.0;1;974;97422;2;1;1.0;1.0; -21,2434160000;55,5122780000;
202100038804.0;1;972;97221;2;4;1.0;3.0;14,5441340000; -60,9406580000;
202100038805.0;1;34;34076;1;1;1.0;3.0;43,6582070000;3,4442090000;
202100038806.0;1;83;83131;1;1;1.0;5.0;43,2284490000;6,0141190000;
202100038807.0;1;77;77411;1;2;1.0;3.0;48,8465904589;3,1514292960;
202100038808.0;1;57;57334;1;1;2.0;7.0;48,6853230000;7,1822260000;
202100038809.0;2;57;57516;2;9;3.0;7.0;49,2751200000;6,5946670000;
202100038810.0;1;62;62524;2;1;2.0;7.0;50,6540030000;1,8109950000;
202100038811.0;1;51;51571;1;1;1.0;2.0;49,1911485098;4,1964184870;
202100038812.0;1;59;59138;1;1;1.0;6.0;50,1337150000;3,3242010000;
202100038813.0;3;59;59485;1;1;2.0;6.0;50,1684670000;3,4439350000;
202100038814.0;1;80;80713;2;1;2.0;7.0;50,2824060000;1,5969970000;
202100038815.0;1;12;12219;1;1;1.0;1.0;44,4563180000;2,9032070000;
202100038816.0;1;46;46268;1;1;1.0;6.0;44,4678920000;1,5448560000;
202100038817.0;1;47;47252;1;1;1.0;6.0;44,4097960000;0,6109430000;
202100038818.0;1;29;29215;2;1;1.0;6.0;47,9896260000; -4,4270280000;
202100038819.0;1;38;38073;1;1;1.0;7.0;45,0116310000;5,9680870000;
202100038820.0;1;03;03294;2;1;3.0;6.0;46,2056280000;3,1927460000;
202100038821.0;1;03;03127;1;1;1.0;6.0;46,5015530000;2,6873700000;
202100038822.0;1;15;15192;1;1;2.0;6.0;45,0698840000;2,7189980000;
202100038823.0;1;01;01196;1;1;1.0;6.0;46,3930810000;5,1119310000;
202100038824.0;1;26;26124;1;9;1.0;7.0;44,8499360000;4,8935720000;
202100038825.0;1;06;06079;1;1;1.0;3.0;43,5188590000;6,9397220000;
202100038826.0;1;50;50112;1;1;1.0;6.0;48,7524010000; -1,2274860000;
202100038827.0;3;64;64513;1;1;1.0;7.0;43,4356880000; -0,9291710000;
202100038828.0;1;04;04055;1;1;1.0;6.0;43,9802700000;6,3052190000;
202100038829.0;3;17;17459;1;1;1.0;6.0;45,9243500000; -0,4590300000;
202100038830.0;1;37;37038;1;1;1.0;1.0;47,2785850366;0,3253608193;
202100038831.0;1;37;37041;1;1;1.0;6.0;47,6278811168;0,5492552518;
202100038832.0;1;30;30123;1;6;1.0;7.0;43,7244450000;4,1632250000;
202100038833.0;1;30;30164;1;3;1.0;3.0;44,2217000000;4,3205000000;
202100038834.0;1;88;88357;2;1;1.0;1.0;48,3262050000;6,1304030000;
202100038835.0;1;88;88289;2;1;1.0;6.0;48,1078610000;5,8252060000;
202100038836.0;1;978;97801;2;1;1.0;3.0;18,0614760000; -63,0421040000;
202100038837.0;1;74;74010;1;1;1.0;7.0;45,8624080000;6,0761480000;
202100038838.0;2;67;67108;1;4;1.0;6.0;48,5205270000;7,5884630000;
202100038839.0;1;06;06085;2;1;1.0;1.0;43,6091650000;6,9817130000;
202100038840.0;5;95;95371;2;1;1.0;6.0;49,0901580000;2,5190500000;
202100038841.0;3;988;98802;1;1;1.0;7.0; -21,8400890000;165,9059790000;
202100038842.0;3;973;97311;1;1;1.0;7.0;5,4969850000; -53,9715810000;
202100038843.0;5;971;97111;1;1;1.0;1.0;16,3212100000; -61,7746420000;
202100038844.0;1;13;13033;1;3;1.0;1.0;43,3725180000;5,1851150000;
202100038845.0;3;77;77440;1;1;1.0;7.0;48,9469630000;3,0923620000;
202100038846.0;1;11;11433;1;3;1.0;1.0;43,3003060000;2,4645420000;
202100038847.0;1;13;13053;2;1;7.0;3.0;43,7126270000;5,1897850000;
202100038848.0;1;13;13027;2;7;1.0;3.0;43,8820980000;4,8499730000;
202100038849.0;1;57;57206;2;3;8.0;6.0;49,3091060000;6,1008400000;
202100038850.0;1;03;03187;1;1;1.0;7.0;46,3415160000;3,4485210000;
202100038851.0;1;74;74185;1;1;1.0;7.0;46,1583430000;6,2010310000;
202100038852.0;1;38;38335;1;3;1.0;3.0;45,3736290000;5,0265460000;
202100038853.0;1;01;01185;1;1;1.0;1.0;45,9655740000;5,5706910000;
202100038854.0;1;69;69192;1;4;1.0;6.0;46,0319644148;4,5537583949;
202100038855.0;1;81;81140;1;1;1.0;7.0;43,6733540000;1,8084790000;
202100038856.0;1;86;86095;2;3;1.0;3.0;46,7028740000;0,4354130000;
202100038857.0;1;62;62487;2;1;6.0;1.0;50,8407040000;1,7722210000;
202100038858.0;1;59;59400;2;1;1.0;6.0;50,6412020000;2,6372670000;
202100038859.0;1;13;13071;1;1;1.0;2.0;43,4085212051;5,2871918678;
202100038860.0;3;13;13015;1;1;2.0;7.0;43,4305400000;5,3907700000;
202100038861.0;3;13;13005;1;1;1.0;2.0;43,2864217000;5,5674290657;
202100038862.0;1;13;13055;1;1;1.0;2.0;43,3562362888;5,3632667201;
202100038863.0;1;33;33192;1;1;3.0;2.0;44,7895740000; -0,6155640000;
202100038864.0;1;33;33013;1;1;2.0;4.0;44,8663490000; -0,4783440000;
202100038865.0;1;91;91174;1;1;1.0;4.0;48,6106000000;2,4457400000;
202100038866.0;2;92;92036;1;1;1.0;2.0;48,9344980471;2,3202310587;
202100038867.0;1;77;77249;1;1;2.0;6.0;48,7388952522;2,6128903609;
202100038868.0;1;94;94018;1;1;1.0;2.0;48,8243700000;2,3941900000;
202100038869.0;1;68;68066;2;9;2.0;6.0;48,0851600000;7,3441400000;
202100038870.0;5;93;93008;2;9;1.0;3.0;48,9094047449;2,4675995334;
202100038871.0;1;92;92025;2;1;2.0;6.0;48,9143852923;2,2290006810;
202100038872.0;5;91;91027;2;1;1.0;6.0;48,7050100000;2,3693300000;
202100038873.0;2;85;85191;2;1;2.0;6.0;46,6477900000; -1,4370200000;
202100038874.0;3;41;41018;2;1;1.0;6.0;47,5978800000;1,3039600000;
202100038875.0;5;974;97407;2;1;1.0;2.0; -20,9421500000;55,2925200000;
202100038876.0;1;974;97407;2;1;1.0;3.0; -20,9316900000;55,2968400000;
202100038877.0;1;973;97302;2;1;1.0;3.0;4,9387800000; -52,3176000000;
202100038878.0;1;69;69199;2;3;1.0;3.0;45,7080100000;4,8598100000;
202100038879.0;1;69;69199;2;1;1.0;6.0;45,7050700000;4,8528600000;
202100038880.0;1;972;97213;1;1;1.0;3.0;14,5980600000; -60,9972400000;
202100038881.0;1;972;97213;1;1;1.0;6.0;14,5995452657; -60,9971380236;
202100038882.0;5;69;69034;2;1;2.0;7.0;45,8127236339;4,8472414488;
202100038883.0;1;69;69385;2;1;3.0;7.0;45,7530721537;4,8223512585;
202100038884.0;1;69;69385;2;1;3.0;7.0;45,7618000000;4,8240000000;
202100038885.0;1;2B;2B033;2;9;1.0;6.0;42,6778584704;9,4328825859;
202100038886.0;1;971;97120;2;9;1.0;2.0;16,2481600000; -61,5376300000;
202100038887.0;5;91;91103;2;1;1.0;7.0;48,6074300000;2,3119300000;
202100038888.0;5;91;91549;2;1;1.0;3.0;48,6377200000;2,3285600000;
202100038889.0;1;91;91691;2;9;1.0;3.0;48,7004000000;2,4801400000;
202100038890.0;1;91;91687;2;1;8.0;6.0;48,6800200000;2,3806200000;
202100038891.0;1;88;88160;2;2;1.0;1.0;48,1826100000;6,4721800000;
202100038892.0;1;87;87114;1;1;2.0;2.0;45,8440800000;1,3383400000;
202100038893.0;1;87;87085;2;1;1.0;4.0;45,8232700000;1,2607000000;
202100038894.0;1;87;87085;2;1;1.0;6.0;45,8233100000;1,2807100000;
202100038895.0;3;83;83069;2;1;1.0;7.0;43,1155200000;6,1530500000;
202100038896.0;1;83;83069;2;1;1.0;1.0;43,0965400000;6,1315800000;
202100038897.0;1;81;81065;1;1;1.0;5.0;43,5687946000;2,2637221000;
202100038898.0;2;80;80021;2;1;1.0;7.0;49,9221800000;2,2698800000;
202100038899.0;1;78;78015;1;3;1.0;3.0;48,9918210000;2,0584060000;
202100038900.0;5;76;76351;2;1;1.0;6.0;49,5083240000;0,1361710000;
202100038901.0;1;70;70550;1;2;1.0;3.0;47,6266410000;6,1390580000;
202100038902.0;1;69;69290;2;6;1.0;3.0;45,6809889976;4,9596619606;
202100038903.0;1;68;68066;2;6;8.0;6.0;48,0747450000;7,3443030000;
202100038904.0;1;67;67482;2;8;8.0;3.0;48,5527700000;7,7441500000;
202100038905.0;1;64;64545;2;1;2.0;2.0;43,3609300000; -1,6997700000;
202100038906.0;1;64;64102;2;1;8.0;1.0;43,4823100000; -1,4656300000;
202100038907.0;1;64;64024;2;1;1.0;7.0;43,4828900000; -1,5039000000;
202100038908.0;1;63;63113;2;1;1.0;3.0;45,7811500000;3,0751300000;
202100038909.0;1;63;63113;2;2;1.0;3.0;45,7875600000;3,1057500000;
202100038910.0;3;59;59284;1;2;1.0;3.0;50,4176310000;3,4072340000;
202100038911.0;2;59;59279;2;2;1.0;3.0;50,7842390000;3,1304430000;
202100038912.0;1;59;59599;2;1;2.0;6.0;50,7228830000;3,1492030000;
202100038913.0;1;59;59599;2;1;2.0;6.0;50,7148240000;3,1573880000;
202100038914.0;1;59;59599;2;9;2.0;3.0;50,7249630000;3,1671940000;
202100038915.0;3;57;57019;2;1;1.0;6.0;49,2622700000;6,1254600000;
202100038916.0;1;49;49267;2;1;1.0;7.0;47,4871800000; -0,4731200000;
202100038917.0;1;47;47323;1;1;1.0;6.0;44,4400000000;0,6990000000;
202100038918.0;1;47;47323;2;2;1.0;3.0;44,4092991878;0,7023951709;
202100038919.0;1;44;44055;2;1;1.0;3.0;47,2882600000; -2,3884800000;
202100038920.0;5;37;37261;2;3;1.0;3.0;47,4233027692;0,6893700564;
202100038921.0;1;36;36044;2;1;1.0;6.0;46,8029300000;1,6816000000;
202100038922.0;1;35;35238;2;2;1.0;6.0;48,1079200000; -1,6821400000;
202100038923.0;1;35;35278;1;1;1.0;2.0;48,1413100000; -1,6791800000;
202100038924.0;3;33;33003;2;6;1.0;3.0;44,9244600000; -0,5299400000;
202100038925.0;1;33;33075;2;2;1.0;3.0;44,8796300000; -0,6268100000;
202100038926.0;1;31;31555;2;9;1.0;3.0;43,6587600000;1,4191800000;
202100038927.0;1;30;30189;2;9;1.0;1.0;43,7805200000;4,3488900000;
202100038928.0;1;29;29232;2;2;1.0;3.0;48,0001000000; -4,1123600000;
202100038929.0;1;27;27375;2;2;1.0;3.0;49,2034200000;1,1854800000;
202100038930.0;1;18;18033;2;1;1.0;2.0;47,0818000000;2,3677000000;
202100038931.0;5;17;17415;2;6;1.0;2.0;45,7404100000; -0,6623200000;
202100038932.0;1;17;17306;2;1;1.0;2.0;45,6248500000; -1,0270300000;
202100038933.0;1;14;14220;2;9;1.0;3.0;49,3526400000;0,0903300000;
202100038934.0;1;14;14271;2;1;1.0;1.0;49,1644300000; -0,3658600000;
202100038935.0;1;14;14137;2;1;1.0;6.0;49,1893700000; -0,4335300000;
202100038936.0;1;13;13108;2;1;1.0;3.0;43,8056700000;4,6622800000;
202100038937.0;2;13;13002;2;1;8.0;7.0;43,3385000000;5,4767400000;
202100038938.0;1;13;13209;2;1;1.0;3.0;43,2615690000;5,3975010000;
202100038939.0;5;13;13209;2;1;1.0;7.0;43,2479800000;5,4063100000;
202100038940.0;5;13;13205;2;3;1.0;4.0;43,2948900000;5,3980500000;
202100038941.0;1;13;13028;2;9;1.0;6.0;43,1751300000;5,6103800000;
202100038942.0;2;13;13005;2;1;1.0;6.0;43,2871956464;5,5836391932;
202100038943.0;1;10;10362;2;1;1.0;2.0;48,2907000000;4,0358400000;
202100038944.0;1;10;10357;2;1;2.0;6.0;48,2928000000;4,1317000000;
202100038945.0;1;10;10387;2;9;1.0;6.0;48,2798500000;4,0693900000;
202100038946.0;1;10;10387;2;2;1.0;6.0;48,2770240000;4,0764950000;
202100038947.0;5;06;06069;2;1;1.0;7.0;43,6378100000;6,9281800000;
202100038948.0;1;06;06123;2;1;1.0;6.0;43,6629920000;7,1896160000;
202100038949.0;1;06;06027;2;1;1.0;7.0;43,6810300000;7,1497000000;
202100038950.0;2;06;06027;2;1;1.0;6.0;43,6589400000;7,1377400000;
202100038951.0;1;06;06027;2;1;1.0;2.0;43,6566400000;7,1780700000;
202100038952.0;1;01;01053;2;2;3.0;6.0;46,2065000000;5,2402200000;
202100038953.0;1;75;75112;2;1;1.0;2.0;48,8302760000;2,4020370000;
202100038954.0;1;75;75113;2;1;1.0;7.0;48,8223130000;2,3803760000;
202100038955.0;4;75;75105;2;1;1.0;3.0;48,8486560000;2,3551010000;
202100038956.0;1;75;75105;2;3;1.0;6.0;48,8391090000;2,3591910000;
202100038957.0;1;75;75106;2;2;1.0;6.0;48,8539220000;2,3441220000;
202100038958.0;1;75;75119;2;3;8.0;3.0;48,8988460000;2,3781150000;
202100038959.0;1;75;75119;2;2;1.0;3.0;48,8782490000;2,3979250000;
202100038960.0;1;75;75117;2;2;1.0;6.0;48,8808600000;2,3125530000;
202100038961.0;1;75;75116;2;3;1.0;2.0;48,8665470000;2,2723090000;
202100038962.0;1;75;75116;2;2;1.0;5.0;48,8674480000;2,2992360000;
202100038963.0;1;75;75115;2;1;8.0;6.0;48,8407940000;2,2850340000;
202100038964.0;1;75;75115;2;3;1.0;3.0;48,8460820000;2,3142420000;
202100038965.0;1;75;75113;2;1;1.0;2.0;48,8318820000;2,3801890000;
202100038966.0;1;75;75112;2;1;1.0;7.0;48,8341890000;2,4427960000;
202100038967.0;1;75;75111;2;2;1.0;3.0;48,8515270000;2,3787830000;
202100038968.0;1;75;75111;2;1;1.0;6.0;48,8623980000;2,3875330000;
202100038969.0;1;75;75110;2;1;1.0;6.0;48,8780490000;2,3522580000;
202100038970.0;1;75;75109;2;3;1.0;3.0;48,8732690000;2,3405510000;
202100038971.0;1;75;75108;2;4;1.0;3.0;48,8773430000;2,3067150000;
202100038972.0;1;75;75102;2;2;1.0;3.0;48,8673030000;2,3346030000;
202100038973.0;1;75;75104;2;1;1.0;7.0;48,8473670000;2,3647630000;
202100038974.0;1;94;94068;2;1;1.0;6.0;48,7975200000;2,4751800000;
202100038975.0;1;94;94041;2;9;1.0;2.0;48,8134500000;2,3885900000;
202100038976.0;1;94;94028;2;1;1.0;6.0;48,8000000000;2,4500000000;
202100038977.0;1;94;94011;2;9;1.0;3.0;48,7727500000;2,4905200000;
202100038978.0;1;94;94028;2;1;1.0;3.0;48,7838700000;2,4478900000;
202100038979.0;5;94;94041;2;1;1.0;6.0;48,8050000000;2,4001300000;
202100038980.0;1;94;94044;2;1;8.0;6.0;48,7462759557;2,5107407570;
202100038981.0;1;94;94004;2;1;1.0;2.0;48,7473795714;2,5097966194;
202100038982.0;1;94;94071;2;3;1.0;3.0;48,7668300000;2,5064400000;
202100038983.0;1;93;93078;2;2;1.0;3.0;48,9555200000;2,5528200000;
202100038984.0;1;93;93070;2;1;1.0;1.0;48,9042500000;2,3217500000;
202100038985.0;1;93;93039;2;9;1.0;3.0;48,9196590000;2,3273350000;
202100038986.0;1;93;93066;2;1;1.0;3.0;48,9324090000;2,3488460000;
202100038987.0;1;93;93062;2;1;2.0;2.0;48,8964448138;2,5269874335;
202100038988.0;1;93;93048;2;1;1.0;6.0;48,8645800000;2,4679700000;
202100038989.0;1;93;93046;2;1;1.0;5.0;48,9114550000;2,5131610000;
202100038990.0;1;93;93046;2;1;2.0;6.0;48,9239400000;2,5292700000;
202100038991.0;1;93;93063;2;2;8.0;1.0;48,8732200000;2,4401300000;
202100038992.0;1;93;93032;2;1;1.0;3.0;48,8789150000;2,5332520000;
202100038993.0;1;93;93057;2;1;1.0;1.0;48,9104560000;2,5196580000;
202100038994.0;5;92;92046;2;3;1.0;7.0;48,8170500000;2,2919100000;
202100038995.0;1;92;92073;2;1;1.0;3.0;48,8787202496;2,2174036503;
202100038996.0;1;92;92051;2;1;1.0;6.0;48,8804524586;2,2701365501;
202100038997.0;1;92;92020;2;1;8.0;6.0;48,8058459462;2,2915613651;
202100038998.0;1;92;92044;2;1;1.0;2.0;48,8914858044;2,2782978415;
202100038999.0;2;92;92040;2;4;2.0;7.0;48,8188294152;2,2436839342;
202100039000.0;1;92;92035;2;7;2.0;3.0;48,9068423437;2,2387942672;
202100039001.0;1;92;92012;2;1;1.0;3.0;48,8401432716;2,2354093194;
202100039002.0;1;92;92012;2;3;1.0;3.0;48,8411539340;2,2401796281;
202100039003.0;1;92;92002;2;9;1.0;4.0;48,7340402182;2,3132939637;
202100039004.0;1;42;42120;2;1;1.0;2.0;45,9994599582;3,9806256741;
202100039005.0;2;57;57097;1;6;2.0;6.0;49,1955030000;6,5158370000;
202100039006.0;1;74;74096;1;3;8.0;3.0;46,0428180000;6,0973910000;
202100039007.0;3;79;79123;1;1;1.0;6.0;46,7890860000; -0,6520130000;
202100039008.0;1;2B;2B246;2;1;1.0;6.0;42,4226630000;9,3528410000;
202100039009.0;1;81;81325;2;1;1.0;3.0;43,5529100000;2,1730400000;
202100039010.0;1;65;65130;1;1;1.0;2.0;43,6004390000; -0,0189690000;
202100039011.0;1;71;71558;1;3;1.0;1.0;46,4918800000;5,2434610000;
202100039012.0;3;89;89376;1;1;1.0;6.0;47,6609360000;4,0774730000;
202100039013.0;1;63;63453;1;1;2.0;1.0;45,7862000000;3,2734110000;
202100039014.0;1;34;34319;1;1;1.0;7.0;43,5356070000;3,3092880000;
202100039015.0;1;68;68042;2;1;3.0;1.0;47,5957380000;7,5015380000;
202100039016.0;1;44;44154;1;1;8.0;3.0;47,2422690000; -2,1597900000;
202100039017.0;2;44;44164;2;1;1.0;6.0;47,1009200000; -1,8572950000;
202100039018.0;3;35;35179;1;1;8.0;6.0;48,5316830000; -1,8879640000;
202100039019.0;1;31;31080;2;9;1.0;6.0;43,2879680000;0,6476840000;
202100039020.0;1;03;03289;1;1;3.0;7.0;46,3629220000;3,5242720000;
202100039021.0;5;01;01263;2;2;2.0;3.0;46,0798400000;4,7692470000;
202100039022.0;1;58;58083;2;1;1.0;2.0;47,2539510000;3,6783330000;
202100039023.0;1;54;54394;1;1;1.0;6.0;49,3514494157;5,8475589747;
202100039024.0;4;60;60435;2;4;9.0;6.0;49,5767355128;1,8769090175;
202100039025.0;1;16;16276;1;1;1.0;1.0;45,4166880000; -0,1909250000;
202100039026.0;1;28;28214;2;2;1.0;3.0;48,4681890000;1,0084220000;
202100039027.0;1;37;37084;1;1;1.0;6.0;47,5424162394;0,3709902763;
202100039028.0;5;987;98734;2;1;1.0;3.0; -17,7233790000; -149,5057300000;
202100039029.0;1;82;82149;1;1;1.0;7.0;44,1102530000;1,4655590000;
202100039030.0;5;60;60138;1;9;1.0;6.0;49,2155260000;2,6279430000;
202100039031.0;1;91;91661;2;2;1.0;3.0;48,7009670000;2,2524650000;
202100039032.0;1;2A;2A247;1;1;1.0;3.0;41,6207040000;9,2986820000;
202100039033.0;5;34;34182;2;1;1.0;6.0;43,4218150000;3,4066950000;
202100039034.0;1;05;05166;1;1;1.0;3.0;44,4127240000;5,7246920000;
202100039035.0;3;58;58124;1;1;8.0;6.0;47,0857640000;3,0502240000;
202100039036.0;1;21;21183;1;4;1.0;3.0;47,2102250000;5,2752670000;
202100039037.0;1;07;07324;2;2;1.0;2.0;45,0593920000;4,8414950000;
202100039038.0;1;50;50297;1;1;2.0;7.0;49,1805680000; -1,0902050000;
202100039039.0;1;59;59136;2;1;1.0;6.0;50,1097170000;3,5422400000;
202100039040.0;1;13;13088;1;1;1.0;5.0;43,3858400000;5,2395000000;
202100039041.0;1;13;13005;1;1;1.0;2.0;43,2865250000;5,5363290000;
202100039042.0;1;69;69294;1;1;1.0;4.0;45,6373211455;4,8227448463;
202100039043.0;1;91;91340;1;1;1.0;3.0;48,6091000000;2,4394500000;
202100039044.0;1;91;91689;1;1;1.0;4.0;48,7393500000;2,3200900000;
202100039045.0;1;78;78007;1;1;1.0;4.0;48,8970200000;2,0064600000;
202100039046.0;1;78;78466;1;1;1.0;3.0;48,9320250000;1,9766760000;
202100039047.0;1;93;93008;1;1;1.0;3.0;48,9128800000;2,4359200000;
202100039048.0;1;93;93053;1;1;1.0;2.0;48,8908853098;2,4730238728;
202100039049.0;1;92;92036;1;1;1.0;2.0;48,9379300000;2,2979500000;
202100039050.0;1;93;93078;1;1;1.0;3.0;48,9597900000;2,5250400000;
202100039051.0;1;94;94028;1;1;1.0;2.0;48,7761700000;2,4352700000;
202100039052.0;3;77;77373;1;9;1.0;6.0;48,7749600662;2,6123786917;
202100039053.0;1;93;93066;2;7;1.0;3.0;48,9472580000;2,3735640000;
202100039054.0;1;34;34172;2;1;1.0;6.0;43,6025420000;3,8543540000;
202100039055.0;1;93;93053;2;3;1.0;3.0;48,8934580000;2,4443560000;
202100039056.0;1;64;64260;2;6;7.0;6.0;43,3551700000; -1,7745400000;
202100039057.0;1;47;47195;2;1;7.0;6.0;44,1349670000;0,3413220000;
202100039058.0;1;974;97411;2;9;1.0;7.0; -20,9011900000;55,4877900000;
202100039059.0;2;69;69259;2;3;1.0;3.0;45,6918600000;4,8722700000;
202100039060.0;1;69;69388;2;9;1.0;3.0;45,7349600000;4,8738400000;
202100039061.0;1;69;69387;2;1;1.0;2.0;45,7488600000;4,8440300000;
202100039062.0;1;69;69383;2;2;1.0;3.0;45,7540900000;4,8636100000;
202100039063.0;1;69;69388;2;1;1.0;6.0;45,7302900000;4,8535600000;
202100039064.0;5;69;69387;2;1;2.0;2.0;45,7432000000;4,8481200000;
202100039065.0;5;69;69389;2;1;1.0;7.0;45,7841700000;4,8032900000;
202100039066.0;1;69;69384;2;2;1.0;3.0;45,7795928519;4,8204544951;
202100039067.0;1;2B;2B033;2;4;1.0;;42,7062700000;9,4527700000;
202100039068.0;1;971;97101;1;2;1.0;7.0;16,2545700000; -61,4880200000;
202100039069.0;1;2A;2A004;2;1;1.0;7.0;41,9185146245;8,7369443341;
202100039070.0;5;91;91216;2;4;1.0;2.0;48,6744010000;2,3347680000;
202100039071.0;1;91;91570;2;1;1.0;3.0;48,6341600000;2,2971100000;
202100039072.0;1;91;91477;2;2;1.0;3.0;48,7238100000;2,2382600000;
202100039073.0;1;91;91421;1;1;1.0;3.0;48,6898900000;2,4652400000;
202100039074.0;1;91;91228;2;3;1.0;3.0;48,6187000000;2,4200000000;
202100039075.0;1;87;87075;2;1;2.0;7.0;45,8090000000;1,2258200000;
202100039076.0;1;87;87065;1;3;3.0;3.0;45,7982500000;1,2956500000;
202100039077.0;1;83;83129;2;1;1.0;6.0;43,0918940000;5,8442280000;
202100039078.0;1;80;80021;2;1;1.0;4.0;49,8981020000;2,2831020000;
202100039079.0;1;80;80021;2;1;1.0;4.0;49,9040100000;2,3007200000;
202100039080.0;5;77;77296;2;1;2.0;6.0;48,6191400000;2,5811400000;
202100039081.0;5;76;76351;2;1;1.0;6.0;49,5042689999;0,1781417094;
202100039082.0;1;76;76414;1;1;1.0;1.0;49,9046200000;1,1353100000;
202100039083.0;2;74;74298;2;6;1.0;3.0;46,1772100000;6,2442500000;
202100039084.0;1;72;72181;2;3;1.0;6.0;47,9615200000;0,2002000000;
202100039085.0;1;69;69264;2;1;1.0;2.0;45,9920300000;4,7422800000;
202100039086.0;1;67;67482;2;3;8.0;3.0;48,5974770000;7,7038700000;
202100039087.0;1;66;66136;2;1;1.0;2.0;42,7260700000;2,8875500000;
202100039088.0;1;64;64545;1;1;2.0;1.0;43,3615100000; -1,7194800000;
202100039089.0;1;64;64445;2;1;1.0;2.0;43,2997300000; -0,3744900000;
202100039090.0;1;64;64445;2;1;1.0;3.0;43,3110000000; -0,3621000000;
202100039091.0;1;64;64445;2;1;1.0;3.0;43,3154400000; -0,3324500000;
202100039092.0;1;64;64125;2;1;1.0;3.0;43,4467400000; -1,5791400000;
202100039093.0;1;64;64024;2;1;1.0;3.0;43,4637900000; -1,5042900000;
202100039094.0;1;64;64102;2;1;2.0;7.0;43,4897600000; -1,4821000000;
202100039095.0;1;64;64024;2;1;2.0;3.0;43,4843700000; -1,5182900000;
202100039096.0;1;62;62498;2;2;1.0;3.0;50,4289300000;2,8359000000;
202100039097.0;1;60;60665;1;1;8.0;2.0;49,4105100000;2,7744700000;
202100039098.0;1;60;60159;2;6;1.0;6.0;49,4043600000;2,8109200000;
202100039099.0;1;59;59299;2;2;1.0;3.0;50,6543380000;3,1891310000;
202100039100.0;1;56;56121;2;3;1.0;3.0;47,7642100000; -3,3895500000;
202100039101.0;5;54;54395;2;1;1.0;6.0;48,7018341209;6,1668893695;
202100039102.0;1;51;51454;2;1;1.0;7.0;49,2220670000;4,0178240000;
202100039103.0;1;45;45234;2;3;1.0;3.0;47,8794200000;1,9029200000;
202100039104.0;1;44;44190;2;1;1.0;6.0;47,2000000000; -1,4929000000;
202100039105.0;1;37;37261;2;3;1.0;6.0;47,3869769068;0,6981499717;
202100039106.0;1;37;37261;2;1;8.0;5.0;47,3880727435;0,7083515525;
202100039107.0;1;37;37233;2;6;1.0;3.0;47,3921394375;0,7253188448;
202100039108.0;1;36;36044;2;1;8.0;5.0;46,7816000000;1,7067000000;
202100039109.0;1;35;35238;2;1;1.0;6.0;48,0882400000; -1,6618400000;
202100039110.0;1;35;35051;2;6;1.0;3.0;48,1145000000; -1,6200000000;
202100039111.0;1;34;34032;2;2;7.0;6.0;43,3464970000;3,2190290000;
202100039112.0;1;33;33063;2;7;1.0;3.0;44,8432900000; -0,5703700000;
202100039113.0;1;31;31555;2;1;1.0;6.0;43,5713400000;1,3918700000;
202100039114.0;1;31;31555;2;1;1.0;3.0;43,5984300000;1,4186400000;
202100039115.0;3;29;29232;1;1;1.0;6.0;48,0172200000; -4,0810800000;
202100039116.0;1;29;29051;1;1;1.0;6.0;48,0270600000; -4,0214700000;