Num_Acc;lum;departement;commune;agglomeration;intersection;meteo;type_collision;lat;long;date
202100039117.0;1;25;25462;2;3;1.0;6.0;46,9021500000;6,3582500000;
202100039118.0;2;24;24037;2;9;1.0;3.0;44,8569200000;0,4919200000;
202100039119.0;1;22;22187;2;2;1.0;3.0;48,5402790000; -2,7711200000;
202100039120.0;1;22;22278;2;7;1.0;7.0;48,5065809746; -2,7506750819;
202100039121.0;1;22;22360;1;6;1.0;3.0;48,4778910000; -2,7682020000;
202100039122.0;1;22;22278;2;1;1.0;1.0;48,5092240968; -2,7543754576;
202100039123.0;1;19;19272;2;9;2.0;7.0;45,2605568795;1,7549835401;
202100039124.0;1;17;17028;2;1;1.0;6.0;46,1325100000; -1,0901900000;
202100039125.0;1;15;15014;2;1;1.0;3.0;44,9301000000;2,4499100000;
202100039126.0;1;13;13208;2;2;1.0;1.0;43,2790300000;5,3917600000;
202100039127.0;1;13;13207;2;2;1.0;3.0;43,2861100000;5,3603200000;
202100039128.0;1;13;13210;2;1;1.0;6.0;43,2806470000;5,4210690000;
202100039129.0;1;10;10387;2;2;1.0;3.0;48,2822540000;4,0708040000;
202100039130.0;1;06;06027;2;9;1.0;6.0;43,6637300000;7,1488200000;
202100039131.0;1;05;05061;2;3;1.0;3.0;44,5549290000;6,0700670000;
202100039132.0;1;01;01053;2;6;1.0;6.0;46,1899430000;5,2327730000;
202100039133.0;1;75;75120;2;1;1.0;5.0;48,8518730000;2,4149580000;
202100039134.0;1;75;75119;2;1;1.0;3.0;48,8953850000;2,3948020000;
202100039135.0;1;75;75118;2;1;1.0;2.0;48,9007280000;2,3629690000;
202100039136.0;1;75;75119;2;1;8.0;3.0;48,9003270000;2,3793670000;
202100039137.0;1;75;75107;2;2;1.0;3.0;48,8494330000;2,3151500000;
202100039138.0;5;75;75116;2;4;1.0;4.0;48,8648950000;2,2490600000;
202100039139.0;1;75;75106;2;1;1.0;2.0;48,8503380000;2,3270740000;
202100039140.0;2;75;75120;2;2;1.0;2.0;48,8527030000;2,4061090000;
202100039141.0;2;75;75116;2;2;1.0;3.0;48,8499380000;2,2722440000;
202100039142.0;1;75;75115;2;1;2.0;6.0;48,8377030000;2,2893580000;
202100039143.0;4;75;75112;2;2;1.0;3.0;48,8373060000;2,3912080000;
202100039144.0;1;75;75112;2;2;1.0;3.0;48,8469250000;2,3738680000;
202100039145.0;1;75;75111;2;3;1.0;2.0;48,8579910000;2,3815800000;
202100039146.0;1;75;75110;2;3;1.0;3.0;48,8804010000;2,3642980000;
202100039147.0;1;75;75107;2;2;1.0;1.0;48,8600450000;2,3245750000;
202100039148.0;1;75;75104;2;2;2.0;6.0;48,8585040000;2,3482150000;
202100039149.0;1;94;94021;2;1;1.0;2.0;48,7759700000;2,3578200000;
202100039150.0;1;94;94011;2;1;1.0;3.0;48,7830200000;2,4877600000;
202100039151.0;1;94;94011;2;1;1.0;3.0;48,7706910000;2,4898530000;
202100039152.0;1;94;94017;2;3;1.0;6.0;48,8126500000;2,5141400000;
202100039153.0;1;94;94070;1;1;1.0;4.0;48,7242600000;2,5590700000;
202100039154.0;1;93;93039;2;1;2.0;1.0;48,9469620000;2,3260180000;
202100039155.0;2;93;93048;2;1;1.0;3.0;48,8563300000;2,4267200000;
202100039156.0;1;93;93046;2;9;1.0;6.0;48,9042490000;2,5206390000;
202100039157.0;1;93;93006;2;1;1.0;3.0;48,8723600000;2,4285100000;
202100039158.0;1;93;93001;2;1;1.0;6.0;48,9141260000;2,3804170000;
202100039159.0;1;92;92046;2;3;8.0;3.0;48,8192255232;2,3009490967;
202100039160.0;1;92;92077;2;1;2.0;6.0;48,8286000000;2,1830800000;
202100039161.0;1;92;92064;2;9;1.0;4.0;48,8592186013;2,2124898434;
202100039162.0;1;92;92063;2;1;1.0;2.0;48,8774000000;2,1734800000;
202100039163.0;1;92;92063;2;3;1.0;3.0;48,8773961092;2,1734851599;
202100039164.0;1;92;92050;2;2;1.0;2.0;48,8853582394;2,1958588064;
202100039165.0;1;92;92020;2;1;2.0;3.0;48,8099300000;2,2825900000;
202100039166.0;1;92;92024;2;2;1.0;6.0;48,9044715617;2,3037283049;
202100039167.0;1;92;92024;2;6;1.0;4.0;48,9107900000;2,3055500000;
202100039168.0;1;92;92012;2;1;8.0;3.0;48,8240984629;2,2424469917;
202100039169.0;1;12;12136;1;1;1.0;6.0;44,4147010000;2,0954970000;
202100039170.0;1;17;17094;1;1;1.0;6.0;46,0626790000; -1,0613820000;
202100039171.0;1;11;11438;1;1;1.0;4.0;43,2356110000;2,0997360000;
202100039172.0;2;972;97222;1;1;1.0;2.0;14,6973430000; -60,9416560000;
202100039173.0;1;91;91665;2;1;1.0;7.0;48,6586190000;2,2705650000;
202100039174.0;1;58;58270;1;1;1.0;7.0;47,4870820000;3,0540060000;
202100039175.0;1;62;62580;2;1;1.0;1.0;50,3989800000;2,4325330000;
202100039176.0;1;34;34270;1;1;1.0;4.0;43,5894370000;3,8218690000;
202100039177.0;2;74;74105;2;3;8.0;6.0;46,3089550000;6,3117340000;
202100039178.0;3;95;95055;1;1;1.0;6.0;49,0996300000;2,4604320000;
202100039179.0;1;19;19105;1;1;1.0;7.0;45,1036860585;1,6326971054;
202100039180.0;1;56;56174;1;1;1.0;7.0;47,8755120000; -2,8672710000;
202100039181.0;1;56;56184;1;1;1.0;6.0;47,6837330000; -2,4432300000;
202100039182.0;2;79;79210;1;2;1.0;1.0;46,8383540000; -0,6584500000;
202100039183.0;1;31;31150;2;6;1.0;6.0;43,6543510000;1,3238630000;
202100039184.0;3;81;81220;1;1;1.0;6.0;43,8343830000;1,7488660000;
202100039185.0;1;32;32402;1;2;1.0;3.0;43,7859200000;0,3870320000;
202100039186.0;1;71;71263;2;6;3.0;6.0;46,6280850000;5,2213370000;
202100039187.0;1;89;89414;1;1;1.0;7.0;48,2972360000;3,3699290000;
202100039188.0;2;25;25280;1;1;2.0;1.0;47,2578910000;6,9440350000;
202100039189.0;1;31;31553;1;2;1.0;1.0;43,7154030000;1,1683060000;
202100039190.0;1;31;31091;2;1;1.0;1.0;43,7140540000;1,3987670000;
202100039191.0;3;01;01123;1;1;2.0;6.0;46,2454680000;4,8153940000;
202100039192.0;1;14;14514;2;3;1.0;3.0;49,2811180000;0,1867890000;
202100039193.0;1;60;60567;1;1;1.0;4.0;49,4385040000;1,8872670000;
202100039194.0;2;45;45026;1;2;7.0;3.0;48,1438120000;2,9620170000;
202100039195.0;1;10;10334;1;1;1.0;2.0;48,4962320000;3,5345720000;
202100039196.0;1;53;53185;2;1;1.0;6.0;48,4592320000; -0,2028180000;
202100039197.0;1;30;30181;1;1;1.0;7.0;43,9133950000;4,1102870000;
202100039198.0;2;31;31020;1;1;1.0;6.0;43,0088630000;0,8412240000;
202100039199.0;1;33;33552;1;1;1.0;1.0;44,6325560000; -0,4139530000;
202100039200.0;1;27;27554;1;1;1.0;2.0;49,0901640000;1,3696590000;
202100039201.0;1;13;13018;1;1;1.0;3.0;43,8629380000;4,9729660000;
202100039202.0;1;77;77069;1;1;1.0;3.0;48,4554860000;2,6110450000;
202100039203.0;1;11;11144;1;1;1.0;3.0;42,8682580000;2,9863070000;
202100039204.0;5;987;98733;2;1;1.0;3.0; -17,6754840000; -149,5896240000;
202100039205.0;1;971;97128;2;3;1.0;2.0;16,2468760000; -61,3644040000;
202100039206.0;4;30;30258;2;2;1.0;3.0;43,6729750000;4,4348840000;
202100039207.0;1;83;83066;1;1;1.0;3.0;43,6803190000;5,8432030000;
202100039208.0;1;04;04128;1;1;1.0;7.0;43,8438050000;5,6883700000;
202100039209.0;1;13;13059;1;1;1.0;3.0;43,6585970000;5,4942580000;
202100039210.0;1;70;70262;1;1;1.0;1.0;47,6721280000;6,3835390000;
202100039211.0;1;68;68185;1;1;1.0;1.0;48,2665410000;7,3012090000;
202100039212.0;2;68;68095;1;1;1.0;1.0;48,0977020000;7,4465850000;
202100039213.0;1;55;55427;1;1;1.0;1.0;48,8128830000;4,9707130000;
202100039214.0;1;44;44209;2;1;1.0;6.0;47,3308430000; -1,6243190000;
202100039215.0;3;69;69019;1;1;1.0;7.0;46,1141866048;4,7277420759;
202100039216.0;1;69;69116;1;1;1.0;6.0;45,8417090000;4,7765260000;
202100039217.0;1;31;31263;1;1;1.0;1.0;43,3989830000;1,4036320000;
202100039218.0;1;56;56069;2;1;1.0;6.0;47,6389570000; -3,4561980000;
202100039219.0;1;22;22339;2;1;1.0;6.0;48,4769330000; -2,0438330000;
202100039220.0;1;35;35047;2;1;1.0;6.0;48,0339900000; -1,7587300000;
202100039221.0;1;60;60317;1;1;2.0;1.0;49,3313450000;2,3118710000;
202100039222.0;1;13;13071;1;1;1.0;3.0;43,3982100000;5,2989500000;
202100039223.0;1;13;13211;1;1;1.0;2.0;43,2926600000;5,4545200000;
202100039224.0;1;13;13215;1;1;1.0;2.0;43,3849200000;5,3509100000;
202100039225.0;1;13;13056;1;1;1.0;6.0;43,3950500000;5,0674800000;
202100039226.0;1;13;13070;1;1;1.0;2.0;43,2862084286;5,5101557758;
202100039227.0;1;83;83126;1;1;1.0;3.0;43,1194770000;5,8607650000;
202100039228.0;1;67;67482;1;1;1.0;4.0;48,5862236277;7,7195926891;
202100039229.0;1;67;67049;1;1;1.0;4.0;48,5230100000;7,6198800000;
202100039230.0;1;33;33162;1;1;1.0;6.0;44,8779180000; -0,6304190000;
202100039231.0;1;33;33281;1;1;1.0;2.0;44,8238680000; -0,6744530000;
202100039232.0;1;92;92050;1;1;1.0;4.0;48,9162740461;2,2212873621;
202100039233.0;1;92;92025;1;1;1.0;4.0;48,9270323695;2,2366148297;
202100039234.0;1;92;92025;1;1;1.0;2.0;48,9233278822;2,2286303863;
202100039235.0;1;78;78646;1;1;3.0;5.0;48,7933910000;2,0755480000;
202100039236.0;1;60;60241;1;1;1.0;2.0;49,1594700000;2,5950100000;
202100039237.0;3;95;95572;1;1;1.0;6.0;49,0333000000;2,1055000000;
202100039238.0;1;93;93048;1;1;1.0;4.0;48,8644900000;2,4824800000;
202100039239.0;1;93;93008;1;1;2.0;2.0;48,9132900000;2,4347200000;
202100039240.0;1;95;95394;1;1;3.0;6.0;49,0515600000;2,1822800000;
202100039241.0;1;93;93007;1;1;1.0;2.0;48,9331100000;2,4807300000;
202100039242.0;1;93;93053;1;1;2.0;5.0;48,8950300000;2,4713300000;
202100039243.0;1;93;93051;1;1;1.0;2.0;48,8367800000;2,5455500000;
202100039244.0;1;94;94017;1;1;1.0;3.0;48,8271790507;2,5086856622;
202100039245.0;1;94;94069;1;1;1.0;7.0;48,8175800000;2,4350500000;
202100039246.0;1;33;33522;2;3;1.0;6.0;44,7985600000; -0,5913700000;
202100039247.0;1;976;97611;2;1;1.0;6.0; -12,7816900000;45,2315000000;
202100039248.0;1;72;72181;2;1;1.0;6.0;47,9751000000;0,2155000000;
202100039249.0;1;988;98818;2;3;1.0;3.0; -22,2882400000;166,4480100000;
202100039250.0;2;974;97416;1;1;1.0;3.0; -21,3227900000;55,4464300000;
202100039251.0;1;974;97416;2;6;1.0;3.0; -21,3385000000;55,4586000000;
202100039252.0;1;974;97416;1;3;1.0;3.0; -21,3182710000;55,4732780000;
202100039253.0;1;974;97407;1;1;1.0;3.0; -20,9587000000;55,3221400000;
202100039254.0;1;973;97302;2;1;2.0;2.0;4,9203700000; -52,3207700000;
202100039255.0;1;69;69388;2;2;8.0;3.0;45,7473200000;4,8650200000;
202100039256.0;1;69;69387;2;1;2.0;3.0;45,7502600000;4,8538900000;
202100039257.0;5;69;69383;2;1;1.0;4.0;45,7552985437;4,8529906869;
202100039258.0;1;972;97209;1;1;1.0;2.0;14,6147300000; -61,0466400000;
202100039259.0;1;69;69202;2;2;1.0;3.0;45,7439600000;4,7982400000;
202100039260.0;1;69;69384;2;1;8.0;4.0;45,7745600000;4,8134200000;
202100039261.0;2;2A;2A004;2;1;1.0;7.0;41,9446000000;8,7566600000;
202100039262.0;1;2A;2A004;2;2;1.0;3.0;41,9496000000;8,7753300000;
202100039263.0;1;91;91421;2;1;2.0;6.0;48,7176300000;2,4454200000;
202100039264.0;1;91;91228;2;6;1.0;3.0;48,6135400000;2,4248300000;
202100039265.0;5;83;83126;2;9;1.0;6.0;43,1167130000;5,8629040000;
202100039266.0;1;80;80021;2;1;1.0;3.0;49,8755900000;2,2818000000;
202100039267.0;1;80;80021;2;1;1.0;2.0;49,8810100000;2,3308000000;
202100039268.0;1;80;80021;2;1;1.0;3.0;49,8934800000;2,2542800000;
202100039269.0;2;76;76351;1;3;1.0;7.0;49,4804900000;0,1487700000;
202100039270.0;1;76;76217;2;1;1.0;3.0;49,9248000000;1,0807200000;
202100039271.0;1;69;69290;1;1;1.0;2.0;45,6972900000;4,9826900000;
202100039272.0;1;69;69266;2;3;1.0;3.0;45,7555700000;4,8901300000;
202100039273.0;1;69;69266;2;4;1.0;3.0;45,7613700000;4,8833300000;
202100039274.0;1;64;64129;2;3;1.0;3.0;43,3042500000; -0,4003000000;
202100039275.0;1;64;64445;2;2;1.0;3.0;43,3018100000; -0,3562100000;
202100039276.0;1;64;64445;2;3;1.0;3.0;43,3070400000; -0,3764100000;
202100039277.0;1;62;62826;2;6;1.0;3.0;50,5147200000;1,6082100000;
202100039278.0;4;62;62274;1;1;1.0;3.0;50,4531150000;2,9770700000;
202100039279.0;1;62;62193;1;1;1.0;6.0;50,9703700000;1,8794000000;
202100039280.0;1;59;59009;2;1;1.0;2.0;50,6588300000;3,1347000000;
202100039281.0;1;51;51454;2;2;1.0;3.0;49,2762900000;4,0268700000;
202100039282.0;1;50;50129;2;1;1.0;2.0;49,6461000000; -1,6214000000;
202100039283.0;1;49;49328;2;1;1.0;6.0;47,2538200000; -0,0856400000;
202100039284.0;1;49;49267;2;2;1.0;3.0;47,4708000000; -0,5190000000;
202100039285.0;1;47;47323;2;3;1.0;3.0;44,4086700000;0,7307600000;
202100039286.0;1;42;42095;2;1;1.0;6.0;45,3899000000;4,2907000000;
202100039287.0;1;35;35238;2;1;1.0;4.0;48,0935200000; -1,6483700000;
202100039288.0;1;35;35238;2;2;2.0;7.0;48,1069800000; -1,6706800000;
202100039289.0;1;34;34108;1;1;1.0;1.0;43,4299800000;3,7050900000;
202100039290.0;1;34;34032;2;1;1.0;6.0;43,3424700000;3,2394000000;
202100039291.0;1;33;33063;2;2;2.0;3.0;44,8879500000; -0,5572900000;
202100039292.0;1;33;33013;2;4;2.0;1.0;44,8587500000; -0,4811200000;
202100039293.0;1;32;32013;2;1;2.0;2.0;43,6472600000;0,5889000000;
202100039294.0;1;29;29232;1;3;1.0;3.0;47,9666543383; -4,0613329413;
202100039295.0;1;29;29232;2;1;1.0;1.0;47,9959570347; -4,0808406473;
202100039296.0;1;25;25462;2;1;1.0;2.0;46,9135600000;6,3510200000;
202100039297.0;1;14;14118;2;2;1.0;3.0;49,2071508890; -0,3620209695;
202100039298.0;1;13;13026;2;1;1.0;5.0;43,3836600000;5,1715700000;
202100039299.0;5;13;13211;2;1;1.0;2.0;43,2916770051;5,4605715773;
202100039300.0;5;13;13205;2;1;1.0;1.0;43,2879260000;5,3912790000;
202100039301.0;5;13;13205;2;1;1.0;1.0;43,2917627174;5,4079656028;
202100039302.0;5;13;13209;2;1;1.0;3.0;43,2458880000;5,4172200000;
202100039303.0;1;13;13208;2;1;1.0;6.0;43,2336850000;5,3612100000;
202100039304.0;1;13;13202;2;2;1.0;2.0;43,3166950000;5,3691070000;
202100039305.0;1;13;13214;2;1;1.0;1.0;43,3239790000;5,3886850000;
202100039306.0;1;13;13213;2;9;1.0;2.0;43,3168690000;5,3967730000;
202100039307.0;1;13;13203;2;1;1.0;3.0;43,3168030000;5,3756960000;
202100039308.0;1;13;13210;2;9;2.0;3.0;43,2808000000;5,3994030000;
202100039309.0;1;07;07340;2;3;1.0;3.0;44,7294000000;4,5684500000;
202100039310.0;1;07;07281;2;1;1.0;7.0;44,9450200000;4,8555900000;
202100039311.0;1;06;06088;2;1;1.0;6.0;43,6920210000;7,2464990000;
202100039312.0;1;06;06069;2;1;1.0;6.0;43,6546850000;6,9219920000;
202100039313.0;1;06;06069;2;1;1.0;6.0;43,6504420000;6,9183910000;
202100039314.0;1;05;05061;2;3;2.0;3.0;44,5516100000;6,0707000000;
202100039315.0;1;01;01053;2;1;1.0;6.0;46,2071000000;5,2311500000;
202100039316.0;1;75;75120;2;7;2.0;2.0;48,8646640000;2,4086470000;
202100039317.0;1;75;75119;2;1;1.0;3.0;48,8960650000;2,3788990000;
202100039318.0;1;75;75116;2;1;1.0;2.0;48,8418610000;2,2695710000;
202100039319.0;1;75;75115;2;2;1.0;6.0;48,8498450000;2,2950060000;
202100039320.0;1;75;75111;2;3;1.0;3.0;48,8690320000;2,3717670000;
202100039321.0;1;75;75108;2;5;1.0;3.0;48,8748420000;2,3198180000;
202100039322.0;1;94;94081;2;1;1.0;3.0;48,7862000000;2,3917900000;
202100039323.0;1;94;94067;2;3;1.0;3.0;48,8401560000;2,4175820000;
202100039324.0;1;94;94078;2;1;1.0;3.0;48,7211800000;2,4429400000;
202100039325.0;1;94;94068;2;5;1.0;3.0;48,8046741297;2,4857372046;
202100039326.0;2;94;94021;2;9;1.0;3.0;48,7724000000;2,3676000000;
202100039327.0;1;94;94028;2;1;1.0;1.0;48,7912216003;2,4446511269;
202100039328.0;1;94;94075;2;1;1.0;1.0;48,7330000000;2,5170000000;
202100039329.0;1;94;94002;2;2;1.0;3.0;48,7993300000;2,4252300000;
202100039330.0;1;93;93070;2;1;2.0;4.0;48,9142900000;2,3182100000;
202100039331.0;1;93;93066;2;1;2.0;1.0;48,9430050000;2,3824710000;
202100039332.0;1;93;93032;2;2;8.0;3.0;48,8881700000;2,5293000000;
202100039333.0;1;92;92073;2;2;2.0;3.0;48,8734848262;2,2252370417;
202100039334.0;1;92;92064;2;9;1.0;6.0;48,8501630346;2,2092101723;
202100039335.0;5;92;92020;2;6;1.0;6.0;48,8073694278;2,2983014396;
202100039336.0;1;62;62308;1;1;1.0;1.0;50,7182570000;1,9418500000;
202100039337.0;1;11;11068;1;1;1.0;6.0;43,1784714000;2,5430399180;
202100039338.0;1;84;84069;1;1;1.0;7.0;44,1427980000;5,1322250000;
202100039339.0;2;972;97210;1;1;1.0;3.0;14,5858210000; -60,9145810000;
202100039340.0;1;12;12194;1;1;1.0;5.0;44,2392810000;2,4090150000;
202100039341.0;1;86;86273;2;1;1.0;6.0;46,4640456000;1,0376890000;
202100039342.0;5;91;91665;2;2;1.0;3.0;48,6603170000;2,2760370000;
202100039343.0;1;65;65353;1;1;1.0;5.0;43,1782323165;0,2501969934;
202100039344.0;2;56;56178;1;1;1.0;6.0;48,0669810000; -2,9937740000;
202100039345.0;2;79;79079;2;1;1.0;6.0;46,9162120000; -0,7080250000;
202100039346.0;1;2B;2B341;1;3;1.0;3.0;42,1943630000;9,1681980000;
202100039347.0;1;65;65235;2;9;9.0;1.0;43,1994860000;0,0147900000;
202100039348.0;1;69;69088;2;3;1.0;2.0;45,8332860000;4,8456260000;
202100039349.0;1;63;63430;2;9;3.0;3.0;45,8639850000;3,5298680000;
202100039350.0;3;61;61130;1;1;1.0;1.0;48,5189280000;0,4873090000;
202100039351.0;1;61;61150;1;1;1.0;1.0;48,7199970000;0,4202160000;
202100039352.0;1;12;12030;1;4;3.0;3.0;44,5725930000;2,1542540000;
202100039353.0;1;25;25367;1;1;2.0;1.0;47,4308140000;6,7959200000;
202100039354.0;1;02;02071;1;1;1.0;7.0;49,4075110000;3,1698190000;
202100039355.0;1;01;01098;2;1;1.0;6.0;45,8055820000;5,6829840000;
202100039356.0;1;26;26353;2;1;1.0;6.0;44,6654850000;4,7918870000;
202100039357.0;1;06;06105;2;1;1.0;3.0;43,6678170000;7,0447360000;
202100039358.0;1;05;05170;1;1;1.0;6.0;44,4463620000;6,0320950000;
202100039359.0;1;60;60584;2;1;1.0;7.0;49,2158330564;2,4138159156;
202100039360.0;1;40;40104;1;1;1.0;1.0;43,7239630000; -0,8567730000;
202100039361.0;2;85;85127;2;3;9.0;3.0;46,4251310000; -1,4867750000;
202100039362.0;1;85;85047;2;3;1.0;1.0;46,8497600000; -1,8647100000;
202100039363.0;1;37;37061;1;1;1.0;1.0;46,9163680000;1,0232950000;
202100039364.0;2;37;37186;2;2;1.0;3.0;47,2552884194;0,5770544542;
202100039365.0;1;30;30133;2;1;1.0;6.0;43,5383870000;4,1400470000;
202100039366.0;1;30;30212;2;1;1.0;7.0;43,9431790000;4,5684990000;
202100039367.0;1;88;88075;2;1;2.0;3.0;48,0032360000;6,8734230000;
202100039368.0;1;31;31107;1;1;1.0;2.0;43,3107520000;1,2016940000;
202100039369.0;1;06;06149;1;1;1.0;7.0;43,7429800000;7,3437170000;
202100039370.0;1;971;97103;1;1;1.0;3.0;16,2340670000; -61,6184150000;
202100039371.0;3;986;98613;1;1;1.0;1.0; -13,3398220000; -176,1949490000;
202100039372.0;2;974;97421;2;4;1.0;7.0; -21,0322560000;55,5058750000;
202100039373.0;2;971;97129;2;1;1.0;3.0;16,3262760000; -61,6905440000;
202100039374.0;1;33;33118;2;1;1.0;7.0;44,7809440000; -0,4624240000;
202100039375.0;1;91;91461;2;1;1.0;6.0;48,5955040000;2,2274350000;
202100039376.0;1;2A;2A247;2;1;1.0;6.0;41,6124420000;9,2793490000;
202100039377.0;1;84;84012;2;1;1.0;1.0;44,1178840000;5,0177130000;
202100039378.0;1;84;84092;2;9;1.0;3.0;43,9518180000;4,8493210000;
202100039379.0;1;83;83112;1;1;1.0;7.0;43,1724320000;5,7155420000;
202100039380.0;3;74;74290;1;1;2.0;6.0;46,0156620000;6,9191820000;
202100039381.0;1;64;64304;2;6;1.0;3.0;43,4730570000; -1,3954570000;
202100039382.0;1;33;33060;1;4;1.0;1.0;44,5626610000; -0,3426630000;
202100039383.0;1;85;85222;2;3;1.0;3.0;46,6947780000; -1,9167280000;
202100039384.0;2;22;22176;1;2;1.0;4.0;48,4568290000; -2,7541570000;
202100039385.0;1;27;27546;1;1;1.0;6.0;49,0880470000;1,1383030000;
202100039386.0;2;13;13056;1;1;1.0;7.0;43,3966800000;5,0440700000;
202100039387.0;1;69;69091;1;1;2.0;4.0;45,5899800000;4,7727900000;
202100039388.0;3;54;54320;1;1;1.0;4.0;48,8729300000;6,0952700000;
202100039389.0;1;33;33090;1;1;1.0;4.0;44,7709920000; -0,6603370000;
202100039390.0;1;94;94034;1;1;1.0;4.0;48,7595000000;2,3222000000;
202100039391.0;1;91;91553;1;1;1.0;6.0;48,6258000000;2,4734000000;
202100039392.0;5;94;94003;1;1;1.0;7.0;48,8016600000;2,3420400000;
202100039393.0;1;78;78498;1;1;1.0;3.0;48,9168440000;2,0055710000;
202100039394.0;1;92;92064;1;1;3.0;4.0;48,8429820546;2,2224709619;
202100039395.0;1;92;92050;1;1;2.0;2.0;48,9034700000;2,2057000000;
202100039396.0;1;78;78646;1;1;1.0;2.0;48,7912950000;2,1037780000;
202100039397.0;2;93;93053;1;1;2.0;3.0;48,8950200000;2,4713300000;
202100039398.0;1;93;93066;1;1;2.0;2.0;48,9227549984;2,3523496029;
202100039399.0;1;93;93008;1;1;1.0;4.0;48,9106300000;2,4428700000;
202100039400.0;1;95;95042;1;1;1.0;6.0;49,0577700000;2,2857400000;
202100039401.0;1;93;93053;1;1;1.0;3.0;48,8962100000;2,4702200000;
202100039402.0;3;94;94044;1;1;2.0;6.0;48,7580093028;2,4707581809;
202100039403.0;1;72;72181;2;2;8.0;1.0;47,9893720000;0,2208100000;
202100039404.0;1;32;32013;2;1;8.0;6.0;43,6489000000;0,5894000000;
202100039405.0;1;06;06029;2;1;1.0;6.0;43,5513700000;7,0175000000;
202100039406.0;1;06;06030;2;1;1.0;6.0;43,5782500000;7,0093000000;
202100039407.0;1;91;91425;1;1;1.0;6.0;48,6514500000;2,2727900000;
202100039408.0;5;76;76351;2;1;1.0;6.0;49,4946900000;0,1255800000;
202100039409.0;1;58;58194;2;1;1.0;3.0;46,9908000000;3,1236000000;
202100039410.0;3;973;97302;2;1;3.0;3.0;4,9349498405; -52,2986226357;
202100039411.0;1;69;69383;2;2;1.0;2.0;45,7458800000;4,8874200000;
202100039412.0;1;69;69259;2;2;1.0;3.0;45,6961000000;4,8971900000;
202100039413.0;1;69;69388;2;6;8.0;3.0;45,7426400000;4,8791400000;
202100039414.0;1;972;97209;2;1;1.0;6.0;14,6103400000; -61,0477500000;
202100039415.0;1;69;69034;2;1;2.0;2.0;45,7976750100;4,8520259101;
202100039416.0;1;971;97113;1;1;1.0;1.0;16,2336400000; -61,4559600000;
202100039417.0;1;971;97113;1;1;1.0;3.0;16,2323384064; -61,5103054047;
202100039418.0;1;971;97113;1;1;1.0;7.0;16,2368100000; -61,4512800000;
202100039419.0;1;95;95680;2;1;2.0;6.0;48,9974711854;2,4126465599;
202100039420.0;1;95;95277;2;1;2.0;3.0;49,0040930187;2,4243079693;
202100039421.0;1;91;91377;2;3;1.0;1.0;48,7327400000;2,2646700000;
202100039422.0;1;91;91667;2;1;1.0;2.0;48,6532670000;2,3378150000;
202100039423.0;1;91;91223;2;6;1.0;2.0;48,4372100000;2,1632800000;
202100039424.0;1;91;91433;1;1;1.0;6.0;48,4700700000;2,1853000000;
202100039425.0;2;78;78650;2;2;2.0;3.0;48,8934300000;2,1376500000;
202100039426.0;1;78;78502;2;1;2.0;3.0;48,8779100000;2,1152000000;
202100039427.0;1;78;78551;2;1;8.0;6.0;48,8974900000;2,0948200000;
202100039428.0;1;77;77172;2;4;1.0;1.0;48,3602800000;2,9707300000;
202100039429.0;3;73;73065;1;1;1.0;7.0;45,5985791293;5,9252235023;
202100039430.0;1;71;71153;2;6;8.0;3.0;46,8085800000;4,4283100000;
202100039431.0;1;69;69266;2;3;1.0;6.0;45,7697000000;4,8719000000;
202100039432.0;1;69;69266;2;2;8.0;6.0;45,7618600000;4,8807900000;
202100039433.0;1;69;69266;2;1;1.0;6.0;45,7587348029;4,8763407359;
202100039434.0;5;66;66136;2;3;1.0;3.0;42,6949600000;2,9041200000;
202100039435.0;1;65;65440;2;9;2.0;3.0;43,2242780000;0,0517320000;
202100039436.0;1;65;65440;2;2;2.0;6.0;43,2444700000;0,0733300000;
202100039437.0;1;64;64269;2;1;1.0;3.0;43,2987200000; -0,3051600000;
202100039438.0;2;62;62497;2;1;1.0;3.0;50,4375790000;3,0609260000;
202100039439.0;1;61;61218;1;1;3.0;7.0;48,7452600000; -0,6125300000;
202100039440.0;1;60;60463;2;2;1.0;2.0;49,2686500000;2,4774800000;
202100039441.0;1;56;56121;2;2;3.0;3.0;47,7430500000; -3,3890100000;
202100039442.0;1;54;54395;2;1;1.0;6.0;48,6964559723;6,1517965794;
202100039443.0;1;54;54395;2;1;2.0;6.0;48,6863000000;6,1676000000;
202100039444.0;1;54;54304;2;1;1.0;6.0;48,6800179011;6,1507565528;