Num_Acc;lum;departement;commune;agglomeration;intersection;meteo;type_collision;lat;long;date
202100039774.0;1;38;38111;2;1;1.0;7.0;45,1202610000;5,6956820000;
202100039775.0;1;22;22242;1;1;1.0;7.0;48,6075770000; -2,4236230000;
202100039776.0;1;35;35031;1;1;2.0;1.0;48,1710660000; -1,4156910000;
202100039777.0;1;60;60446;1;6;1.0;7.0;49,1472150000;2,8114700000;
202100039778.0;1;60;60612;2;1;2.0;6.0;49,2126839174;2,5870120821;
202100039779.0;1;60;60439;1;1;2.0;6.0;49,3181850000;2,3014210000;
202100039780.0;1;13;13055;1;1;1.0;2.0;43,3300700000;5,3941200000;
202100039781.0;1;13;13055;1;1;1.0;2.0;43,3298100000;5,4054000000;
202100039782.0;1;67;67447;1;1;1.0;3.0;48,6031300000;7,7300500000;
202100039783.0;1;33;33249;1;1;1.0;4.0;44,8736640000; -0,5067190000;
202100039784.0;1;91;91064;1;1;1.0;2.0;48,7420200000;2,1860900000;
202100039785.0;1;91;91340;1;1;2.0;7.0;48,6090000000;2,4340000000;
202100039786.0;1;94;94038;1;1;1.0;4.0;48,7730800000;2,3460700000;
202100039787.0;1;94;94034;1;1;1.0;6.0;48,7547000000;2,3344000000;
202100039788.0;1;91;91471;1;1;2.0;3.0;48,7121200000;2,1836100000;
202100039789.0;1;92;92036;1;1;3.0;6.0;48,9299797032;2,3022826891;
202100039790.0;1;92;92064;1;1;3.0;2.0;48,8395693208;2,2020814717;
202100039791.0;3;78;78455;1;1;2.0;3.0;48,8526300000;2,0638400000;
202100039792.0;1;94;94065;1;1;1.0;4.0;48,7536700000;2,3646300000;
202100039793.0;1;94;94073;1;9;2.0;2.0;48,7559113677;2,3835111093;
202100039794.0;1;77;77450;1;1;1.0;6.0;48,7193293662;2,5987937246;
202100039795.0;1;77;77169;1;1;2.0;6.0;48,8231306326;2,6150894957;
202100039796.0;1;94;94017;1;1;1.0;5.0;48,8280100000;2,5052000000;
202100039797.0;3;976;97611;2;1;1.0;6.0; -12,7957300000;45,2154600000;
202100039798.0;1;974;97411;1;1;1.0;6.0; -20,9185200000;55,4795000000;
202100039799.0;1;973;97302;1;1;2.0;7.0;4,8968421495; -52,3285195828;
202100039800.0;2;69;69388;2;2;2.0;3.0;45,7305700000;4,8644800000;
202100039801.0;1;69;69387;2;2;2.0;3.0;45,7505200000;4,8462600000;
202100039802.0;1;972;97213;2;1;1.0;2.0;14,6161149735; -61,0340023045;
202100039803.0;1;69;69384;2;2;2.0;1.0;45,7796000000;4,8208000000;
202100039804.0;1;69;69382;2;2;2.0;1.0;45,7519000000;4,8310900000;
202100039805.0;1;2B;2B033;2;1;1.0;1.0;42,6838000000;9,4447200000;
202100039806.0;1;2B;2B033;2;6;1.0;3.0;42,7018438835;9,4526445525;
202100039807.0;1;91;91103;2;9;2.0;3.0;48,5884300000;2,3006500000;
202100039808.0;5;91;91114;2;1;2.0;6.0;48,7052700000;2,4955500000;
202100039809.0;1;91;91691;2;1;2.0;3.0;48,7167900000;2,4999500000;
202100039810.0;1;82;82033;1;1;2.0;6.0;44,0425700000;1,1560900000;
202100039811.0;1;77;77468;2;1;1.0;2.0;48,8500000000;2,6480000000;
202100039812.0;1;74;74012;2;7;1.0;3.0;46,1922200000;6,2320000000;
202100039813.0;1;68;68224;2;2;2.0;1.0;47,7300000000;7,2900000000;
202100039814.0;5;59;59512;2;1;1.0;2.0;50,6957254245;3,1665936519;
202100039815.0;1;59;59512;2;2;1.0;3.0;50,6875300000;3,1981600000;
202100039816.0;1;57;57606;2;1;1.0;3.0;49,1074055000;6,7099288000;
202100039817.0;1;51;51058;2;1;8.0;7.0;49,2151300000;4,0022600000;
202100039818.0;1;51;51454;2;1;1.0;2.0;49,2202717330;4,0204328299;
202100039819.0;1;51;51454;2;3;2.0;1.0;49,2464578404;4,0393157317;
202100039820.0;1;49;49007;2;2;1.0;6.0;47,4826900000; -0,5306500000;
202100039821.0;1;41;41276;2;1;8.0;6.0;47,6144500000;1,3031100000;
202100039822.0;1;31;31555;2;1;1.0;7.0;43,6011270000;1,4610310000;
202100039823.0;5;29;29019;2;1;1.0;3.0;48,3998900000; -4,4803900000;
202100039824.0;1;27;27203;1;1;8.0;3.0;49,0654710000;1,4236660000;
202100039825.0;1;25;25056;2;2;2.0;3.0;47,2559900000;6,0200800000;
202100039826.0;1;19;19275;2;1;2.0;5.0;45,5506928458;2,3128576071;
202100039827.0;3;19;19272;1;1;2.0;6.0;45,2733700000;1,7902100000;
202100039828.0;1;14;14118;2;3;1.0;3.0;49,1767100000; -0,3683000000;
202100039829.0;5;13;13202;2;1;1.0;7.0;43,2951000000;5,3635500000;
202100039830.0;2;13;13212;2;2;1.0;3.0;43,2953000000;5,4254000000;
202100039831.0;2;13;13206;2;1;1.0;7.0;43,2910500000;5,3831100000;
202100039832.0;1;07;07019;2;1;1.0;3.0;44,6182300000;4,3900000000;
202100039833.0;1;06;06088;2;2;1.0;6.0;43,7054900000;7,2844300000;
202100039834.0;1;06;06104;2;1;1.0;6.0;43,7562450000;7,4781600000;
202100039835.0;1;06;06069;2;1;1.0;6.0;43,6601600000;6,9226800000;
202100039836.0;1;75;75108;2;2;1.0;3.0;48,8677970000;2,3139060000;
202100039837.0;1;75;75119;2;3;8.0;4.0;48,8825390000;2,3816950000;
202100039838.0;1;75;75117;2;7;2.0;3.0;48,8866340000;2,3184690000;
202100039839.0;1;75;75115;2;4;1.0;7.0;48,8454690000;2,3096010000;
202100039840.0;1;75;75115;2;2;1.0;3.0;48,8371840000;2,3001420000;
202100039841.0;1;75;75114;2;1;2.0;6.0;48,8266110000;2,3407490000;
202100039842.0;1;75;75112;2;1;1.0;4.0;48,8314150000;2,3849310000;
202100039843.0;1;75;75111;2;1;2.0;3.0;48,8553570000;2,3886980000;
202100039844.0;1;75;75109;2;5;2.0;3.0;48,8737880000;2,3269040000;
202100039845.0;1;75;75108;2;1;2.0;7.0;48,8641580000;2,3198400000;
202100039846.0;2;94;94074;2;6;2.0;3.0;48,7702960000;2,4464800000;
202100039847.0;1;94;94076;2;2;2.0;2.0;48,7927100000;2,3693300000;
202100039848.0;1;94;94038;2;3;2.0;3.0;48,7791760000;2,3311190000;
202100039849.0;5;94;94022;2;1;1.0;6.0;48,7733100000;2,4098400000;
202100039850.0;1;93;93032;2;2;2.0;3.0;48,8766100000;2,5493300000;
202100039851.0;1;93;93014;2;2;3.0;3.0;48,9016100000;2,5467000000;
202100039852.0;1;93;93005;2;1;1.0;2.0;48,9515240000;2,4824250000;
202100039853.0;1;92;92064;2;1;2.0;6.0;48,8367400000;2,2219400000;
202100039854.0;1;92;92025;2;1;8.0;2.0;48,9185089765;2,2250640392;
202100039855.0;1;92;92012;2;1;4.0;2.0;48,8501400000;2,2385400000;
202100039856.0;1;34;34343;1;1;8.0;1.0;43,7491720000;3,7118820000;
202100039857.0;5;45;45243;1;1;1.0;6.0;47,9936660000;2,4539910000;
202100039858.0;1;33;33205;2;1;1.0;7.0;44,6268860000; -0,3814740000;
202100039859.0;2;54;54408;1;1;1.0;7.0;49,1722769711;5,7594966890;
202100039860.0;1;19;19274;1;1;2.0;7.0;45,1665090000;1,4810890000;
202100039861.0;1;23;23176;2;6;1.0;3.0;46,2354870000;1,4889480000;
202100039862.0;1;62;62881;1;3;1.0;6.0;50,2271330000;2,1681050000;
202100039863.0;3;77;77303;1;1;3.0;6.0;48,8519530000;3,4437240000;
202100039864.0;1;83;83031;1;1;1.0;6.0;43,3604690000;6,3897840000;
202100039865.0;2;51;51030;2;3;1.0;3.0;49,0468350000;4,0877030000;
202100039866.0;3;19;19007;1;1;2.0;6.0;44,9500310000;1,8533640000;
202100039867.0;1;2B;2B123;1;1;1.0;;42,0322970000;9,4179330000;
202100039868.0;1;34;34150;1;1;2.0;1.0;43,3202600000;3,5398830000;
202100039869.0;1;68;68082;1;1;2.0;6.0;47,8449910000;7,3454120000;
202100039870.0;1;31;31377;1;1;2.0;6.0;43,4248080000;1,7212060000;
202100039871.0;5;02;02386;2;1;2.0;6.0;49,9539880000;3,6616070000;
202100039872.0;1;15;15211;1;1;2.0;7.0;45,0191620000;2,2039820000;
202100039873.0;1;54;54256;1;1;3.0;7.0;48,5312560000;6,3291980000;
202100039874.0;2;06;06032;2;1;1.0;6.0;43,7257780000;7,3987770000;
202100039875.0;1;43;43265;1;1;8.0;7.0;45,2351900000;4,1658350000;
202100039876.0;1;85;85303;2;4;1.0;3.0;46,3592130000; -0,8528030000;
202100039877.0;1;27;27384;1;1;2.0;6.0;49,3707140000;0,3046880000;
202100039878.0;1;17;17385;2;2;1.0;3.0;45,9409850000; -1,3297190000;
202100039879.0;1;37;37037;1;2;1.0;3.0;47,5522230598;0,4377559769;
202100039880.0;1;30;30269;1;1;2.0;7.0;44,1301390000;3,8521670000;
202100039881.0;1;88;88369;2;3;3.0;3.0;47,8939600000;6,7413730000;
202100039882.0;1;11;11225;1;1;2.0;3.0;43,3189000000;1,8749000000;
202100039883.0;5;976;97607;1;1;1.0;1.0; -12,8378810000;45,1804800000;
202100039884.0;1;971;97122;1;1;1.0;7.0;16,4159770000; -61,5052630000;
202100039885.0;1;971;97129;1;1;2.0;1.0;16,3450860000; -61,7183160000;
202100039886.0;3;78;78506;1;1;1.0;6.0;48,5128090000;1,8040750000;
202100039887.0;3;83;83108;1;1;1.0;7.0;43,3304030000;6,0050410000;
202100039888.0;1;71;71060;1;3;3.0;3.0;46,3059640000;4,1469180000;
202100039889.0;3;88;88020;1;1;1.0;6.0;48,4929190000;5,8695850000;
202100039890.0;1;26;26034;1;1;1.0;1.0;45,0660720000;5,2353070000;
202100039891.0;1;26;26307;1;1;1.0;6.0;45,0045920000;5,2969770000;
202100039892.0;1;69;69143;2;2;1.0;3.0;45,8795058819;4,8378402031;
202100039893.0;1;79;79088;1;3;2.0;6.0;46,8222170000; -0,4127010000;
202100039894.0;5;60;60395;2;6;1.0;6.0;49,2211710000;2,1312080000;
202100039895.0;1;13;13203;1;1;2.0;2.0;43,3074084819;5,3754472733;
202100039896.0;3;42;42123;1;1;1.0;3.0;45,5174400000;4,5885600000;
202100039897.0;1;94;94034;1;1;1.0;6.0;48,7550100000;2,3324200000;
202100039898.0;1;91;91689;1;1;1.0;2.0;48,7314400000;2,3154700000;
202100039899.0;1;94;94021;1;1;2.0;6.0;48,7712500000;2,3454400000;
202100039900.0;1;92;92036;1;1;2.0;6.0;48,9436471157;2,2877561673;
202100039901.0;1;95;95572;1;1;2.0;6.0;49,0327269433;2,1122574789;
202100039902.0;4;93;93007;1;1;1.0;2.0;48,9365833968;2,4803814961;
202100039903.0;1;77;77373;1;1;2.0;2.0;48,7865800000;2,6174000000;
202100039904.0;5;75;75119;2;3;1.0;3.0;48,8926184185;2,3784703016;
202100039905.0;1;988;98818;2;2;1.0;1.0; -22,2682800000;166,4726600000;
202100039906.0;1;988;98818;2;3;1.0;4.0; -22,2687700000;166,4635300000;
202100039907.0;2;974;97416;1;1;1.0;6.0; -21,3360383428;55,5035626888;
202100039908.0;1;69;69259;2;1;1.0;2.0;45,7144700000;4,8881800000;
202100039909.0;1;972;97213;2;1;1.0;2.0;14,6139000000; -61,0111900000;
202100039910.0;1;69;69389;2;1;1.0;3.0;45,7624500000;4,8045200000;
202100039911.0;5;69;69142;2;1;1.0;1.0;45,7410100000;4,8086800000;
202100039912.0;5;69;69384;2;3;8.0;3.0;45,7749800000;4,8107300000;
202100039913.0;1;69;69202;2;1;1.0;6.0;45,7500767602;4,7970535206;
202100039914.0;1;2B;2B033;2;1;1.0;4.0;42,6856600000;9,4463500000;
202100039915.0;1;971;97105;2;9;1.0;3.0;16,0059900000; -61,7363900000;
202100039916.0;1;91;91114;1;1;2.0;2.0;48,6786500000;2,4959800000;
202100039917.0;1;87;87114;2;2;1.0;6.0;45,8373400000;1,3072100000;
202100039918.0;1;87;87085;2;2;1.0;3.0;45,8167400000;1,2771500000;
202100039919.0;1;83;83137;2;3;1.0;1.0;43,1282700000;5,9165500000;
202100039920.0;1;83;83129;2;6;1.0;6.0;43,1069600000;5,8144300000;
202100039921.0;1;83;83069;1;2;1.0;3.0;43,1260000000;6,0930000000;
202100039922.0;1;77;77285;2;9;1.0;6.0;48,5438192390;2,6404316873;
202100039923.0;1;72;72181;2;6;1.0;2.0;48,0077700000;0,1985300000;
202100039924.0;1;69;69266;2;2;8.0;3.0;45,7581800000;4,8932800000;
202100039925.0;5;69;69256;2;1;1.0;4.0;45,7769725032;4,9146738666;
202100039926.0;1;67;67482;2;3;1.0;3.0;48,5714934159;7,7701325984;
202100039927.0;1;64;64284;2;2;1.0;3.0;43,2930000000; -0,3867600000;
202100039928.0;1;64;64024;2;1;8.0;2.0;43,4943600000; -1,5365700000;
202100039929.0;2;64;64102;2;1;2.0;7.0;43,4989900000; -1,4812800000;
202100039930.0;1;63;63113;2;1;1.0;6.0;45,7761300000;3,1299400000;
202100039931.0;1;63;63113;2;1;1.0;6.0;45,7916504591;3,1153103167;
202100039932.0;1;62;62510;2;3;1.0;3.0;50,4297800000;2,7850700000;
202100039933.0;1;60;60159;2;6;1.0;3.0;49,4196300000;2,8203400000;
202100039934.0;1;57;57757;1;2;1.0;6.0;49,3579000000;6,1883600000;
202100039935.0;1;57;57283;2;1;1.0;6.0;49,2511745901;6,1663482237;
202100039936.0;1;50;50129;2;2;2.0;3.0;49,6291300000; -1,6409600000;
202100039937.0;1;50;50173;2;1;1.0;6.0;49,6410800000; -1,6701900000;
202100039938.0;1;49;49353;2;2;1.0;6.0;47,4437100000; -0,4983800000;
202100039939.0;1;45;45234;2;3;1.0;3.0;47,9125520000;1,9156580000;
202100039940.0;1;44;44135;2;1;1.0;2.0;47,2816410000; -2,4291180000;
202100039941.0;1;44;44055;2;1;2.0;6.0;47,2869000000; -2,3917600000;
202100039942.0;1;37;37122;2;6;2.0;6.0;47,3390177546;0,6535197397;
202100039943.0;1;37;37261;2;2;1.0;6.0;47,3886352111;0,6845994042;
202100039944.0;1;37;37261;2;3;1.0;3.0;47,3912650584;0,6953390837;
202100039945.0;1;33;33063;2;1;1.0;6.0;44,8490000000; -0,5936900000;
202100039946.0;1;32;32013;2;1;8.0;5.0;43,6525551099;0,5950641632;
202100039947.0;1;30;30189;2;1;1.0;6.0;43,8276000000;4,3542000000;
202100039948.0;1;29;29039;1;6;8.0;3.0;47,8857200000; -3,9133300000;
202100039949.0;1;29;29019;2;2;1.0;3.0;48,3963900000; -4,4782400000;
202100039950.0;5;25;25056;2;1;2.0;6.0;47,2332500000;5,9829500000;
202100039951.0;1;14;14118;2;2;8.0;3.0;49,1986000000; -0,3604900000;
202100039952.0;5;13;13201;2;1;1.0;2.0;43,3000670000;5,3808130000;
202100039953.0;1;13;13208;2;1;1.0;3.0;43,2551210652;5,3763159983;
202100039954.0;1;13;13207;2;1;1.0;2.0;43,2922007501;5,3603196144;
202100039955.0;1;11;11069;2;1;1.0;6.0;43,2010500000;2,3292600000;
202100039956.0;1;06;06088;1;1;1.0;6.0;43,7275700000;7,2441300000;
202100039957.0;1;06;06088;2;2;1.0;1.0;43,7114230000;7,2882030000;
202100039958.0;1;06;06069;2;1;2.0;3.0;43,6444970000;6,9468140000;
202100039959.0;1;05;05061;1;1;1.0;7.0;44,5481600000;6,0382200000;
202100039960.0;1;75;75120;2;1;8.0;3.0;48,8638110000;2,3865540000;
202100039961.0;1;75;75117;2;4;3.0;3.0;48,8954690705;2,3074903521;
202100039962.0;5;75;75107;2;7;1.0;6.0;48,8540820000;2,3063740000;
202100039963.0;1;94;94067;2;3;1.0;3.0;48,8466400000;2,4165600000;
202100039964.0;1;94;94068;2;3;2.0;3.0;48,7968200000;2,4911400000;
202100039965.0;1;94;94068;2;2;2.0;3.0;48,7899000000;2,4901000000;
202100039966.0;1;94;94028;2;1;1.0;2.0;48,7845600000;2,4365600000;
202100039967.0;2;94;94017;2;1;8.0;2.0;48,8082000000;2,5248900000;
202100039968.0;1;94;94075;2;1;8.0;7.0;48,7250800000;2,5367800000;
202100039969.0;1;93;93048;2;2;8.0;3.0;48,8577300000;2,4384200000;
202100039970.0;1;93;93006;2;1;2.0;3.0;48,8719580000;2,4186520000;
202100039971.0;1;93;93066;2;1;1.0;3.0;48,9379100000;2,3509200000;
202100039972.0;1;93;93001;2;1;1.0;3.0;48,9118859206;2,4009472132;
202100039973.0;5;92;92050;2;1;1.0;6.0;48,8952012006;2,1939986944;
202100039974.0;1;92;92044;2;2;1.0;3.0;48,8916697940;2,2836029370;
202100039975.0;1;92;92044;2;5;1.0;6.0;48,8982917937;2,2943669558;
202100039976.0;1;92;92040;2;1;2.0;7.0;48,8211922432;2,2564596543;
202100039977.0;3;92;92036;2;3;1.0;6.0;48,9261273109;2,2847943019;
202100039978.0;2;81;81026;1;1;8.0;7.0;43,9061200000;2,2925100000;
202100039979.0;1;95;95205;1;1;1.0;3.0;49,0233100000;2,3865870000;
202100039980.0;1;02;02303;1;1;1.0;2.0;49,8637560000;3,2368950000;
202100039981.0;1;43;43262;1;3;1.0;2.0;45,2636400000;3,4140930000;
202100039982.0;3;974;97422;2;1;1.0;1.0; -21,2623010000;55,5232820000;
202100039983.0;3;972;97221;2;1;1.0;7.0;14,5098870000; -60,9623460000;
202100039984.0;5;83;83120;2;1;1.0;6.0;43,3796710000;5,6991310000;
202100039985.0;1;56;56014;1;2;1.0;3.0;47,9643560000; -3,4022530000;
202100039986.0;1;56;56031;1;3;1.0;7.0;47,8184790000; -3,0149910000;
202100039987.0;1;77;77032;1;2;8.0;1.0;48,7203416900;3,2547920500;
202100039988.0;1;79;79123;1;1;1.0;1.0;46,7340630000; -0,6761900000;
202100039989.0;1;79;79210;2;1;1.0;1.0;46,8632390000; -0,6599090000;
202100039990.0;1;2A;2A130;2;6;3.0;3.0;41,8886370000;8,8117700000;
202100039991.0;1;33;33208;1;2;2.0;3.0;45,3834560000; -0,9561270000;
202100039992.0;1;63;63385;1;4;3.0;1.0;45,8106970000;2,8425190000;
202100039993.0;1;42;42097;1;1;1.0;7.0;45,4865530000;4,3339240000;
202100039994.0;3;22;22079;1;1;2.0;7.0;48,3899170000; -2,6273200000;
202100039995.0;1;31;31361;1;1;1.0;3.0;43,3353350000;1,3218730000;
202100039996.0;1;84;84017;1;1;2.0;2.0;44,1204350000;5,2287200000;
202100039997.0;3;03;03216;1;1;1.0;7.0;46,2084600000;2,7045570000;
202100039998.0;1;50;50400;1;2;1.0;3.0;49,3966750000; -1,4196830000;
202100039999.0;1;64;64447;1;1;1.0;7.0;43,5309750000; -0,4937790000;
202100040000.0;2;53;53271;1;1;1.0;6.0;48,3419170000; -0,3000000000;
202100040001.0;1;37;37179;1;1;1.0;3.0;47,4502020364;0,7233917713;
202100040002.0;1;52;52093;2;1;1.0;3.0;47,8036610000;5,4398360000;
202100040003.0;1;69;69019;1;1;2.0;7.0;46,1056950000;4,7559860000;
202100040004.0;1;30;30221;1;1;2.0;7.0;44,0193680000;4,7333690000;
202100040005.0;1;973;97303;1;1;2.0;1.0;5,4505650000; -53,1374100000;
202100040006.0;1;77;77344;1;2;2.0;3.0;49,0527910000;2,7861710000;
202100040007.0;1;66;66093;1;1;6.0;7.0;42,5473740000;2,9451940000;
202100040008.0;1;89;89295;1;1;2.0;2.0;47,8315960000;3,5533910000;
202100040009.0;2;38;38377;1;1;1.0;6.0;45,5746000000;5,4947300000;
202100040010.0;2;01;01376;2;6;1.0;6.0;45,8261380000;4,9813820000;
202100040011.0;1;17;17036;1;1;8.0;3.0;45,8546900000; -0,9798000000;
202100040012.0;1;33;33393;2;6;1.0;6.0;44,9898050000; -0,1995110000;
202100040013.0;1;59;59541;2;1;1.0;7.0;50,1885910000;3,4793680000;
202100040014.0;1;59;59581;1;1;2.0;6.0;50,6635400000;2,7629970000;
202100040015.0;1;83;83035;1;1;1.0;6.0;43,1787100000;5,7696100000;
202100040016.0;1;69;69029;1;1;1.0;7.0;45,7287200000;4,8985200000;
202100040017.0;1;59;59560;1;1;1.0;2.0;50,5395040000;3,0517710000;
202100040018.0;1;91;91377;2;1;1.0;6.0;48,7217400000;2,2952700000;
202100040019.0;3;92;92002;1;1;1.0;6.0;48,7352119004;2,3166453838;
202100040020.0;2;95;95582;1;1;3.0;6.0;48,9665900000;2,2557900000;
202100040021.0;1;93;93053;1;1;3.0;7.0;48,8929400000;2,4724600000;
202100040022.0;3;95;95060;1;1;1.0;3.0;49,0334700000;2,1981700000;
202100040023.0;1;976;97611;1;1;1.0;6.0; -12,7907700000;45,1801600000;
202100040024.0;1;92;92078;2;1;1.0;6.0;48,9363041847;2,3327909410;
202100040025.0;2;988;98818;2;1;1.0;7.0; -22,2358000000;166,4488300000;
202100040026.0;1;976;97611;2;1;1.0;1.0; -12,7758200000;45,2268300000;
202100040027.0;1;974;97416;1;1;1.0;3.0; -21,3481000000;55,5012400000;
202100040028.0;5;973;97302;2;1;8.0;3.0;4,9348165074; -52,2987082833;
202100040029.0;1;973;97302;2;2;8.0;3.0;4,9289173511; -52,2999377753;
202100040030.0;1;973;97302;2;1;1.0;3.0;4,9411100000; -52,3210300000;
202100040031.0;1;973;97302;2;1;1.0;3.0;4,9245342347; -52,3036953632;
202100040032.0;5;69;69387;2;3;1.0;3.0;45,7266100000;4,8305000000;
202100040033.0;1;972;97213;1;6;1.0;2.0;14,6187000000; -61,0053500000;
202100040034.0;1;95;95019;2;1;1.0;6.0;48,9970270123;2,4149322510;
202100040035.0;1;95;95277;2;1;1.0;2.0;48,9880524355;2,4816226959;
202100040036.0;1;91;91549;2;1;2.0;7.0;48,6396210000;2,3308210000;
202100040037.0;1;91;91549;2;1;1.0;3.0;48,6479100000;2,3418700000;
202100040038.0;1;91;91161;2;1;1.0;2.0;48,7143100000;2,2979900000;
202100040039.0;1;86;86194;2;3;2.0;3.0;46,5768300000;0,3780900000;
202100040040.0;1;83;83069;1;1;1.0;4.0;43,0870000000;6,1450000000;
202100040041.0;1;78;78481;2;5;8.0;3.0;48,8892600000;2,1038400000;
202100040042.0;2;74;74133;2;1;1.0;6.0;46,1828000000;6,2046000000;
202100040043.0;1;71;71540;1;3;1.0;2.0;46,7488738057;4,4415869017;
202100040044.0;1;69;69266;2;2;2.0;7.0;45,7677064676;4,8896878890;
202100040045.0;1;64;64237;2;3;8.0;3.0;43,2812200000; -0,3794600000;
202100040046.0;1;54;54526;2;1;1.0;3.0;48,6814100000;6,2160400000;
202100040047.0;1;49;49267;2;6;1.0;6.0;47,4825700000; -0,5033800000;
202100040048.0;1;46;46042;1;1;2.0;1.0;44,4886100000;1,4080600000;
202100040049.0;1;42;42187;2;3;1.0;3.0;46,0264800000;4,0619100000;
202100040050.0;1;37;37261;2;3;8.0;7.0;47,3894984138;0,6827100367;
202100040051.0;1;35;35238;1;1;1.0;4.0;48,1422200000; -1,6554800000;
202100040052.0;1;33;33529;2;3;2.0;7.0;44,6320000000; -1,1427800000;
202100040053.0;1;31;31149;2;1;1.0;6.0;43,6089117703;1,3354121288;
202100040054.0;1;29;29151;2;1;1.0;3.0;48,5697220000; -3,8052340000;
202100040055.0;1;29;29019;2;3;1.0;1.0;48,3837700000; -4,5053600000;
202100040056.0;1;26;26198;1;1;1.0;3.0;44,5747700000;4,7334900000;
202100040057.0;1;18;18279;2;1;1.0;3.0;47,2019100000;2,0781600000;
202100040058.0;1;14;14701;1;2;2.0;3.0;49,3109700000;0,0839000000;
202100040059.0;5;13;13203;2;1;1.0;7.0;43,3166000000;5,3822000000;
202100040060.0;1;13;13214;2;2;1.0;3.0;43,3359000000;5,3988000000;
202100040061.0;1;13;13208;2;1;1.0;3.0;43,2567697791;5,3765520327;
202100040062.0;1;13;13047;1;9;1.0;3.0;43,4821700000;4,9819000000;
202100040063.0;3;09;09013;1;1;2.0;3.0;42,9773080000;1,6223670000;
202100040064.0;1;06;06004;2;3;1.0;3.0;43,5728640000;7,1073380000;
202100040065.0;1;03;03321;2;1;1.0;3.0;46,5374600000;3,3624800000;
202100040066.0;1;75;75119;2;1;1.0;7.0;48,8808440000;2,4057550000;
202100040067.0;1;75;75119;2;1;1.0;2.0;48,8987590000;2,3755860000;
202100040068.0;1;75;75118;2;3;1.0;3.0;48,8896710000;2,3397700000;
202100040069.0;5;75;75118;2;3;1.0;3.0;48,8861090000;2,3594010000;
202100040070.0;1;75;75117;2;2;1.0;6.0;48,8831120000;2,2874190000;
202100040071.0;1;75;75117;2;7;1.0;5.0;48,8782990000;2,2986040000;
202100040072.0;1;75;75110;2;2;1.0;2.0;48,8797430000;2,3586890000;
202100040073.0;1;75;75109;2;3;1.0;3.0;48,8841030000;2,3307960000;
202100040074.0;1;94;94052;2;1;1.0;3.0;48,8451070000;2,4889530000;
202100040075.0;1;94;94076;2;1;1.0;1.0;48,7884800000;2,3672300000;
202100040076.0;5;93;93073;2;1;1.0;6.0;48,9449200000;2,5679800000;
202100040077.0;1;93;93013;2;1;1.0;2.0;48,9409700000;2,4312000000;
202100040078.0;1;92;92064;2;9;1.0;3.0;48,8414036394;2,2071127346;
202100040079.0;1;92;92049;2;3;1.0;2.0;48,8190800000;2,3163200000;
202100040080.0;1;92;92012;2;3;8.0;3.0;48,8346500000;2,2260800000;
202100040081.0;2;92;92007;2;2;1.0;3.0;48,7983500000;2,3089900000;
202100040082.0;2;92;92002;2;1;1.0;2.0;48,7593600000;2,3073200000;
202100040083.0;1;81;81317;2;3;1.0;1.0;43,8907410000;2,3234580000;
202100040084.0;1;972;97220;1;1;1.0;1.0;14,5307630000; -60,9186530000;
202100040085.0;1;26;26324;1;1;1.0;4.0;44,3374780000;4,7380260000;
202100040086.0;1;55;55400;1;1;1.0;7.0;49,1427340000;5,7052250000;
202100040087.0;3;21;21244;1;1;2.0;2.0;47,2982230000;4,5043300000;
202100040088.0;1;65;65447;2;1;1.0;1.0;43,1873740000;0,2448320000;
202100040089.0;2;58;58295;1;1;2.0;6.0;47,3425010000;2,9279420000;
202100040090.0;1;56;56078;1;1;1.0;1.0;47,7960040000; -3,4683540000;
202100040091.0;1;11;11270;1;1;1.0;1.0;42,8876310000;2,6378770000;
202100040092.0;1;55;55579;2;1;1.0;7.0;49,1355990000;5,5416150000;
202100040093.0;1;47;47086;1;1;1.0;3.0;44,6693470000;0,1858790000;
202100040094.0;1;22;22251;1;1;1.0;7.0;48,5564720000; -2,8516980000;
202100040095.0;2;39;39112;1;1;1.0;6.0;46,8627990000;5,4579400000;
202100040096.0;5;25;25275;2;1;1.0;6.0;47,3424300000;6,9922890000;
202100040097.0;1;25;25036;2;1;1.0;7.0;47,1992920000;5,9615420000;
202100040098.0;1;31;31582;2;1;1.0;3.0;43,3971740000;1,7187110000;
202100040099.0;1;38;38397;1;1;1.0;6.0;45,2357600000;5,8290140000;
202100040100.0;1;01;01314;1;3;2.0;1.0;46,0034200000;5,2984840000;
202100040101.0;1;06;06032;2;1;1.0;6.0;43,7256390000;7,4068020000;