Num_Acc;lum;departement;commune;agglomeration;intersection;meteo;type_collision;lat;long;date
202100040102.0;1;06;06079;2;1;1.0;6.0;43,5362060000;6,9349000000;
202100040103.0;1;05;05146;2;9;1.0;4.0;44,6169470000;5,7083260000;
202100040104.0;1;45;45014;2;3;1.0;3.0;48,1959810000;2,3830570000;
202100040105.0;1;73;73010;1;1;1.0;1.0;45,7936760351;5,9254704289;
202100040106.0;1;10;10401;1;1;2.0;7.0;48,2318160000;4,4813110000;
202100040107.0;1;16;16242;1;1;1.0;6.0;45,9916750000;0,3511710000;
202100040108.0;1;53;53152;1;1;8.0;1.0;47,9230360000; -0,5423860000;
202100040109.0;2;21;21317;2;1;2.0;6.0;47,5134980000;5,1128930000;
202100040110.0;1;04;04176;2;1;1.0;6.0;43,7607270000;6,1499350000;
202100040111.0;1;52;52175;1;3;2.0;1.0;48,3679680000;5,1486180000;
202100040112.0;3;68;68234;1;1;1.0;2.0;47,9500690000;7,3652170000;
202100040113.0;1;57;57614;1;1;1.0;2.0;48,7541380000;7,1800590000;
202100040114.0;1;30;30169;1;1;1.0;2.0;43,7961860000;4,3067750000;
202100040115.0;1;988;98803;1;1;1.0;6.0; -21,5858650000;165,5056210000;
202100040116.0;1;974;97418;1;1;1.0;1.0; -20,9161480000;55,5373800000;
202100040117.0;1;971;97129;2;1;1.0;6.0;16,3066740000; -61,7023010000;
202100040118.0;1;29;29233;2;1;8.0;2.0;47,8718420000; -3,5767040000;
202100040119.0;2;13;13089;2;6;1.0;1.0;43,8386980000;4,9407520000;
202100040120.0;1;13;13073;2;1;1.0;2.0;43,3853160000;5,5593450000;
202100040121.0;5;13;13097;1;4;1.0;3.0;43,6218090000;4,7903930000;
202100040122.0;1;38;38068;1;1;1.0;6.0;45,0980790000;5,7187270000;
202100040123.0;1;38;38407;1;1;1.0;7.0;45,3381500000;5,6618640000;
202100040124.0;1;69;69189;2;2;1.0;6.0;45,5266470000;4,8671280000;
202100040125.0;1;72;72154;2;1;1.0;3.0;47,7007910000; -0,0899130000;
202100040126.0;1;72;72237;1;2;2.0;3.0;47,9296570000; -0,0819900000;
202100040127.0;1;22;22118;1;2;1.0;3.0;48,4467100000; -1,9744490000;
202100040128.0;1;27;27213;2;3;8.0;6.0;49,1833650000;1,6638390000;
202100040129.0;1;13;13055;1;1;1.0;4.0;43,3300600000;5,3921900000;
202100040130.0;1;69;69275;1;1;1.0;4.0;45,7771000000;4,9757100000;
202100040131.0;1;78;78490;1;4;1.0;6.0;48,8002740000;1,9682360000;
202100040132.0;1;78;78646;1;1;1.0;4.0;48,7822270000;2,1621170000;
202100040133.0;1;95;95061;1;1;2.0;6.0;49,0682600000;2,2533000000;
202100040134.0;1;95;95572;1;1;2.0;7.0;49,0489000000;2,1351400000;
202100040135.0;1;94;94028;1;1;1.0;6.0;48,7942500000;2,4420500000;
202100040136.0;1;988;98818;1;6;1.0;3.0; -22,2709100000;166,4698200000;
202100040137.0;1;974;97416;1;1;1.0;2.0; -21,3256600000;55,4738000000;
202100040138.0;1;974;97411;2;1;1.0;2.0; -20,8854300000;55,4739500000;
202100040139.0;5;973;97302;2;2;1.0;6.0;4,9333304936; -52,3317042142;
202100040140.0;5;69;69387;2;3;1.0;3.0;45,7492300000;4,8419400000;
202100040141.0;1;69;69387;2;9;8.0;3.0;45,7529800000;4,8378800000;
202100040142.0;1;69;69383;2;2;1.0;3.0;45,7541400000;4,8631800000;
202100040143.0;1;69;69383;2;1;1.0;2.0;45,7492600000;4,8752600000;
202100040144.0;1;69;69259;2;2;1.0;7.0;45,7258781313;4,8871189356;
202100040145.0;2;69;69383;2;2;1.0;3.0;45,7503300000;4,8844000000;
202100040146.0;1;69;69389;2;9;1.0;7.0;45,7792700000;4,8041600000;
202100040147.0;1;971;97101;1;6;1.0;3.0;16,2548983058; -61,5133950102;
202100040148.0;1;91;91377;2;1;1.0;3.0;48,7339500000;2,2694200000;
202100040149.0;1;87;87085;2;3;2.0;6.0;45,8235400000;1,2511500000;
202100040150.0;1;86;86194;1;1;2.0;3.0;46,5532030000;0,3100130000;
202100040151.0;1;83;83153;2;1;1.0;6.0;43,0749200000;5,9082200000;
202100040152.0;1;83;83034;1;1;8.0;6.0;43,0897500000;6,0873400000;
202100040153.0;3;81;81065;1;1;1.0;7.0;43,5837353505;2,2278970360;
202100040154.0;1;77;77108;2;1;1.0;2.0;48,8974737814;2,5905205109;
202100040155.0;1;76;76540;2;3;1.0;2.0;49,4365700000;1,1338000000;
202100040156.0;1;72;72181;2;2;1.0;3.0;48,0199200000;0,1579600000;
202100040157.0;1;71;71306;2;1;1.0;7.0;46,6779160000;4,3593690000;
202100040158.0;1;69;69264;2;1;1.0;2.0;45,9839600000;4,7418600000;
202100040159.0;1;67;67482;2;1;1.0;3.0;48,6019222056;7,7207383757;
202100040160.0;5;65;65440;2;2;1.0;3.0;43,2339900000;0,0696500000;
202100040161.0;1;64;64445;2;1;8.0;2.0;43,2986000000; -0,3567900000;
202100040162.0;1;64;64445;2;3;2.0;3.0;43,2991600000; -0,3702600000;
202100040163.0;1;64;64445;2;1;8.0;6.0;43,2982200000; -0,3722500000;
202100040164.0;5;64;64024;2;1;1.0;7.0;43,4911700000; -1,5249500000;
202100040165.0;3;63;63272;1;6;1.0;6.0;45,7431500000;3,1397800000;
202100040166.0;1;63;63113;2;2;1.0;3.0;45,7921917258;3,1179858954;
202100040167.0;1;63;63113;2;2;1.0;6.0;45,8026800000;3,1075400000;
202100040168.0;3;62;62132;2;1;1.0;7.0;50,5229010000;2,8692640000;
202100040169.0;1;62;62119;2;1;1.0;6.0;50,5326600000;2,6442980000;
202100040170.0;1;61;61006;2;9;1.0;2.0;48,7336300000; -0,0347800000;
202100040171.0;1;60;60665;1;6;1.0;3.0;49,4112200000;2,7736200000;
202100040172.0;3;57;57672;2;1;1.0;6.0;49,3647400000;6,0921400000;
202100040173.0;1;56;56098;1;1;2.0;4.0;47,7901300000; -3,2957100000;
202100040174.0;1;56;56098;2;2;1.0;3.0;47,7744200000; -3,3466900000;
202100040175.0;1;54;54328;2;2;1.0;3.0;48,6215800000;6,1606400000;
202100040176.0;1;53;53201;2;1;1.0;2.0;48,0686900000; -0,8042000000;
202100040177.0;1;51;51454;2;1;1.0;3.0;49,2625800000;4,0275600000;
202100040178.0;1;49;49007;2;1;1.0;7.0;47,4528000000; -0,5274200000;
202100040179.0;1;49;49015;2;1;1.0;7.0;47,4949700000; -0,6189700000;
202100040180.0;1;49;49007;2;3;1.0;3.0;47,4753400000; -0,5485500000;
202100040181.0;1;44;44184;2;4;1.0;3.0;47,2992000000; -2,1921300000;
202100040182.0;1;44;44114;2;1;1.0;2.0;47,2530800000; -1,6252800000;
202100040183.0;1;42;42218;1;1;1.0;6.0;45,4571126077;4,2626926605;
202100040184.0;1;42;42044;2;5;5.0;3.0;45,3940960782;4,3031093180;
202100040185.0;1;37;37261;2;1;1.0;2.0;47,3807284140;0,6795385927;
202100040186.0;1;37;37261;2;1;2.0;7.0;47,3899365567;0,6875865113;
202100040187.0;1;37;37261;2;2;1.0;6.0;47,3809305552;0,6999658942;
202100040188.0;2;35;35051;1;1;8.0;2.0;48,1146000000; -1,5594400000;
202100040189.0;5;35;35238;2;1;1.0;3.0;48,1062300000; -1,6675100000;
202100040190.0;1;35;35281;2;2;1.0;6.0;48,0964000000; -1,6926400000;
202100040191.0;1;33;33522;2;3;1.0;3.0;44,8182414512; -0,5848342009;
202100040192.0;1;33;33119;2;3;1.0;2.0;44,8565600000; -0,5159300000;
202100040193.0;1;32;32013;2;3;8.0;3.0;43,6531100000;0,5952400000;
202100040194.0;1;29;29019;2;1;1.0;3.0;48,4144000000; -4,4804000000;
202100040195.0;1;29;29019;2;9;1.0;1.0;48,3764600000; -4,5529800000;
202100040196.0;1;27;27681;2;1;1.0;2.0;49,0903300000;1,4840700000;
202100040197.0;1;27;27375;2;1;1.0;3.0;49,2186200000;1,1750800000;
202100040198.0;1;27;27229;2;3;2.0;1.0;49,0330100000;1,1389000000;
202100040199.0;1;26;26198;2;1;8.0;6.0;44,5581900000;4,7453000000;
202100040200.0;1;17;17300;1;1;1.0;2.0;46,1722800000; -1,1838800000;
202100040201.0;1;17;17300;2;1;1.0;4.0;46,1567600000; -1,1243400000;
202100040202.0;1;14;14167;2;1;1.0;3.0;49,2022210000; -0,3065700000;
202100040203.0;2;13;13214;2;1;1.0;4.0;43,3353600000;5,4073600000;
202100040204.0;1;13;13213;2;1;1.0;4.0;43,3306700000;5,4307100000;
202100040205.0;1;13;13209;2;1;1.0;2.0;43,2638124139;5,4190032069;
202100040206.0;1;13;13028;2;1;1.0;6.0;43,1824690000;5,6041050000;
202100040207.0;1;13;13028;2;1;2.0;6.0;43,1809000000;5,5980000000;
202100040208.0;1;13;13001;2;1;1.0;2.0;43,4770346323;5,4141676845;
202100040209.0;1;11;11069;2;1;1.0;2.0;43,2324000000;2,3620000000;
202100040210.0;1;10;10387;2;1;2.0;6.0;48,2997000000;4,0765700000;
202100040211.0;1;06;06069;1;1;1.0;6.0;43,6510930000;6,9601140000;
202100040212.0;2;06;06027;2;1;1.0;3.0;43,6533400000;7,1464400000;
202100040213.0;1;06;06123;2;6;1.0;2.0;43,6688000000;7,1953900000;
202100040214.0;1;75;75120;2;1;1.0;2.0;48,8669420000;2,4132200000;
202100040215.0;1;75;75120;2;1;1.0;3.0;48,8669420000;2,4132200000;
202100040216.0;1;75;75117;2;1;1.0;4.0;48,9006730000;2,3261490000;
202100040217.0;1;75;75118;2;4;1.0;6.0;48,8923350000;2,3490670000;
202100040218.0;1;75;75105;2;3;1.0;3.0;48,8371370000;2,3530290000;
202100040219.0;1;75;75119;2;2;1.0;3.0;48,8944330000;2,3814900000;
202100040220.0;1;75;75119;2;2;1.0;6.0;48,8841770000;2,3685920000;
202100040221.0;1;75;75117;2;4;1.0;3.0;48,8844570000;2,3011470000;
202100040222.0;1;75;75114;2;2;1.0;6.0;48,8244830000;2,3283240000;
202100040223.0;1;75;75110;2;2;1.0;2.0;48,8794770000;2,3576820000;
202100040224.0;1;75;75109;2;7;8.0;2.0;48,8731390000;2,3315190000;
202100040225.0;1;75;75104;2;2;1.0;7.0;48,8543710000;2,3549610000;
202100040226.0;1;75;75104;2;2;1.0;3.0;48,8561950000;2,3464820000;
202100040227.0;1;94;94078;2;1;1.0;2.0;48,7451750000;2,4465230000;
202100040228.0;1;94;94068;2;1;1.0;6.0;48,7953950000;2,4943420000;
202100040229.0;1;94;94041;2;1;1.0;3.0;48,8050100000;2,3767000000;
202100040230.0;1;94;94028;2;9;2.0;2.0;48,7842377248;2,4516892433;
202100040231.0;5;93;93071;2;5;1.0;6.0;48,9370593892;2,5312918425;
202100040232.0;1;93;93066;2;1;1.0;3.0;48,9281680000;2,3413240000;
202100040233.0;1;93;93029;2;2;1.0;3.0;48,9234800000;2,4457900000;
202100040234.0;1;93;93057;2;1;1.0;2.0;48,9146540000;2,5021210000;
202100040235.0;1;93;93057;2;1;1.0;3.0;48,9090290000;2,5014900000;
202100040236.0;1;92;92051;2;1;1.0;6.0;48,8901868021;2,2608044744;
202100040237.0;1;92;92024;2;1;1.0;3.0;48,9020485809;2,3045727611;
202100040238.0;1;92;92023;2;2;1.0;3.0;48,7848109699;2,2380142319;
202100040239.0;1;92;92012;2;1;1.0;7.0;48,8410777844;2,2251963923;
202100040240.0;1;92;92012;2;2;1.0;3.0;48,8503100000;2,2377500000;
202100040241.0;5;92;92012;2;3;1.0;6.0;48,8527149803;2,2263729572;
202100040242.0;1;92;92002;2;3;1.0;3.0;48,7486000000;2,3014900000;
202100040243.0;1;11;11281;1;1;1.0;2.0;43,2610340000;2,0234800000;
202100040244.0;1;68;68300;2;7;1.0;1.0;47,7924690000;7,3800870000;
202100040245.0;1;86;86233;1;1;2.0;7.0;46,4959340000;0,6269060000;
202100040246.0;3;42;42182;1;1;2.0;6.0;46,0621800000;3,9468650000;
202100040247.0;1;51;51507;1;1;1.0;7.0;49,1023080000;4,9804120000;
202100040248.0;3;56;56081;1;1;1.0;6.0;48,0765880000; -3,6578460000;
202100040249.0;1;81;81309;1;1;2.0;7.0;44,0830000000;1,8014190000;
202100040250.0;3;11;11351;1;4;1.0;6.0;43,0979903398;2,7257251737;
202100040251.0;1;11;11206;2;1;1.0;6.0;43,0628171248;2,2153705362;
202100040252.0;3;11;11156;1;1;1.0;6.0;43,3211190000;2,2517250000;
202100040253.0;1;63;63180;1;3;1.0;2.0;45,8604171087;3,3184200928;
202100040254.0;1;55;55244;1;1;2.0;7.0;49,1704980000;5,5997170000;
202100040255.0;1;49;49228;1;1;1.0;6.0;47,5043450000;0,1331660000;
202100040256.0;1;42;42323;1;1;1.0;1.0;45,5738280000;4,2732100000;
202100040257.0;2;47;47101;2;6;1.0;7.0;44,4632750000;0,1393650000;
202100040258.0;1;86;86109;1;1;2.0;7.0;46,9300010000;0,1445390000;
202100040259.0;1;44;44014;1;1;1.0;3.0;47,1154600000; -1,4820760000;
202100040260.0;1;35;35096;2;6;1.0;3.0;48,0739370000; -1,3967830000;
202100040261.0;3;31;31175;1;1;2.0;6.0;43,1127790000;0,8000390000;
202100040262.0;3;01;01145;2;1;1.0;1.0;46,0685560000;5,2043220000;
202100040263.0;1;70;70267;2;1;1.0;7.0;47,7942660000;5,9376520000;
202100040264.0;3;58;58021;1;1;2.0;1.0;46,7867640000;3,2020430000;
202100040265.0;3;72;72135;1;1;2.0;2.0;47,8040990000;0,0542280000;
202100040266.0;1;06;06068;1;1;1.0;7.0;43,7331350000;6,9580580000;
202100040267.0;1;14;14575;1;1;1.0;7.0;49,3006210000;0,1237460000;
202100040268.0;1;50;50029;2;1;1.0;3.0;48,6006440000; -0,8326420000;
202100040269.0;5;60;60477;1;1;1.0;6.0;49,4338127002;1,9225945471;
202100040270.0;1;64;64513;1;1;1.0;5.0;43,4302290000; -0,9362680000;
202100040271.0;1;43;43268;2;6;1.0;3.0;45,1451660000;4,1212410000;
202100040272.0;1;07;07343;1;1;1.0;3.0;44,5372190000;4,3462730000;
202100040273.0;1;53;53137;1;1;1.0;2.0;48,0727170000; -0,9053420000;
202100040274.0;1;04;04158;1;1;1.0;7.0;43,7171400000;6,0465570000;
202100040275.0;1;85;85059;2;6;1.0;7.0;46,6527540000; -0,7472530000;
202100040276.0;3;17;17471;1;1;1.0;6.0;46,0655040000; -0,3168650000;
202100040277.0;1;30;30339;1;1;1.0;7.0;44,0863670000;3,5807810000;
202100040278.0;5;30;30037;1;1;1.0;6.0;44,2874480000;4,1243090000;
202100040279.0;1;30;30294;1;1;1.0;3.0;44,1303630000;4,1240680000;
202100040280.0;1;24;24207;1;1;8.0;1.0;44,8064760000;1,2683390000;
202100040281.0;1;74;74010;1;1;1.0;2.0;45,8389810000;6,0594210000;
202100040282.0;1;06;06085;1;1;1.0;6.0;43,6076080000;6,9840620000;
202100040283.0;1;972;97230;2;1;1.0;7.0;14,7611730000; -60,9154450000;
202100040284.0;1;28;28372;2;1;1.0;6.0;48,6543210000;1,5844720000;
202100040285.0;1;77;77270;1;1;1.0;1.0;48,8433110000;2,9905990000;
202100040286.0;1;68;68143;1;1;1.0;4.0;48,1110130000;7,4043560000;
202100040287.0;1;60;60009;2;6;8.0;6.0;49,4055530000;2,1195300000;
202100040288.0;1;13;13215;1;1;1.0;4.0;43,3532500000;5,3650600000;
202100040289.0;1;33;33080;1;1;2.0;2.0;44,7583260000; -0,5459440000;
202100040290.0;3;91;91549;1;1;1.0;7.0;48,6248400000;2,3324100000;
202100040291.0;1;91;91689;1;1;1.0;2.0;48,7266000000;2,3136100000;
202100040292.0;1;92;92036;1;1;1.0;5.0;48,9334085389;2,3213132742;
202100040293.0;1;93;93008;1;1;1.0;4.0;48,9086400000;2,4495400000;
202100040294.0;1;94;94028;1;1;1.0;2.0;48,7887700000;2,4400900000;
202100040295.0;1;78;78545;2;4;1.0;6.0;48,8029540000;2,0597380000;
202100040296.0;5;06;06012;2;1;1.0;3.0;43,7487005000;7,4288020000;
202100040297.0;1;06;06030;2;9;7.0;6.0;43,5727440000;7,0162060000;
202100040298.0;1;03;03310;2;1;1.0;6.0;46,1219400000;3,4214500000;
202100040299.0;1;03;03023;2;2;1.0;6.0;46,1140920000;3,4113360000;
202100040300.0;1;94;94011;2;9;1.0;6.0;48,7647000000;2,4880500000;
202100040301.0;1;974;97416;1;1;1.0;1.0; -21,3322910000;55,4981530000;
202100040302.0;1;974;97416;1;1;1.0;3.0; -21,3391820000;55,4900160000;
202100040303.0;3;974;97411;2;1;1.0;1.0; -20,8872100000;55,4339100000;
202100040304.0;1;974;97411;2;9;1.0;3.0; -20,9007800000;55,4971000000;
202100040305.0;1;974;97411;2;1;1.0;2.0; -20,9010000000;55,4960000000;
202100040306.0;5;973;97302;1;6;2.0;2.0;4,9069800000; -52,3222600000;
202100040307.0;2;69;69387;2;1;8.0;7.0;45,7522100000;4,8367900000;
202100040308.0;1;69;69386;2;2;1.0;3.0;45,7725300000;4,8431100000;
202100040309.0;1;69;69199;2;2;1.0;3.0;45,7055340489;4,8554557576;
202100040310.0;1;69;69388;2;9;2.0;3.0;45,7355100000;4,8720500000;
202100040311.0;1;69;69386;2;2;2.0;3.0;45,7724600000;4,8431000000;
202100040312.0;1;972;97213;1;1;1.0;3.0;14,6045000000; -61,0028000000;
202100040313.0;5;69;69385;2;1;3.0;7.0;45,7620500000;4,8260200000;
202100040314.0;2;91;91471;2;2;1.0;3.0;48,6848100000;2,1836100000;
202100040315.0;1;88;88383;2;4;2.0;6.0;48,0163400000;6,5851600000;
202100040316.0;1;87;87085;2;1;2.0;2.0;45,8151920000;1,2246260000;
202100040317.0;5;87;87085;2;1;1.0;6.0;45,8429500000;1,2006900000;
202100040318.0;2;81;81065;2;2;1.0;3.0;43,6063700000;2,2411000000;
202100040319.0;1;80;80131;1;1;2.0;6.0;49,8500394642;2,3770380020;
202100040320.0;1;80;80021;2;1;8.0;6.0;49,9039300000;2,3082900000;
202100040321.0;1;74;74010;2;1;2.0;3.0;45,9091300000;6,1246300000;
202100040322.0;1;69;69282;2;3;1.0;3.0;45,7775700000;5,0209100000;
202100040323.0;5;69;69092;2;6;2.0;3.0;46,0007700000;4,7175600000;
202100040324.0;1;68;68066;2;3;2.0;3.0;48,0732400000;7,3595700000;
202100040325.0;2;67;67365;2;8;1.0;2.0;48,5529800000;7,7123800000;
202100040326.0;1;67;67482;2;1;1.0;2.0;48,5809521748;7,7270435398;
202100040327.0;1;64;64024;2;1;1.0;7.0;43,4812300000; -1,5111300000;
202100040328.0;1;64;64024;2;6;1.0;3.0;43,4968300000; -1,5096500000;
202100040329.0;1;63;63113;2;2;3.0;6.0;45,7840175715;3,0761650176;
202100040330.0;1;63;63113;2;2;1.0;2.0;45,7769200000;3,1176900000;
202100040331.0;1;63;63113;2;1;1.0;6.0;45,8123800000;3,1281100000;
202100040332.0;1;63;63113;2;1;1.0;6.0;45,7709300000;3,0877900000;
202100040333.0;1;62;62498;2;1;1.0;3.0;50,4288430000;2,8249660000;
202100040334.0;1;60;60382;2;1;7.0;6.0;49,4232731426;2,8241944312;
202100040335.0;1;59;59043;2;1;1.0;6.0;50,7365000000;2,7395000000;
202100040336.0;1;57;57672;2;1;1.0;6.0;49,3508100000;6,1601000000;
202100040337.0;1;51;51454;2;7;1.0;7.0;49,2514700000;4,0233400000;
202100040338.0;1;49;49007;2;1;1.0;3.0;47,4680270000; -0,5466580000;
202100040339.0;1;49;49007;2;1;1.0;3.0;47,4750900000; -0,5498100000;
202100040340.0;1;45;45235;2;1;1.0;3.0;47,9522400000;1,8425000000;
202100040341.0;1;45;45338;1;3;1.0;7.0;47,9932030096;2,6784034797;
202100040342.0;1;35;35238;2;3;1.0;3.0;48,1044800000; -1,6686400000;
202100040343.0;1;34;34198;1;1;1.0;2.0;43,5652940000;3,9577010000;
202100040344.0;1;33;33032;2;4;1.0;3.0;44,9039700000; -0,5181300000;
202100040345.0;1;33;33249;2;3;1.0;6.0;44,8744100000; -0,5196900000;
202100040346.0;5;33;33522;2;2;2.0;3.0;44,7969300000; -0,5856400000;
202100040347.0;1;32;32013;2;1;1.0;2.0;43,6456200000;0,5910500000;
202100040348.0;1;29;29019;2;6;1.0;3.0;48,3895100000; -4,5202200000;
202100040349.0;1;26;26198;2;6;2.0;3.0;44,5279000000;4,7345000000;
202100040350.0;1;19;19031;2;3;1.0;6.0;45,1566900000;1,5403200000;
202100040351.0;1;14;14118;2;1;1.0;6.0;49,1833400000; -0,3634000000;
202100040352.0;3;14;14543;1;1;6.0;7.0;49,1941500000; -0,4446900000;
202100040353.0;5;13;13213;2;1;1.0;6.0;43,3223470000;5,4182500000;
202100040354.0;1;13;13215;2;1;1.0;5.0;43,3469630000;5,3678770000;
202100040355.0;1;13;13203;2;1;1.0;1.0;43,3169000000;5,3739200000;
202100040356.0;1;13;13213;2;1;1.0;2.0;43,3242280000;5,4153980000;
202100040357.0;1;13;13002;2;1;1.0;3.0;43,3229047440;5,4797471414;
202100040358.0;1;13;13205;2;1;3.0;2.0;43,2898624926;5,4000498802;
202100040359.0;1;11;11069;2;1;2.0;4.0;43,2074300000;2,3361200000;
202100040360.0;1;06;06069;2;1;1.0;3.0;43,6577150000;6,9187470000;
202100040361.0;1;06;06069;2;9;2.0;2.0;43,6485200000;6,9111000000;
202100040362.0;1;06;06027;2;1;2.0;6.0;43,6608110000;7,1477070000;
202100040363.0;1;03;03185;2;3;8.0;3.0;46,3424500000;2,5901300000;
202100040364.0;1;75;75106;2;1;1.0;6.0;48,8443090000;2,3225430000;
202100040365.0;1;75;75120;2;4;1.0;3.0;48,8618060000;2,4058660000;
202100040366.0;1;75;75120;2;3;1.0;3.0;48,8531810000;2,4088120000;
202100040367.0;1;75;75119;2;3;1.0;2.0;48,8843520000;2,3913150000;
202100040368.0;1;75;75113;2;1;1.0;6.0;48,8371200000;2,3733600000;
202100040369.0;1;75;75113;2;3;8.0;6.0;48,8299290000;2,3473100000;
202100040370.0;1;75;75110;2;2;1.0;6.0;48,8773300000;2,3658600000;
202100040371.0;1;75;75109;2;3;1.0;6.0;48,8812670000;2,3270840000;
202100040372.0;1;75;75108;2;1;2.0;6.0;48,8685690000;2,3144250000;
202100040373.0;1;75;75108;2;2;1.0;3.0;48,8677930000;2,3139130000;
202100040374.0;1;75;75108;2;2;1.0;3.0;48,8705450000;2,3052920000;
202100040375.0;5;94;94068;2;2;1.0;3.0;48,7970400000;2,5048500000;
202100040376.0;1;94;94068;2;2;1.0;3.0;48,8020000000;2,4870000000;
202100040377.0;1;94;94028;2;1;1.0;2.0;48,7845415008;2,4699446253;
202100040378.0;1;94;94022;2;1;2.0;7.0;48,7681600000;2,4030400000;
202100040379.0;1;93;93059;2;1;1.0;3.0;48,9547900000;2,3573300000;
202100040380.0;1;93;93070;2;1;1.0;3.0;48,9146600000;2,3195800000;
202100040381.0;1;93;93064;2;1;8.0;6.0;48,8682070000;2,4920440000;
202100040382.0;1;93;93053;2;1;1.0;6.0;48,8874200000;2,4626900000;
202100040383.0;1;93;93050;2;1;1.0;6.0;48,8675800000;2,5327700000;
202100040384.0;1;93;93063;2;3;1.0;2.0;48,8833000000;2,4333000000;
202100040385.0;1;93;93032;2;9;1.0;6.0;48,8790200000;2,5476900000;
202100040386.0;1;93;93027;2;1;8.0;3.0;48,9233100000;2,3952100000;
202100040387.0;1;93;93005;2;1;1.0;6.0;48,9271890000;2,5086550000;
202100040388.0;2;92;92049;2;1;1.0;3.0;48,8211615352;2,3126408458;
202100040389.0;1;92;92012;2;4;8.0;6.0;48,8476376616;2,2423662656;
202100040390.0;1;02;02776;1;1;1.0;7.0;50,0070770000;3,1750060000;
202100040391.0;1;06;06161;2;1;1.0;6.0;43,6562240000;7,1303140000;
202100040392.0;1;18;18200;1;1;2.0;1.0;47,2828760000;2,8652320000;
202100040393.0;1;59;59631;2;9;1.0;6.0;50,0732480000;3,3294610000;
202100040394.0;1;59;59223;2;1;1.0;1.0;50,1036730000;3,7196550000;
202100040395.0;1;19;19006;1;1;1.0;1.0;45,5747220000;2,2075440000;
202100040396.0;1;56;56118;2;1;1.0;7.0;47,7243480000; -3,3397740000;
202100040397.0;1;56;56008;2;2;2.0;3.0;47,6217850000; -2,8983310000;
202100040398.0;3;2B;2B049;2;1;1.0;7.0;42,5099130000;8,8641640000;
202100040399.0;1;71;71580;1;1;1.0;6.0;46,6593753253;5,2243910670;
202100040400.0;1;71;71412;1;3;1.0;6.0;46,7332420000;4,4387290000;
202100040401.0;1;63;63460;1;2;3.0;1.0;45,9082860000;2,6187370000;
202100040402.0;1;61;61480;1;1;1.0;7.0;48,5578240000;0,0361722000;
202100040403.0;1;42;42062;1;1;1.0;1.0;45,5898943034;4,3948712393;
202100040404.0;1;42;42097;1;2;3.0;6.0;45,4820440000;4,3498300000;
202100040405.0;1;46;46090;1;1;2.0;6.0;44,6774120000;1,7194030000;
202100040406.0;1;29;29075;1;2;1.0;3.0;48,4178510000; -4,4203230000;
202100040407.0;1;72;72107;1;3;1.0;1.0;47,9718000000; -0,0302900000;
202100040408.0;1;60;60189;1;1;1.0;2.0;49,5408840000;3,1062750000;
202100040409.0;1;64;64472;1;1;1.0;1.0;43,3756900000; -0,3155080000;
202100040410.0;1;18;18230;1;1;1.0;1.0;46,6664020000;2,3194750000;
202100040411.0;1;27;27388;1;1;1.0;1.0;49,4518900000;0,4584220000;
202100040412.0;3;87;87028;1;1;1.0;6.0;46,2445700000;0,8884330000;
202100040413.0;1;87;87205;2;3;3.0;3.0;45,7519460000;1,2897030000;
202100040414.0;1;30;30179;2;1;1.0;6.0;43,8741100000;4,5924990000;
202100040415.0;3;76;76533;1;1;2.0;7.0;49,4949850000;0,2667030000;
202100040416.0;1;30;30258;1;1;1.0;2.0;43,7624320000;4,4244000000;
202100040417.0;1;30;30189;1;9;1.0;6.0;43,8107780000;4,3490950000;
202100040418.0;1;975;97502;2;1;1.0;3.0;46,7849950000; -56,1723720000;
202100040419.0;1;971;97104;2;1;1.0;6.0;16,0133880000; -61,7464520000;
202100040420.0;1;13;13006;1;1;1.0;1.0;43,6969980000;4,9550910000;
202100040421.0;3;57;57669;1;1;1.0;6.0;49,1363780000;6,8812180000;
202100040422.0;1;38;38558;1;1;1.0;1.0;45,6032480000;4,9197240000;
202100040423.0;1;65;65141;1;1;1.0;7.0;42,8248180000;0,4147500000;
202100040424.0;1;80;80359;1;1;1.0;7.0;49,7376550000;2,7805280000;
202100040425.0;1;13;13081;1;1;1.0;4.0;43,4899900000;5,2405700000;
202100040426.0;1;33;33013;1;1;1.0;2.0;44,8649970000; -0,5038050000;
202100040427.0;1;92;92050;1;1;1.0;6.0;48,8946010000;2,2299090000;
202100040428.0;3;92;92025;1;1;2.0;4.0;48,9354217595;2,2605830961;
202100040429.0;2;95;95582;1;1;1.0;2.0;48,9758416468;2,2423267365;