Num_Acc;lum;departement;commune;agglomeration;intersection;meteo;type_collision;lat;long;date
202100042401.0;5;06;06161;2;1;2.0;1.0;43,6413580000;7,1420690000;
202100042402.0;1;976;97617;2;1;1.0;6.0; -12,7892970000;45,1092090000;
202100042403.0;1;27;27091;1;1;1.0;7.0;49,3634130000;0,8395740000;
202100042404.0;1;69;69080;2;1;1.0;7.0;45,5333110000;4,7422640000;
202100042405.0;1;976;97607;1;1;1.0;1.0; -12,8351090000;45,1876900000;
202100042406.0;1;77;77322;1;1;1.0;7.0;49,0741890000;2,6212480000;
202100042407.0;1;77;77470;2;3;1.0;1.0;48,7345990000;2,7867270000;
202100042408.0;1;91;91044;2;1;1.0;3.0;48,6657810000;2,2801460000;
202100042409.0;1;78;78062;1;1;1.0;6.0;48,8526360000;1,8603000000;
202100042410.0;1;19;19101;1;9;2.0;1.0;45,2411730000;1,7724470000;
202100042411.0;1;87;87129;2;9;1.0;1.0;45,8486970000;1,4297520000;
202100042412.0;1;14;14530;1;1;5.0;7.0;49,2411590000; -0,2671000000;
202100042413.0;3;13;13071;1;1;2.0;1.0;43,4127400000;5,3643500000;
202100042414.0;1;59;59646;1;1;2.0;4.0;50,6657190000;3,1141370000;
202100042415.0;1;91;91161;1;1;1.0;4.0;48,7062990000;2,3061210000;
202100042416.0;1;91;91471;1;1;1.0;5.0;48,7124300000;2,1825100000;
202100042417.0;3;91;91521;1;1;1.0;7.0;48,6354400000;2,4017400000;
202100042418.0;1;94;94065;1;1;1.0;3.0;48,7549700000;2,3447900000;
202100042419.0;1;93;93007;1;1;1.0;2.0;48,9525374721;2,4532546525;
202100042420.0;1;60;60612;1;1;1.0;2.0;49,1850900000;2,6050900000;
202100042421.0;1;94;94042;1;1;1.0;6.0;48,8273400000;2,4685700000;
202100042422.0;1;75;75112;1;1;1.0;2.0;48,8178122169;2,4557822943;
202100042423.0;5;988;98818;2;1;2.0;2.0; -22,3032100000;166,4347000000;
202100042424.0;1;988;98818;1;1;1.0;2.0; -22,2493600000;166,4523500000;
202100042425.0;1;974;97411;2;1;1.0;2.0; -20,9076690000;55,4965570000;
202100042426.0;3;974;97411;2;6;1.0;3.0; -20,9010600000;55,4965000000;
202100042427.0;1;974;97411;2;1;1.0;2.0; -20,8819200000;55,4497100000;
202100042428.0;1;69;69387;2;3;1.0;3.0;45,7465700000;4,8465000000;
202100042429.0;1;972;97209;2;1;1.0;6.0;14,6166100000; -61,0603100000;
202100042430.0;1;69;69389;2;9;1.0;6.0;45,7718261702;4,8114752769;
202100042431.0;5;971;97113;2;1;1.0;4.0;16,2055300000; -61,4917900000;
202100042432.0;1;95;95127;2;1;1.0;6.0;49,0502944935;2,0650973946;
202100042433.0;1;91;91691;2;1;1.0;2.0;48,7138500000;2,4890900000;
202100042434.0;1;91;91421;2;1;1.0;2.0;48,7003600000;2,4646600000;
202100042435.0;1;87;87085;2;1;1.0;6.0;45,8240000000;1,2760600000;
202100042436.0;1;87;87085;2;3;1.0;7.0;45,8382000000;1,2657900000;
202100042437.0;1;87;87085;2;3;1.0;2.0;45,8432300000;1,2541400000;
202100042438.0;1;87;87085;1;1;1.0;7.0;45,8549400000;1,1713100000;
202100042439.0;1;87;87085;2;1;1.0;7.0;45,8229900000;1,2595200000;
202100042440.0;1;80;80725;1;2;1.0;3.0;49,8704969806;2,2390651703;
202100042441.0;1;78;78372;2;9;1.0;2.0;48,8767200000;2,0960500000;
202100042442.0;5;77;77495;2;3;1.0;3.0;48,5681000000;2,6261000000;
202100042443.0;1;76;76157;2;1;1.0;1.0;49,4443900000;1,0324100000;
202100042444.0;1;76;76540;2;1;1.0;4.0;49,4305800000;1,1018600000;
202100042445.0;1;76;76351;2;2;1.0;3.0;49,5100000000;0,1184000000;
202100042446.0;5;76;76351;2;1;1.0;6.0;49,5243200000;0,1269100000;
202100042447.0;1;76;76341;2;1;1.0;7.0;49,5049270000;0,1991690000;
202100042448.0;1;76;76351;2;1;1.0;6.0;49,4967450000;0,1068500000;
202100042449.0;1;74;74010;2;1;1.0;6.0;45,9013000000;6,1282000000;
202100042450.0;1;69;69266;2;5;1.0;3.0;45,7616857873;4,8820471320;
202100042451.0;1;69;69013;2;6;1.0;3.0;46,0082600000;4,7198200000;
202100042452.0;5;69;69091;2;3;1.0;3.0;45,5808000000;4,7787500000;
202100042453.0;1;67;67482;2;1;1.0;2.0;48,5365880000;7,7707990000;
202100042454.0;2;67;67482;2;3;1.0;3.0;48,5644900000;7,7664150000;
202100042455.0;1;66;66136;2;1;1.0;3.0;42,6979500000;2,9055300000;
202100042456.0;1;65;65047;2;3;2.0;3.0;43,2421870000;0,1020270000;
202100042457.0;1;65;65047;2;3;1.0;3.0;43,2474453298;0,0869691802;
202100042458.0;1;64;64102;2;1;2.0;7.0;43,4985900000; -1,4879700000;
202100042459.0;5;63;63113;2;1;1.0;3.0;45,7822400000;3,0953100000;
202100042460.0;1;62;62771;2;1;1.0;7.0;50,4293850000;2,8514290000;
202100042461.0;1;59;59328;2;1;1.0;6.0;50,6391962646;3,0208110809;
202100042462.0;1;59;59043;1;8;1.0;6.0;50,7191900000;2,7710100000;
202100042463.0;1;56;56121;2;3;1.0;3.0;47,7365700000; -3,3903200000;
202100042464.0;2;52;52045;2;1;1.0;6.0;48,6500900000;4,9721000000;
202100042465.0;1;51;51474;2;9;1.0;3.0;49,2660533563;3,9935386789;
202100042466.0;2;50;50602;2;1;1.0;7.0;49,6448200000; -1,5979100000;
202100042467.0;1;45;45234;2;9;1.0;3.0;47,9158300000;1,8990500000;
202100042468.0;1;44;44162;2;1;1.0;3.0;47,2190800000; -1,6216000000;
202100042469.0;1;42;42183;2;1;8.0;3.0;45,4085000000;4,3636300000;
202100042470.0;1;38;38185;2;1;1.0;6.0;45,2015560000;5,7051100000;
202100042471.0;1;38;38151;2;2;2.0;3.0;45,1500200000;5,6994900000;
202100042472.0;1;37;37261;2;3;1.0;6.0;47,3951820079;0,6753475070;
202100042473.0;1;37;37261;2;6;1.0;6.0;47,3746900000;0,6708900000;
202100042474.0;1;37;37261;2;1;1.0;6.0;47,3912023726;0,6949219622;
202100042475.0;1;33;33281;2;1;2.0;3.0;44,8364600000; -0,6179300000;
202100042476.0;1;28;28134;1;1;1.0;6.0;48,7367500000;1,3679400000;
202100042477.0;1;28;28404;2;9;1.0;6.0;48,7338200000;1,3345700000;
202100042478.0;1;27;27701;2;1;1.0;3.0;49,2727360000;1,2208500000;
202100042479.0;1;27;27299;2;1;1.0;7.0;49,0487200000;1,1444800000;
202100042480.0;1;25;25462;1;1;1.0;2.0;46,9182900000;6,3350000000;
202100042481.0;1;25;25056;2;1;1.0;2.0;47,2500800000;6,0045800000;
202100042482.0;1;21;21231;2;3;1.0;3.0;47,3441100000;5,0451500000;
202100042483.0;1;17;17291;2;9;1.0;6.0;46,1762700000; -1,1133500000;
202100042484.0;1;14;14341;1;2;1.0;3.0;49,1377900000; -0,3283100000;
202100042485.0;1;13;13056;2;1;1.0;5.0;43,3388400000;5,0533900000;
202100042486.0;1;13;13201;2;1;2.0;3.0;43,3043800000;5,3892000000;
202100042487.0;1;13;13215;2;3;2.0;3.0;43,3440900000;5,3594200000;
202100042488.0;1;13;13207;2;1;1.0;1.0;43,2908253279;5,3635893557;
202100042489.0;1;11;11069;2;2;1.0;3.0;43,2120000000;2,3667000000;
202100042490.0;1;10;10333;2;3;9.0;3.0;48,2739720000;4,0552010000;
202100042491.0;1;05;05061;1;1;1.0;7.0;44,5271300000;6,0269100000;
202100042492.0;1;05;05061;2;1;1.0;5.0;44,5479100000;6,0661400000;
202100042493.0;1;75;75120;2;3;1.0;3.0;48,8581700000;2,4003660000;
202100042494.0;1;75;75119;2;1;1.0;2.0;48,8898630000;2,3800430000;
202100042495.0;1;75;75118;2;3;1.0;6.0;48,8880020000;2,3561940000;
202100042496.0;1;75;75116;2;2;1.0;6.0;48,8669550000;2,2789560000;
202100042497.0;1;75;75116;2;1;1.0;3.0;48,8707460000;2,2928580000;
202100042498.0;1;75;75116;2;3;1.0;7.0;48,8674840000;2,2330310000;
202100042499.0;1;75;75115;2;3;1.0;5.0;48,8496160000;2,2914550000;
202100042500.0;1;75;75115;2;2;1.0;3.0;48,8370020000;2,2743680000;
202100042501.0;1;75;75115;2;1;1.0;3.0;48,8346810000;2,2681710000;
202100042502.0;1;75;75114;2;3;1.0;3.0;48,8333150000;2,3350110000;
202100042503.0;1;75;75114;2;2;1.0;3.0;48,8223250000;2,3142320000;
202100042504.0;1;75;75109;2;2;1.0;6.0;48,8723800000;2,3374380000;
202100042505.0;1;75;75108;2;1;1.0;2.0;48,8718220000;2,3083050000;
202100042506.0;1;75;75107;2;7;1.0;5.0;48,8515810000;2,3014870000;
202100042507.0;1;75;75102;2;2;1.0;7.0;48,8685870000;2,3497300000;
202100042508.0;1;75;75104;2;2;1.0;3.0;48,8543930000;2,3549860000;
202100042509.0;1;94;94016;2;2;1.0;3.0;48,7855590000;2,3379030000;
202100042510.0;1;94;94054;2;1;1.0;7.0;48,7447800000;2,3982900000;
202100042511.0;1;94;94078;2;1;1.0;2.0;48,7497800000;2,4341900000;
202100042512.0;5;93;93005;2;2;1.0;3.0;48,9218647871;2,4813437462;
202100042513.0;1;93;93055;2;1;1.0;1.0;48,9004859030;2,4108782896;
202100042514.0;1;93;93079;2;3;1.0;3.0;48,9527310028;2,3374057185;
202100042515.0;1;93;93001;2;1;1.0;6.0;48,9143300000;2,3815600000;
202100042516.0;1;92;92036;2;5;1.0;3.0;48,9173342241;2,3074489073;
202100042517.0;1;92;92035;2;7;1.0;3.0;48,9027900000;2,2426000000;
202100042518.0;1;35;35046;1;1;7.0;1.0;47,8893360000; -2,0545910000;
202100042519.0;1;68;68044;1;1;1.0;6.0;48,1623250000;7,0868680000;
202100042520.0;5;972;97217;2;1;1.0;6.0;14,4740240000; -60,8625840000;
202100042521.0;1;59;59533;2;2;1.0;3.0;50,1822700000;3,4137760000;
202100042522.0;1;79;79202;2;1;1.0;6.0;46,6501470000; -0,2516370000;
202100042523.0;1;80;80835;1;1;1.0;1.0;49,9743850000;2,1124490000;
202100042524.0;1;82;82156;1;1;2.0;2.0;44,0011110000;0,9882330000;
202100042525.0;3;11;11063;2;1;2.0;6.0;42,9202290000;2,2118140000;
202100042526.0;1;63;63453;2;1;1.0;6.0;45,7711560000;3,2910540000;
202100042527.0;1;61;61446;1;1;1.0;7.0;48,7566950000;0,4789600000;
202100042528.0;1;49;49180;2;2;1.0;3.0;47,3757290000; -0,1107830000;
202100042529.0;1;49;49125;2;1;1.0;6.0;47,1865700000; -0,3775960000;
202100042530.0;1;42;42059;2;1;1.0;6.0;45,6379840000;4,3922510000;
202100042531.0;1;68;68349;2;2;1.0;3.0;47,6055950000;7,5711790000;
202100042532.0;1;29;29217;1;2;1.0;3.0;47,8658390000; -3,7640830000;
202100042533.0;1;01;01266;1;1;1.0;1.0;46,3254130000;5,1141840000;
202100042534.0;1;70;70486;1;3;7.0;3.0;47,7340420000;5,8626220000;
202100042535.0;1;58;58280;1;1;1.0;1.0;46,8447170000;3,4193280000;
202100042536.0;1;14;14102;1;1;1.0;6.0;49,2221380000;0,2211000000;
202100042537.0;1;05;05127;1;1;1.0;7.0;44,4861760000;6,2734350000;
202100042538.0;1;50;50401;1;1;1.0;7.0;49,4611230000; -1,7875740000;
202100042539.0;1;45;45087;1;1;1.0;3.0;47,6125210000;2,7385140000;
202100042540.0;1;10;10323;2;1;1.0;7.0;48,5222550000;3,7263880000;
202100042541.0;1;53;53127;1;1;1.0;1.0;48,4256590000; -0,4571340000;
202100042542.0;1;53;53062;2;1;1.0;3.0;47,8192830000; -0,7146610000;
202100042543.0;1;40;40312;2;1;1.0;3.0;43,5366420000; -1,4966620000;
202100042544.0;1;28;28057;2;1;1.0;3.0;48,2591840000;1,3754260000;
202100042545.0;1;01;01350;1;1;1.0;7.0;46,2778060000;5,2418170000;
202100042546.0;1;34;34082;2;1;1.0;7.0;43,6753370000;3,7649180000;
202100042547.0;2;07;07142;1;1;1.0;7.0;44,7523760000;3,8797990000;
202100042548.0;1;24;24168;1;1;1.0;1.0;44,7182580000;0,5580930000;
202100042549.0;1;976;97607;1;1;1.0;1.0; -12,8721370000;45,2086970000;
202100042550.0;1;34;34327;2;1;1.0;3.0;43,6546870000;3,9754090000;
202100042551.0;1;84;84065;1;6;1.0;3.0;43,7456150000;5,3072660000;
202100042552.0;1;04;04245;2;1;1.0;6.0;43,8716280000;5,8433480000;
202100042553.0;1;13;13107;2;1;1.0;1.0;43,4275830000;5,4421730000;
202100042554.0;1;58;58121;2;1;1.0;2.0;47,0491970000;3,0949530000;
202100042555.0;1;88;88173;1;1;1.0;7.0;48,3594710000;6,2435390000;
202100042556.0;1;38;38068;1;1;1.0;4.0;45,1011840000;5,7157440000;
202100042557.0;1;49;49301;1;1;1.0;6.0;47,1564910000; -1,1638700000;
202100042558.0;1;49;49138;1;3;1.0;3.0;47,4917915107; -0,1766567850;
202100042559.0;1;14;14044;2;2;7.0;3.0;49,2815170000; -0,4179950000;
202100042560.0;1;22;22364;2;1;7.0;3.0;48,4372020000; -2,1121220000;
202100042561.0;1;76;76164;2;1;1.0;7.0;49,5245990000;0,7224050000;
202100042562.0;1;13;13055;2;1;1.0;2.0;43,3123710575;5,4243680835;
202100042563.0;1;13;13081;1;1;3.0;2.0;43,4776500000;5,2392400000;
202100042564.0;1;33;33039;1;1;1.0;2.0;44,8072620000; -0,5281650000;
202100042565.0;1;59;59646;1;1;1.0;6.0;50,6831630000;3,1319600000;
202100042566.0;1;91;91689;1;1;1.0;2.0;48,7488000000;2,3281000000;
202100042567.0;1;92;92050;1;1;1.0;2.0;48,9180852121;2,2229496253;
202100042568.0;1;94;94069;1;1;1.0;4.0;48,8173019527;2,4323648133;
202100042569.0;1;94;94073;1;1;1.0;3.0;48,7659410769;2,3790876024;
202100042570.0;1;988;98818;1;1;1.0;5.0; -22,2550200000;166,4497500000;
202100042571.0;1;974;97416;1;1;1.0;3.0; -21,3319700000;55,5288800000;
202100042572.0;1;974;97411;1;1;1.0;4.0; -20,9190490000;55,4949260000;
202100042573.0;1;973;97302;2;1;2.0;7.0;4,9438800000; -52,3080300000;
202100042574.0;3;972;97207;1;1;1.0;6.0;14,5586304256; -60,9729208052;
202100042575.0;1;69;69382;2;1;1.0;3.0;45,7561100000;4,8358600000;
202100042576.0;1;2B;2B033;1;1;1.0;3.0;42,6957500000;9,4301100000;
202100042577.0;5;971;97120;2;1;1.0;6.0;16,2430000000; -61,5397000000;
202100042578.0;1;91;91021;2;1;1.0;2.0;48,5852600000;2,2407730000;
202100042579.0;1;91;91339;1;1;1.0;3.0;48,6170100000;2,2570100000;
202100042580.0;1;91;91286;2;1;1.0;6.0;48,6576500000;2,3918700000;
202100042581.0;1;81;81004;2;2;1.0;3.0;43,9443059254;2,1505892290;
202100042582.0;1;76;76540;2;2;1.0;3.0;49,4519500000;1,0690200000;
202100042583.0;1;69;69266;2;1;1.0;2.0;45,7679000000;4,8882500000;
202100042584.0;1;64;64024;2;1;1.0;6.0;43,4753000000; -1,5014200000;
202100042585.0;1;64;64102;2;1;1.0;2.0;43,4960800000; -1,4853500000;
202100042586.0;1;46;46042;2;2;1.0;3.0;44,4648780000;1,4497840000;
202100042587.0;1;45;45147;2;1;1.0;6.0;47,9314000000;1,9062100000;
202100042588.0;1;45;45147;2;3;1.0;1.0;47,9347639461;1,9090685339;
202100042589.0;1;37;37261;2;3;1.0;6.0;47,4280854472;0,6726103127;
202100042590.0;1;37;37208;2;2;1.0;6.0;47,3435628608;0,7363629342;
202100042591.0;1;35;35238;1;1;1.0;6.0;48,1085300000; -1,7170700000;
202100042592.0;1;33;33009;2;2;2.0;3.0;44,6564200000; -1,1762800000;
202100042593.0;5;31;31555;2;3;1.0;3.0;43,5900100000;1,4411000000;
202100042594.0;5;31;31555;2;2;1.0;3.0;43,5621400000;1,4067800000;
202100042595.0;1;29;29232;2;1;1.0;1.0;47,9925300000; -4,0824700000;
202100042596.0;1;27;27681;2;1;1.0;7.0;49,0967400000;1,4650700000;
202100042597.0;1;27;27229;2;1;1.0;2.0;49,0193100000;1,1189500000;
202100042598.0;5;13;13210;2;1;1.0;7.0;43,2815070000;5,4048490000;
202100042599.0;1;13;13028;2;1;1.0;6.0;43,1870050000;5,6230460000;
202100042600.0;1;07;07019;1;6;1.0;3.0;44,6132270000;4,4082430000;
202100042601.0;5;75;75120;2;2;1.0;3.0;48,8683070000;2,3881800000;
202100042602.0;1;75;75115;2;2;1.0;3.0;48,8545833708;2,2888952494;
202100042603.0;1;75;75112;2;2;1.0;3.0;48,8358910000;2,4056710000;
202100042604.0;1;75;75112;2;4;1.0;6.0;48,8279200848;2,3886382967;
202100042605.0;1;75;75107;2;1;1.0;3.0;48,8628850000;2,3164930000;
202100042606.0;1;94;94033;2;9;1.0;1.0;48,8552000000;2,4531800000;
202100042607.0;1;94;94022;2;1;1.0;2.0;48,7692929186;2,4214140425;
202100042608.0;1;94;94069;2;3;1.0;3.0;48,8164800000;2,4570500000;
202100042609.0;5;93;93005;2;4;1.0;3.0;48,9283395956;2,4820658020;
202100042610.0;1;93;93001;2;9;1.0;6.0;48,9120534118;2,3732686702;
202100042611.0;1;92;92078;2;3;1.0;6.0;48,9364521872;2,3323014379;
202100042612.0;1;92;92077;2;1;1.0;7.0;48,8198632234;2,1596503258;
202100042613.0;1;92;92064;2;1;1.0;7.0;48,8363310000;2,2106710000;
202100042614.0;1;92;92040;2;6;7.0;7.0;48,8279900000;2,2737200000;
202100042615.0;3;92;92025;2;3;1.0;3.0;48,9308595032;2,2445422411;
202100042616.0;1;92;92048;2;3;1.0;3.0;48,7815850099;2,2266381606;
202100042617.0;1;92;92004;2;3;1.0;5.0;48,9070480385;2,2916217148;
202100042618.0;1;35;35176;1;1;1.0;1.0;47,8700060000; -1,8440400000;
202100042619.0;1;80;80645;1;1;1.0;7.0;50,0653760000;2,4181080000;
202100042620.0;1;22;22209;1;2;1.0;3.0;48,5503520000; -2,1078840000;
202100042621.0;1;41;41282;1;1;1.0;6.0;47,3785520000;1,7928260000;
202100042622.0;2;11;11430;1;1;1.0;6.0;43,2895770000;1,9418760000;
202100042623.0;1;45;45219;2;1;1.0;6.0;48,0202570000;2,5914650000;
202100042624.0;1;33;33294;2;3;1.0;4.0;44,6162590000; -0,0817480000;
202100042625.0;1;42;42241;1;1;1.0;3.0;45,8825864947;4,1172992773;
202100042626.0;1;57;57706;1;1;1.0;2.0;48,8250230000;6,7697940000;
202100042627.0;1;974;97414;2;9;8.0;3.0; -21,2927330000;55,4089560000;
202100042628.0;1;34;34079;1;1;1.0;6.0;43,6347200000;3,4473550000;
202100042629.0;1;62;62473;2;1;1.0;7.0;50,6151280000;2,4784530000;
202100042630.0;1;69;69133;1;1;8.0;1.0;45,6336652610;4,7907040791;
202100042631.0;1;83;83057;1;1;1.0;6.0;43,3815110000;6,1856680000;
202100042632.0;3;51;51492;1;1;1.0;7.0;48,5402220000;3,7647490000;
202100042633.0;3;19;19105;1;9;1.0;7.0;45,1371600000;1,6456000000;
202100042634.0;1;31;31150;1;1;3.0;6.0;43,6580220000;1,3398920000;
202100042635.0;1;2B;2B343;1;1;1.0;6.0;42,5017030000;9,4862540000;
202100042636.0;1;33;33541;1;1;1.0;6.0;45,3902680000; -1,0989760000;
202100042637.0;1;14;14643;1;1;1.0;7.0;49,1819710000; -0,7649850000;
202100042638.0;1;05;05056;1;1;1.0;7.0;44,6351010000;6,1362080000;
202100042639.0;1;50;50403;1;2;1.0;4.0;49,1568290000; -1,5885540000;
202100042640.0;1;64;64495;2;6;8.0;3.0;43,3512950000; -1,5494800000;
202100042641.0;1;18;18265;2;5;1.0;1.0;47,0212050000;2,9673250000;
202100042642.0;1;28;28130;1;9;1.0;7.0;48,5186230000;1,0977750000;
202100042643.0;1;974;97410;2;6;1.0;3.0; -21,0488710000;55,7135800000;
202100042644.0;5;987;98715;2;1;1.0;6.0; -17,5845220000; -149,5685780000;
202100042645.0;2;02;02521;1;1;1.0;6.0;49,0392750000;3,1976220000;
202100042646.0;1;27;27005;1;1;1.0;6.0;49,1560470000;1,2744620000;
202100042647.0;1;987;98722;2;1;1.0;6.0; -17,5697590000; -149,3183180000;
202100042648.0;1;13;13104;2;6;1.0;1.0;43,3310310000;5,1066200000;
202100042649.0;1;77;77029;1;1;1.0;7.0;48,6498380000;2,8548740000;
202100042650.0;1;91;91661;1;1;1.0;1.0;48,6951950000;2,2470260000;
202100042651.0;1;70;70018;2;1;1.0;1.0;47,4439620000;5,6233850000;
202100042652.0;1;74;74158;1;1;1.0;6.0;46,2489320000;6,3324000000;
202100042653.0;3;01;01390;1;1;1.0;7.0;45,8253900000;5,2470230000;
202100042654.0;1;13;13019;1;1;1.0;3.0;43,4225900000;5,3719500000;
202100042655.0;3;13;13215;1;1;1.0;3.0;43,3580000000;5,3626000000;
202100042656.0;3;69;69297;1;1;1.0;2.0;45,6026356180;4,7972066794;
202100042657.0;2;69;69259;1;1;1.0;4.0;45,7197837460;4,8800969124;
202100042658.0;3;42;42218;1;1;1.0;6.0;45,4342200000;4,4209300000;
202100042659.0;1;57;57498;1;1;1.0;6.0;49,3346300000;6,0010500000;
202100042660.0;1;92;92019;1;1;1.0;3.0;48,7610236418;2,2517548115;
202100042661.0;1;93;93029;1;1;1.0;6.0;48,9230800000;2,4271200000;
202100042662.0;1;93;93027;1;1;1.0;6.0;48,9363460000;2,4035020000;
202100042663.0;2;77;77122;1;1;1.0;6.0;48,6588000000;2,6126200000;
202100042664.0;1;988;98818;2;6;1.0;2.0; -22,2606900000;166,4444000000;
202100042665.0;3;988;98818;2;2;1.0;3.0; -22,2483900000;166,4637700000;
202100042666.0;3;974;97416;1;1;2.0;2.0; -21,3187900000;55,4897700000;
202100042667.0;5;69;69388;2;2;1.0;3.0;45,7381000000;4,8845200000;
202100042668.0;1;69;69199;2;1;1.0;1.0;45,7132200236;4,8529411029;
202100042669.0;1;972;97213;1;1;1.0;3.0;14,6250845238; -60,9806871414;
202100042670.0;1;971;97101;1;1;1.0;1.0;16,2677200000; -61,5112800000;
202100042671.0;1;971;97120;2;1;1.0;6.0;16,2426045133; -61,5362531193;
202100042672.0;1;971;97101;2;1;1.0;3.0;16,2579800000; -61,5197400000;
202100042673.0;1;91;91421;1;1;1.0;7.0;48,6925200000;2,4500500000;
202100042674.0;5;83;83137;2;2;1.0;3.0;43,1234200000;5,9481000000;
202100042675.0;1;79;79191;2;2;1.0;2.0;46,3391500000; -0,4464400000;
202100042676.0;1;78;78551;1;1;1.0;2.0;48,9021500000;2,0603400000;
202100042677.0;1;77;77464;2;1;1.0;6.0;48,8829800000;2,7145100000;
202100042678.0;1;74;74012;2;1;1.0;6.0;46,1846000000;6,2430300000;
202100042679.0;3;71;71040;1;1;1.0;6.0;46,6912300000;4,3811300000;
202100042680.0;1;71;71499;1;1;1.0;6.0;46,6452300000;4,3074800000;
202100042681.0;3;71;71540;1;6;1.0;6.0;46,7674445175;4,4527675088;
202100042682.0;1;64;64445;2;3;1.0;3.0;43,3112200000; -0,3662800000;
202100042683.0;1;60;60414;2;9;1.0;7.0;49,2531400000;2,4544300000;
202100042684.0;5;54;54395;2;4;1.0;3.0;48,7011791434;6,1768108606;
202100042685.0;1;49;49007;2;2;1.0;3.0;47,4856700000; -0,5333000000;
202100042686.0;1;47;47031;2;1;7.0;6.0;44,1760000000;0,6350000000;
202100042687.0;1;35;35238;2;1;1.0;6.0;48,1026400000; -1,6946700000;
202100042688.0;1;35;35238;2;1;1.0;3.0;48,0976800000; -1,6381500000;
202100042689.0;1;17;17291;1;1;1.0;7.0;46,1777340000; -1,1010700000;
202100042690.0;5;13;13213;2;1;1.0;2.0;43,3216700000;5,4169100000;
202100042691.0;1;13;13208;2;1;1.0;3.0;43,2754475967;5,3959525356;
202100042692.0;1;13;13205;2;1;1.0;6.0;43,2899933090;5,3989876015;
202100042693.0;1;07;07281;1;1;1.0;6.0;44,9467500000;4,8296700000;
202100042694.0;5;75;75112;2;1;1.0;4.0;48,8341020000;2,4092900000;
202100042695.0;1;75;75112;2;4;1.0;1.0;48,8283730000;2,3920730000;
202100042696.0;1;75;75104;2;2;1.0;6.0;48,8543645326;2,3549419641;
202100042697.0;1;75;75119;2;4;1.0;6.0;48,8847350000;2,3922010000;
202100042698.0;1;75;75116;2;2;1.0;3.0;48,8650582427;2,2865349054;
202100042699.0;1;75;75116;2;1;1.0;4.0;48,8636420000;2,2370930000;
202100042700.0;1;75;75116;2;7;1.0;3.0;48,8783322045;2,2810739279;
202100042701.0;1;75;75114;2;3;1.0;6.0;48,8213160000;2,3338840000;
202100042702.0;1;75;75112;2;3;1.0;3.0;48,8189870000;2,4624070000;
202100042703.0;1;75;75112;2;1;1.0;3.0;48,8444030000;2,4402000000;
202100042704.0;1;75;75112;2;1;1.0;3.0;48,8342390000;2,4424640000;
202100042705.0;1;75;75111;2;4;1.0;3.0;48,8528225019;2,3884873746;
202100042706.0;1;75;75107;2;3;1.0;3.0;48,8523990000;2,3265690000;
202100042707.0;1;75;75101;2;3;1.0;2.0;48,8554070000;2,3459580000;
202100042708.0;1;75;75101;2;5;1.0;2.0;48,8631640000;2,3355330000;
202100042709.0;1;94;94046;2;1;1.0;6.0;48,8060660000;2,4499760000;
202100042710.0;1;94;94034;2;1;1.0;6.0;48,7575100000;2,3163000000;
202100042711.0;1;94;94054;2;1;1.0;6.0;48,7447600000;2,3983700000;
202100042712.0;1;94;94059;2;1;1.0;6.0;48,8128820000;2,5698280000;
202100042713.0;1;93;93066;2;6;1.0;6.0;48,9354900000;2,3679000000;
202100042714.0;1;93;93064;2;1;1.0;2.0;48,8836085844;2,4834144115;
202100042715.0;1;93;93077;2;1;1.0;4.0;48,8851400000;2,5046200000;
202100042716.0;1;93;93061;2;3;1.0;6.0;48,8838900000;2,4034300000;
202100042717.0;1;93;93006;2;1;1.0;6.0;48,8758300000;2,4318600000;
202100042718.0;1;93;93010;2;1;1.0;6.0;48,8913087248;2,4965089560;
202100042719.0;1;92;92046;2;1;1.0;2.0;48,8213500000;2,2972400000;
202100042720.0;1;92;92075;2;9;1.0;3.0;48,8162591739;2,2756022215;
202100042721.0;5;92;92051;2;1;1.0;6.0;48,8822563079;2,2680974007;
202100042722.0;5;92;92024;2;1;1.0;6.0;48,9048043014;2,2924974561;
202100042723.0;1;92;92071;2;2;1.0;3.0;48,7790800000;2,2802000000;
202100042724.0;1;92;92004;2;3;1.0;2.0;48,9138573932;2,3101891525;
202100042725.0;1;92;92014;2;1;1.0;6.0;48,7813191825;2,3142260313;
202100042726.0;5;973;97353;2;1;1.0;3.0;3,6443787778; -54,0339052778;
202100042727.0;1;33;33102;1;1;1.0;6.0;44,5861000000; -0,0949660000;
202100042728.0;1;18;18258;1;1;1.0;7.0;47,3632610000;2,8274130000;