Num_Acc;lum;departement;commune;agglomeration;intersection;meteo;type_collision;lat;long;date
202100042729.0;1;01;01353;1;1;1.0;2.0;45,9832160000;4,7901250000;
202100042730.0;1;67;67162;1;1;1.0;6.0;48,7698810000;7,4825690000;
202100042731.0;1;17;17472;1;1;1.0;7.0;46,2364520000; -1,0774760000;
202100042732.0;1;62;62668;2;2;1.0;1.0;50,5060610000;2,2582760000;
202100042733.0;1;57;57024;1;1;1.0;1.0;49,1983640000;6,2659840000;
202100042734.0;1;74;74256;2;1;1.0;1.0;45,9372580000;6,6283180000;
202100042735.0;1;74;74225;1;1;1.0;3.0;45,8816360000;5,9352560000;
202100042736.0;1;76;76622;1;1;1.0;6.0;49,4764590000;0,6041810000;
202100042737.0;1;79;79209;1;1;1.0;7.0;46,8771870000; -0,2839030000;
202100042738.0;1;80;80070;1;1;1.0;6.0;50,0767940000;2,3647000000;
202100042739.0;1;69;69066;2;3;1.0;3.0;46,1055090000;4,3278840000;
202100042740.0;1;81;81288;2;1;1.0;6.0;43,4526810000;2,0668350000;
202100042741.0;3;81;81128;1;1;1.0;6.0;43,6516180000;2,3763730000;
202100042742.0;1;11;11103;1;1;1.0;7.0;42,9400490000;2,2703180000;
202100042743.0;1;63;63338;1;1;1.0;1.0;46,1634920000;2,8461780000;
202100042744.0;1;49;49307;1;6;1.0;2.0;47,4747150000; -0,3405280000;
202100042745.0;1;12;12101;1;1;1.0;6.0;44,5709860000;2,2780970000;
202100042746.0;1;25;25160;1;1;7.0;6.0;47,0305230000;6,5384100000;
202100042747.0;1;25;25519;2;1;1.0;7.0;47,3187550000;6,8107330000;
202100042748.0;1;25;25186;1;2;1.0;3.0;47,3140100000;5,9421010000;
202100042749.0;1;29;29281;1;2;1.0;1.0;48,0543430000; -3,8073310000;
202100042750.0;1;38;38408;2;1;1.0;7.0;45,5816610000;4,9995890000;
202100042751.0;5;38;38499;1;1;1.0;1.0;44,9407750000;5,7651720000;
202100042752.0;1;03;03105;1;1;1.0;6.0;46,2202610000;3,7194190000;
202100042753.0;3;03;03158;1;1;1.0;7.0;46,4853390000;2,6554620000;
202100042754.0;2;72;72168;2;9;7.0;3.0;48,0033300000; -0,1534220000;
202100042755.0;1;06;06150;2;1;1.0;6.0;43,7495350000;7,4092990000;
202100042756.0;1;60;60564;1;1;1.0;7.0;49,5738220000;2,4623110000;
202100042757.0;1;60;60601;2;1;1.0;6.0;49,2671730000;2,3893170000;
202100042758.0;1;45;45120;1;1;1.0;3.0;47,6279270000;2,8723380000;
202100042759.0;1;64;64010;2;1;8.0;7.0;43,3394670000; -1,0219400000;
202100042760.0;2;64;64273;1;1;1.0;6.0;43,2554749207; -1,2514154613;
202100042761.0;1;73;73059;2;1;7.0;6.0;45,7284900000;5,8819090000;
202100042762.0;1;85;85093;1;1;1.0;6.0;46,6931590000; -1,2160710000;
202100042763.0;1;28;28300;1;3;1.0;3.0;48,1660851261;1,9162137492;
202100042764.0;1;45;45332;1;1;1.0;6.0;47,8625430000;2,6937640000;
202100042765.0;2;13;13080;1;3;1.0;3.0;43,6692760000;5,4393800000;
202100042766.0;2;95;95353;2;1;1.0;6.0;49,0845523599;2,3134918031;
202100042767.0;3;13;13112;1;1;1.0;7.0;43,5220100000;5,2371530000;
202100042768.0;1;72;72278;1;1;1.0;6.0;48,0167980000; -0,3081320000;
202100042769.0;1;69;69043;1;1;1.0;3.0;45,7177840000;4,7736560000;
202100042770.0;1;95;95371;2;1;1.0;2.0;49,0804160000;2,4991380000;
202100042771.0;3;988;98821;1;3;1.0;1.0; -22,0685892197;166,2770588994;
202100042772.0;1;977;97701;2;1;1.0;3.0;17,9069570000; -62,8006520000;
202100042773.0;1;91;91132;1;1;1.0;7.0;48,5111390000;2,2021660000;
202100042774.0;1;91;91179;2;2;1.0;1.0;48,5662770000;2,4814060000;
202100042775.0;3;78;78113;1;1;1.0;7.0;49,0252980000;1,8185060000;
202100042776.0;1;2A;2A247;1;1;1.0;7.0;41,6117371007;9,2962999881;
202100042777.0;1;34;34238;1;1;1.0;6.0;43,8496626804;3,6503362656;
202100042778.0;1;83;83077;1;1;1.0;1.0;43,2958550000;5,9828440000;
202100042779.0;1;13;13042;1;1;1.0;1.0;43,2679250000;5,6485180000;
202100042780.0;1;88;88321;1;1;1.0;7.0;48,3506310000;5,7159160000;
202100042781.0;1;03;03201;1;1;1.0;6.0;46,0981440000;3,6521820000;
202100042782.0;1;26;26331;1;1;1.0;6.0;45,0587250000;5,2805290000;
202100042783.0;1;01;01313;2;2;1.0;3.0;46,2597720000;6,0808030000;
202100042784.0;3;79;79116;1;1;1.0;7.0;46,8348020000; -0,2950860000;
202100042785.0;1;33;33220;2;1;1.0;6.0;45,0966630000; -0,7258270000;
202100042786.0;1;33;33279;1;1;1.0;6.0;44,4932830000; -0,2555820000;
202100042787.0;1;14;14530;1;1;1.0;6.0;49,2382240000; -0,2659030000;
202100042788.0;2;35;35185;2;1;1.0;6.0;48,2040080000; -1,1460010000;
202100042789.0;1;60;60022;1;1;1.0;7.0;49,2220500000;2,5013530000;
202100042790.0;1;60;60640;1;1;1.0;7.0;49,2215280000;1,9455130000;
202100042791.0;1;62;62089;1;1;1.0;2.0;50,8298710000;1,6555710000;
202100042792.0;1;13;13005;1;1;1.0;6.0;43,3034800000;5,5703500000;
202100042793.0;1;91;91521;1;1;1.0;6.0;48,6358500000;2,4010300000;
202100042794.0;1;91;91340;1;1;1.0;1.0;48,6073900000;2,4354800000;
202100042795.0;1;91;91286;1;1;1.0;6.0;48,6568400000;2,3777800000;
202100042796.0;1;93;93073;1;1;1.0;2.0;48,9665100000;2,5593800000;
202100042797.0;1;95;95678;1;1;1.0;6.0;49,0717200000;2,2239100000;
202100042798.0;3;92;92036;1;1;1.0;2.0;48,9471400000;2,2816900000;
202100042799.0;1;93;93066;1;1;1.0;4.0;48,9227800000;2,3450400000;
202100042800.0;1;976;97611;2;1;1.0;2.0; -12,7929000000;45,2201300000;
202100042801.0;3;974;97416;1;9;8.0;7.0; -21,3157537462;55,4908393101;
202100042802.0;3;974;97411;2;9;1.0;3.0; -20,8978000000;55,4838000000;
202100042803.0;1;974;97411;2;1;1.0;3.0; -20,8994100000;55,4793400000;
202100042804.0;1;973;97302;2;1;2.0;7.0;4,9288986486; -52,2998392582;
202100042805.0;1;973;97302;2;2;1.0;3.0;4,9321681429; -52,3093684259;
202100042806.0;1;973;97302;2;1;1.0;3.0;4,9356377722; -52,3201859486;
202100042807.0;1;69;69199;2;1;1.0;6.0;45,6920900000;4,8532300000;
202100042808.0;1;69;69199;2;2;7.0;3.0;45,6886594149;4,8616433144;
202100042809.0;1;69;69386;2;2;1.0;1.0;45,7700974430;4,8596745729;
202100042810.0;1;972;97213;2;1;1.0;3.0;14,5998013653; -60,9973686934;
202100042811.0;5;69;69381;2;2;1.0;3.0;45,7662381329;4,8383536935;
202100042812.0;1;69;69034;2;3;1.0;1.0;45,7900200000;4,8268400000;
202100042813.0;1;69;69034;2;2;1.0;3.0;45,7864500000;4,8298900000;
202100042814.0;1;971;97113;1;1;1.0;2.0;16,2177300000; -61,4906700000;
202100042815.0;1;91;91347;2;1;1.0;7.0;48,6348300000;2,2880380000;
202100042816.0;5;91;91216;2;3;1.0;6.0;48,6730270000;2,3275810000;
202100042817.0;1;91;91345;2;1;1.0;6.0;48,6885100000;2,2886800000;
202100042818.0;2;91;91027;2;1;1.0;3.0;48,7023800000;2,3716900000;
202100042819.0;1;90;90032;2;8;1.0;6.0;47,6192615027;6,8684327600;
202100042820.0;1;88;88160;1;1;1.0;7.0;48,1324480000;6,4350330000;
202100042821.0;1;87;87085;2;1;1.0;6.0;45,8550100000;1,2725700000;
202100042822.0;1;85;85191;1;1;1.0;3.0;46,6907000000; -1,3710000000;
202100042823.0;1;82;82121;2;1;1.0;3.0;44,0224700000;1,3586500000;
202100042824.0;1;80;80021;2;1;1.0;1.0;49,8948800000;2,2874900000;
202100042825.0;1;80;80021;2;1;1.0;6.0;49,9000300000;2,2738200000;
202100042826.0;1;78;78322;2;2;1.0;3.0;48,7636700000;2,1667400000;
202100042827.0;1;78;78133;2;1;1.0;2.0;48,9057380000;2,0501320000;
202100042828.0;1;76;76497;2;2;1.0;3.0;49,3871200000;1,0214400000;
202100042829.0;1;76;76540;2;2;1.0;3.0;49,4475520000;1,0602520000;
202100042830.0;5;76;76322;2;1;1.0;6.0;49,4055800000;1,0437100000;
202100042831.0;3;76;76157;2;3;1.0;7.0;49,4540100000;1,0494000000;
202100042832.0;1;76;76305;2;1;1.0;7.0;49,5054500000;0,2355700000;
202100042833.0;1;74;74133;1;1;1.0;7.0;46,1783000000;6,2141300000;
202100042834.0;1;72;72181;2;1;1.0;3.0;47,9965800000;0,1956500000;
202100042835.0;1;71;71306;2;2;1.0;3.0;46,6711570587;4,3767573386;
202100042836.0;1;71;71153;2;1;1.0;1.0;46,7888000000;4,4462600000;
202100042837.0;1;69;69266;2;3;1.0;3.0;45,7671968944;4,9024813641;
202100042838.0;1;68;68297;2;2;1.0;3.0;47,5712010000;7,5561950000;
202100042839.0;1;68;68066;2;1;1.0;6.0;48,0723200000;7,3425100000;
202100042840.0;1;68;68066;2;1;1.0;6.0;48,0761000000;7,3548800000;
202100042841.0;1;67;67482;2;8;1.0;3.0;48,5740500000;7,7847300000;
202100042842.0;1;67;67482;2;8;1.0;1.0;48,5489700000;7,7412700000;
202100042843.0;1;67;67482;2;8;1.0;1.0;48,5919910000;7,6983610000;
202100042844.0;1;66;66136;2;1;1.0;6.0;42,6867700000;2,9065000000;
202100042845.0;1;66;66136;2;1;1.0;6.0;42,7071200000;2,8915700000;
202100042846.0;1;66;66136;2;1;1.0;6.0;42,6965000000;2,8806900000;
202100042847.0;1;66;66136;2;1;1.0;3.0;42,6892500000;2,9063800000;
202100042848.0;1;65;65440;2;1;1.0;6.0;43,2357240000;0,0748120000;
202100042849.0;1;64;64545;2;1;1.0;3.0;43,3747000000; -1,6791700000;
202100042850.0;1;64;64348;2;6;1.0;3.0;43,3228100000; -0,3995400000;
202100042851.0;1;64;64445;2;3;1.0;3.0;43,3084400000; -0,3402400000;
202100042852.0;1;64;64445;2;2;1.0;3.0;43,3019100000; -0,3710900000;
202100042853.0;1;64;64122;2;6;1.0;3.0;43,4602800000; -1,5479200000;
202100042854.0;1;62;62774;1;1;1.0;3.0;50,9304400000;1,7213600000;
202100042855.0;1;62;62193;2;1;1.0;1.0;50,9573690000;1,8495010000;
202100042856.0;1;62;62178;2;1;1.0;3.0;50,4935810000;2,5717560000;
202100042857.0;1;61;61001;2;1;1.0;2.0;48,4376590000;0,0870500000;
202100042858.0;1;60;60463;2;1;1.0;6.0;49,2799500000;2,4621400000;
202100042859.0;1;60;60159;2;1;1.0;6.0;49,4197254880;2,8208234309;
202100042860.0;1;59;59350;2;3;1.0;1.0;50,6411172908;3,0535662174;
202100042861.0;1;59;59636;1;1;1.0;1.0;50,6940600000;3,0492700000;
202100042862.0;1;59;59350;2;9;1.0;7.0;50,6154070711;3,0349968902;
202100042863.0;1;59;59378;2;2;1.0;3.0;50,6664273291;3,1032950431;
202100042864.0;1;57;57283;2;2;1.0;5.0;49,2482400000;6,1670500000;
202100042865.0;1;56;56260;2;6;1.0;2.0;47,6559200000; -2,7917500000;
202100042866.0;1;56;56083;2;1;1.0;6.0;47,8238100000; -3,2494100000;
202100042867.0;1;56;56098;2;3;1.0;3.0;47,7625300000; -3,3330400000;
202100042868.0;1;54;54304;2;2;1.0;3.0;48,6932930765;6,1280972511;
202100042869.0;1;51;51454;2;6;1.0;7.0;49,2878680619;4,0241630699;
202100042870.0;1;49;49099;1;3;1.0;3.0;47,0597900000; -0,9252900000;
202100042871.0;1;49;49007;2;1;1.0;7.0;47,4650745715; -0,5197714779;
202100042872.0;1;49;49015;2;6;1.0;3.0;47,4993700000; -0,5829800000;
202100042873.0;1;42;42095;2;1;1.0;5.0;45,3910200000;4,2823200000;
202100042874.0;1;38;38151;2;1;1.0;6.0;45,1500000000;5,7000000000;
202100042875.0;1;37;37261;2;1;1.0;7.0;47,3999004088;0,7005307674;
202100042876.0;1;37;37233;2;2;1.0;6.0;47,3822766904;0,7305951120;
202100042877.0;1;37;37261;2;1;7.0;6.0;47,4232327411;0,6816372872;
202100042878.0;1;37;37208;2;3;1.0;6.0;47,3677630603;0,7229089737;
202100042879.0;1;37;37261;2;6;1.0;6.0;47,3737000000;0,6790000000;
202100042880.0;1;33;33281;2;1;1.0;4.0;44,8259000000; -0,6812100000;
202100042881.0;1;33;33009;2;1;1.0;6.0;44,6457700000; -1,1993200000;
202100042882.0;1;31;31149;2;2;1.0;3.0;43,5977600000;1,3217200000;
202100042883.0;1;29;29019;2;6;1.0;3.0;48,3857600000; -4,4752500000;
202100042884.0;1;27;27681;2;3;1.0;3.0;49,0899600000;1,4834000000;
202100042885.0;1;27;27562;1;1;1.0;1.0;49,0958500000;1,4372800000;
202100042886.0;1;27;27375;2;3;1.0;3.0;49,2071160000;1,1872190000;
202100042887.0;1;25;25056;2;3;1.0;2.0;47,2645530000;6,0532310000;
202100042888.0;1;19;19272;2;1;1.0;7.0;45,2407303224;1,7384417669;
202100042889.0;5;13;13208;2;1;1.0;3.0;43,2401000000;5,3669000000;
202100042890.0;5;13;13206;2;2;1.0;3.0;43,2888450000;5,3829270000;
202100042891.0;2;13;13208;2;1;1.0;7.0;43,2639200000;5,3779900000;
202100042892.0;1;13;13212;2;1;1.0;3.0;43,3109400000;5,4141500000;
202100042893.0;5;13;13063;2;3;1.0;6.0;43,5827410000;5,0155800000;
202100042894.0;1;11;11069;2;1;1.0;7.0;43,2108300000;2,3427500000;
202100042895.0;1;10;10081;2;3;1.0;3.0;48,3083000000;4,0353400000;
202100042896.0;1;10;10333;2;1;1.0;5.0;48,2850100000;4,0400100000;
202100042897.0;1;10;10362;2;1;1.0;3.0;48,2955800000;4,0436700000;
202100042898.0;1;08;08480;1;1;1.0;6.0;49,7369600000;4,7503400000;
202100042899.0;1;07;07281;1;1;1.0;7.0;44,9347350000;4,8173760000;
202100042900.0;1;06;06088;2;9;1.0;3.0;43,7099310000;7,2285220000;
202100042901.0;1;05;05061;1;1;1.0;7.0;44,5223100000;6,0371300000;
202100042902.0;1;75;75118;2;4;1.0;2.0;48,9008708152;2,3559290171;
202100042903.0;1;75;75118;2;1;1.0;5.0;48,9008190000;2,3330690000;
202100042904.0;1;75;75113;2;1;1.0;2.0;48,8177380000;2,3673380000;
202100042905.0;1;75;75119;2;2;1.0;6.0;48,8829950000;2,3855540000;
202100042906.0;1;75;75112;2;1;1.0;6.0;48,8366290000;2,4315370000;
202100042907.0;1;75;75105;2;1;1.0;2.0;48,8468580000;2,3540440000;
202100042908.0;5;75;75106;2;5;1.0;6.0;48,8469750000;2,3266450000;
202100042909.0;1;75;75118;2;2;1.0;3.0;48,8931000000;2,3402130000;
202100042910.0;1;75;75118;2;7;1.0;6.0;48,8836680000;2,3273610000;
202100042911.0;1;75;75113;2;1;1.0;1.0;48,8219280000;2,3510230000;
202100042912.0;1;75;75113;2;3;1.0;2.0;48,8302880000;2,3472040000;
202100042913.0;1;75;75112;2;1;1.0;6.0;48,8480628353;2,3995130364;
202100042914.0;1;75;75108;2;2;1.0;2.0;48,8748490000;2,3018010000;
202100042915.0;5;75;75107;2;3;1.0;2.0;48,8473890000;2,3182050000;
202100042916.0;1;75;75101;2;2;1.0;6.0;48,8638120000;2,3342460000;
202100042917.0;1;75;75102;2;3;1.0;3.0;48,8703930000;2,3368780000;
202100042918.0;1;75;75104;2;2;1.0;6.0;48,8529070000;2,3589840000;
202100042919.0;1;94;94080;2;1;1.0;6.0;48,8479060000;2,4405390000;
202100042920.0;1;94;94068;2;2;1.0;3.0;48,7921010000;2,4971460000;
202100042921.0;1;94;94042;2;3;1.0;1.0;48,8296050000;2,4734750000;
202100042922.0;1;94;94016;2;1;1.0;3.0;48,7866900000;2,3235500000;
202100042923.0;1;94;94076;2;2;1.0;4.0;48,7949760000;2,3543310000;
202100042924.0;5;94;94041;2;1;1.0;1.0;48,8038600000;2,3957100000;
202100042925.0;1;94;94022;2;1;1.0;3.0;48,7721290000;2,4067700000;
202100042926.0;1;94;94079;2;1;1.0;6.0;48,8320000000;2,5430000000;
202100042927.0;5;93;93077;2;2;1.0;3.0;48,8849310000;2,5194960000;
202100042928.0;1;93;93046;2;9;1.0;3.0;48,9148600000;2,5278900000;
202100042929.0;1;93;93061;2;2;1.0;6.0;48,8856050000;2,4054470000;
202100042930.0;1;93;93027;2;1;1.0;3.0;48,9300000000;2,3900000000;
202100042931.0;1;93;93008;2;3;1.0;6.0;48,9064600000;2,4411300000;
202100042932.0;1;93;93005;2;3;1.0;6.0;48,9323533550;2,4949648836;
202100042933.0;1;93;93001;2;5;1.0;3.0;48,9224918769;2,3685101542;
202100042934.0;1;92;92063;2;1;1.0;2.0;48,8678706897;2,2112285346;
202100042935.0;1;92;92050;2;3;1.0;3.0;48,9073245375;2,2158580273;
202100042936.0;5;92;92048;2;3;1.0;2.0;48,7825410159;2,2285670042;
202100042937.0;1;92;92048;2;1;1.0;1.0;48,8206200000;2,2371100000;
202100042938.0;1;92;92048;2;2;1.0;3.0;48,7861227698;2,2215047479;
202100042939.0;1;92;92044;2;3;1.0;3.0;48,8976708956;2,2757024917;
202100042940.0;1;92;92004;2;2;1.0;6.0;48,9118746103;2,2947467035;
202100042941.0;1;47;47140;1;1;1.0;7.0;44,2750470000;0,6299110000;
202100042942.0;1;31;31418;2;1;1.0;1.0;43,6221120000;1,5236230000;
202100042943.0;1;68;68038;2;1;1.0;1.0;48,0963010000;7,4368720000;
202100042944.0;1;69;69279;2;3;1.0;3.0;45,7913210000;5,0337070000;
202100042945.0;1;972;97232;1;1;1.0;1.0;14,5131540000; -60,8401820000;
202100042946.0;1;88;88349;2;2;1.0;3.0;48,1745750000;7,0122140000;
202100042947.0;1;51;51388;2;1;1.0;7.0;49,1399099767;4,3591213971;
202100042948.0;1;84;84131;2;1;1.0;3.0;43,8446200000;5,0843260000;
202100042949.0;1;71;71336;1;1;1.0;5.0;46,7247250000;4,9378080000;
202100042950.0;1;38;38403;1;1;1.0;6.0;44,8658620000;5,7781000000;
202100042951.0;1;77;77240;1;1;1.0;6.0;48,7893900000;3,2806690000;
202100042952.0;1;51;51149;2;2;1.0;3.0;48,9002000000;4,4406120000;
202100042953.0;1;76;76146;1;3;1.0;3.0;49,5879160000;1,3459540000;
202100042954.0;1;79;79341;1;1;1.0;1.0;46,5351230000; -0,1499250000;
202100042955.0;1;80;80411;1;2;1.0;3.0;49,8816390000;2,5607590000;
202100042956.0;1;69;69135;1;1;1.0;1.0;46,2322200000;4,5527400000;
202100042957.0;3;71;71345;1;1;1.0;6.0;46,4391250000;4,7920400000;
202100042958.0;1;71;71305;2;1;1.0;7.0;46,4692811526;4,8504288194;
202100042959.0;1;61;61222;1;3;1.0;3.0;48,7449190000; -0,6836680000;
202100042960.0;1;12;12090;1;1;1.0;7.0;44,3876120000;2,4809580000;
202100042961.0;1;42;42013;1;4;1.0;3.0;45,6244960000;4,3068100000;
202100042962.0;3;42;42138;1;1;1.0;6.0;45,6466505392;4,3578743096;
202100042963.0;3;44;44133;1;1;1.0;2.0;47,1512780000; -1,7290110000;
202100042964.0;1;35;35071;1;1;1.0;6.0;48,4451660000; -1,2458860000;
202100042965.0;1;31;31232;1;1;1.0;1.0;43,7823230000;1,2842520000;
202100042966.0;1;84;84089;2;1;1.0;2.0;43,7043280000;5,5100730000;
202100042967.0;1;15;15084;1;2;1.0;1.0;44,7463520000;2,4880390000;
202100042968.0;1;70;70245;2;1;1.0;6.0;47,8881800000;6,3767670000;
202100042969.0;3;58;58120;1;1;1.0;6.0;47,2424260000;3,9059830000;
202100042970.0;1;27;27425;1;1;1.0;1.0;49,1488150000;0,6998210000;
202100042971.0;1;27;27037;1;2;1.0;6.0;49,0815820000;0,8296180000;
202100042972.0;1;30;30228;1;3;1.0;6.0;43,9503780000;4,3788670000;
202100042973.0;1;24;24084;1;4;1.0;7.0;44,7920920000;1,0293570000;
202100042974.0;3;13;13044;1;1;1.0;6.0;43,6005090000;5,0462760000;
202100042975.0;1;13;13113;1;1;1.0;6.0;43,5891294325;5,4794344927;
202100042976.0;1;13;13032;1;1;1.0;4.0;43,5779040000;5,3365450000;
202100042977.0;1;13;13088;2;1;1.0;5.0;43,3723910000;5,2297770000;
202100042978.0;1;91;91654;1;1;1.0;7.0;48,4629910000;2,4114350000;
202100042979.0;1;78;78683;2;1;1.0;6.0;48,8124060000;1,8819320000;
202100042980.0;1;2A;2A247;2;3;1.0;3.0;41,6006363168;9,2708229199;
202100042981.0;1;06;06128;1;1;7.0;3.0;43,6917820000;7,1182660000;
202100042982.0;1;68;68334;2;2;1.0;6.0;47,8097030000;7,1021300000;
202100042983.0;1;55;55024;1;1;1.0;2.0;49,2904230000;5,4669020000;
202100042984.0;1;69;69291;1;1;1.0;6.0;45,6414275466;4,8775219917;
202100042985.0;1;86;86197;1;2;1.0;3.0;47,0330020000;0,2826620000;
202100042986.0;1;64;64230;2;1;1.0;7.0;43,2090680000; -0,3954240000;
202100042987.0;1;33;33554;1;3;1.0;3.0;44,8864350000; -0,4693440000;
202100042988.0;3;35;35106;1;1;1.0;1.0;47,8112310000; -1,5736710000;
202100042989.0;4;02;02013;2;9;1.0;6.0;49,4830770000;3,9143780000;
202100042990.0;3;59;59333;1;1;1.0;6.0;50,0378340000;3,9249730000;
202100042991.0;1;13;13055;1;1;1.0;4.0;43,3273500000;5,4190600000;
202100042992.0;5;92;92076;1;1;9.0;6.0;48,8299065434;2,1484345039;
202100042993.0;1;95;95582;1;1;1.0;6.0;48,9640412225;2,2634252320;
202100042994.0;1;31;31555;1;1;6.0;7.0;43,5579500000;1,4130400000;
202100042995.0;1;31;31555;2;9;1.0;3.0;43,5978800000;1,4200900000;
202100042996.0;1;988;98818;2;1;2.0;2.0; -22,2546000000;166,4500300000;
202100042997.0;1;973;97302;2;1;1.0;7.0;4,9307479981; -52,3229084807;
202100042998.0;1;973;97302;2;9;1.0;3.0;4,9370772318; -52,3156313898;
202100042999.0;1;2B;2B120;2;1;2.0;2.0;42,6518600000;9,4407600000;
202100043000.0;5;95;95585;2;2;1.0;3.0;48,9783800000;2,3854700000;
202100043001.0;1;95;95555;2;1;7.0;6.0;48,9686900000;2,2866700000;
202100043002.0;2;91;91114;2;9;1.0;3.0;48,7074290000;2,5068080000;
202100043003.0;1;87;87085;2;2;1.0;3.0;45,8211300000;1,2629400000;
202100043004.0;1;86;86194;2;1;1.0;6.0;46,5889600000;0,3613300000;
202100043005.0;1;83;83137;2;2;1.0;3.0;43,1315780000;5,9355910000;
202100043006.0;1;81;81004;2;3;1.0;3.0;43,9364518034;2,1449751561;
202100043007.0;1;80;80725;2;1;1.0;3.0;49,8734600000;2,2614000000;
202100043008.0;1;78;78640;2;1;1.0;3.0;48,7820800000;2,2261800000;
202100043009.0;1;78;78029;2;1;2.0;2.0;48,9696870000;1,8566140000;
202100043010.0;1;76;76540;2;1;1.0;2.0;49,4437700000;1,0638700000;
202100043011.0;1;71;71306;1;1;1.0;7.0;46,6681800000;4,3417900000;
202100043012.0;1;69;69290;2;8;1.0;3.0;45,6972400000;4,9361400000;
202100043013.0;1;68;68066;2;9;1.0;6.0;48,0818600000;7,3445300000;
202100043014.0;1;64;64122;2;1;1.0;7.0;43,4594239142; -1,5424235716;
202100043015.0;5;64;64102;2;1;1.0;7.0;43,4871300000; -1,4760000000;
202100043016.0;1;64;64102;2;1;1.0;7.0;43,4990700000; -1,4889400000;
202100043017.0;1;64;64102;2;1;1.0;7.0;43,4790700000; -1,4552200000;
202100043018.0;1;60;60057;2;1;1.0;3.0;49,4189000000;2,1141100000;
202100043019.0;1;59;59360;2;4;2.0;1.0;50,6194810000;3,0088300000;
202100043020.0;5;58;58194;2;6;1.0;3.0;46,9941000000;3,1362000000;
202100043021.0;5;56;56098;2;1;1.0;6.0;47,7494540000; -3,3229600000;
202100043022.0;1;56;56098;2;3;1.0;3.0;47,7573700000; -3,3369300000;
202100043023.0;1;54;54395;2;1;1.0;6.0;48,6816500000;6,1976800000;
202100043024.0;5;54;54395;2;1;1.0;6.0;48,6718100000;6,1941800000;
202100043025.0;1;51;51454;2;6;1.0;3.0;49,2421371036;4,0244113972;
202100043026.0;1;50;50129;2;4;1.0;3.0;49,6338340000; -1,6223180000;
202100043027.0;1;49;49007;2;1;1.0;3.0;47,4744300000; -0,5178500000;
202100043028.0;1;45;45285;2;1;1.0;6.0;47,9061160000;1,8760140000;
202100043029.0;1;42;42218;2;2;1.0;3.0;45,4323200000;4,3926900000;
202100043030.0;1;37;37261;2;6;1.0;2.0;47,3738840330;0,6785194874;
202100043031.0;1;35;35238;2;2;1.0;1.0;48,1034700000; -1,6768800000;
202100043032.0;1;35;35115;2;1;1.0;6.0;48,3669300000; -1,1845300000;
202100043033.0;1;34;34172;2;2;1.0;3.0;43,6260000000;3,8240500000;
202100043034.0;1;33;33318;2;1;1.0;4.0;44,7852800000; -0,6826400000;
202100043035.0;5;31;31555;2;3;1.0;3.0;43,5872200000;1,4739400000;
202100043036.0;1;31;31483;2;1;1.0;7.0;43,1185200000;0,7250900000;
202100043037.0;1;28;28220;2;2;1.0;5.0;48,4268100000;1,4724000000;
202100043038.0;1;27;27562;2;1;1.0;6.0;49,0962172399;1,4328946630;
202100043039.0;1;26;26198;2;1;1.0;4.0;44,5307000000;4,7365000000;
202100043040.0;1;17;17300;2;1;1.0;7.0;46,1554700000; -1,1433000000;
202100043041.0;5;13;13208;2;6;1.0;7.0;43,2503400000;5,3890000000;
202100043042.0;1;13;13202;2;1;1.0;2.0;43,3204800000;5,3629300000;
202100043043.0;1;13;13202;2;1;1.0;6.0;43,3057500000;5,3674400000;
202100043044.0;1;13;13213;2;3;1.0;3.0;43,3290982252;5,4308610409;
202100043045.0;1;13;13047;1;9;1.0;3.0;43,5994500000;4,9356400000;
202100043046.0;1;10;10387;2;3;1.0;3.0;48,2940000000;4,0818500000;
202100043047.0;5;08;08105;2;1;1.0;6.0;49,7608200000;4,7411100000;
202100043048.0;1;06;06083;2;2;1.0;3.0;43,7673170000;7,4898850000;
202100043049.0;1;06;06083;2;1;1.0;2.0;43,7764800000;7,4778120000;
202100043050.0;1;06;06123;2;9;1.0;4.0;43,6600780000;7,1834990000;
202100043051.0;1;02;02212;1;1;1.0;6.0;49,6338400000;3,2786100000;
202100043052.0;1;75;75117;2;1;1.0;2.0;48,8827000000;2,2833590000;
202100043053.0;2;75;75112;2;2;8.0;6.0;48,8420780000;2,4490710000;
202100043054.0;1;75;75105;2;5;1.0;2.0;48,8473390000;2,3408520000;
202100043055.0;1;75;75120;2;2;1.0;6.0;48,8529480000;2,4007790000;
202100043056.0;2;75;75119;2;2;1.0;3.0;48,8822450000;2,3819580000;
202100043057.0;1;75;75114;2;1;1.0;6.0;48,8256910000;2,3416300000;