Num_Acc;lum;departement;commune;agglomeration;intersection;meteo;type_collision;lat;long;date
202100044042.0;1;75;75105;2;3;1.0;3.0;48,8383050000;2,3420620000;
202100044043.0;2;75;75120;2;3;1.0;1.0;48,8637345534;2,4076828934;
202100044044.0;1;75;75119;2;1;1.0;3.0;48,8901380000;2,3716920000;
202100044045.0;1;75;75119;2;1;1.0;3.0;48,8937360000;2,3841160000;
202100044046.0;1;75;75116;2;1;1.0;2.0;48,8527100000;2,2598980000;
202100044047.0;1;75;75115;2;3;1.0;7.0;48,8471700000;2,2893210000;
202100044048.0;2;75;75110;2;5;1.0;3.0;48,8842449494;2,3615509275;
202100044049.0;1;75;75110;2;5;1.0;1.0;48,8747997902;2,3572348779;
202100044050.0;1;75;75109;2;7;1.0;6.0;48,8820490000;2,3375250000;
202100044051.0;2;75;75101;2;3;1.0;2.0;48,8603900000;2,3405800000;
202100044052.0;1;75;75104;2;4;1.0;6.0;48,8550676030;2,3616632115;
202100044053.0;1;75;75103;2;2;1.0;3.0;48,8662420000;2,3525330000;
202100044054.0;1;94;94068;2;3;1.0;3.0;48,7994410000;2,4990450000;
202100044055.0;1;94;94018;2;1;1.0;3.0;48,8220600000;2,3997900000;
202100044056.0;1;93;93073;1;1;1.0;3.0;49,0033990000;2,5368250000;
202100044057.0;1;93;93066;2;9;1.0;3.0;48,9148411225;2,3581130983;
202100044058.0;1;93;93066;2;3;1.0;6.0;48,9403429078;2,3634668189;
202100044059.0;1;93;93077;2;9;1.0;1.0;48,8849600000;2,5001300000;
202100044060.0;1;93;93051;2;1;1.0;2.0;48,8481100000;2,5485800000;
202100044061.0;1;93;93048;2;2;1.0;3.0;48,8531508026;2,4278394185;
202100044062.0;1;93;93001;2;2;1.0;6.0;48,9182500000;2,3788800000;
202100044063.0;5;92;92050;2;1;1.0;2.0;48,8932023102;2,2273836630;
202100044064.0;1;92;92024;2;1;1.0;6.0;48,9038100000;2,3202400000;
202100044065.0;1;92;92023;2;3;7.0;3.0;48,7771214744;2,2285093367;
202100044066.0;1;92;92012;2;1;1.0;3.0;48,8516701573;2,2264695168;
202100044067.0;1;60;60077;1;3;1.0;3.0;49,5754920000;2,0560960000;
202100044068.0;1;976;97610;1;1;1.0;1.0; -12,7464070000;45,2267000000;
202100044069.0;1;12;12242;1;1;1.0;1.0;44,4022920000;2,0322130000;
202100044070.0;1;49;49257;1;3;1.0;7.0;47,6545280000; -0,2177820000;
202100044071.0;1;68;68044;1;1;1.0;6.0;48,1619350000;7,0876410000;
202100044072.0;1;68;68005;2;3;1.0;3.0;48,1288690000;7,2980920000;
202100044073.0;1;11;11203;2;3;1.0;6.0;43,1997480000;2,7567640000;
202100044074.0;5;971;97109;2;1;1.0;5.0;15,9969290000; -61,6942080000;
202100044075.0;1;59;59478;2;1;2.0;6.0;50,9614690000;2,4332920000;
202100044076.0;1;57;57431;1;1;2.0;1.0;49,0812310000;6,3659230000;
202100044077.0;1;91;91553;2;1;1.0;4.0;48,6266130000;2,4961180000;
202100044078.0;1;79;79322;1;2;1.0;3.0;46,6152820000; -0,3222350000;
202100044079.0;1;65;65341;1;1;1.0;7.0;43,3011180000; -0,0179170000;
202100044080.0;2;32;32419;1;1;7.0;6.0;43,4025060000;0,4561040000;
202100044081.0;1;32;32288;1;1;1.0;3.0;43,5862290000;0,8698560000;
202100044082.0;1;71;71261;1;1;1.0;7.0;46,5919270000;4,9865460000;
202100044083.0;1;22;22264;1;1;1.0;1.0;48,7515870000; -3,2427050000;
202100044084.0;1;39;39491;2;2;1.0;3.0;46,3990850000;5,7904060000;
202100044085.0;1;25;25120;2;1;1.0;6.0;47,0435310000;6,1594840000;
202100044086.0;1;29;29015;1;2;1.0;2.0;48,4869946083; -4,5004832680;
202100044087.0;1;50;50320;1;1;7.0;1.0;48,8529800000; -1,3838910000;
202100044088.0;2;50;50639;1;1;1.0;6.0;48,8047650000; -1,2490380000;
202100044089.0;3;21;21006;2;4;1.0;6.0;47,7509463281;4,5813617073;
202100044090.0;1;27;27062;1;1;1.0;5.0;49,2783920000;0,8298380000;
202100044091.0;1;30;30340;1;1;1.0;5.0;44,0012890000;4,5787020000;
202100044092.0;1;48;48094;1;1;1.0;7.0;44,2920320000;3,1763790000;
202100044093.0;1;69;69044;2;3;1.0;3.0;45,7896091634;4,7440713644;
202100044094.0;1;21;21054;1;1;1.0;6.0;47,0059240000;4,8628660000;
202100044095.0;1;95;95690;1;1;1.0;1.0;49,0885566830;1,8126802576;
202100044096.0;1;84;84132;1;1;9.0;7.0;43,9247900000;4,9761840000;
202100044097.0;1;57;57206;2;3;7.0;6.0;49,3058040000;6,1051960000;
202100044098.0;1;01;01043;2;6;1.0;6.0;45,8276670000;4,9978080000;
202100044099.0;1;01;01313;1;1;1.0;7.0;46,2523160000;6,0646410000;
202100044100.0;1;69;69040;2;1;1.0;1.0;45,8018980000;4,7924370000;
202100044101.0;2;16;16078;1;1;1.0;2.0;45,7122590000;0,1766650000;
202100044102.0;1;60;60079;1;1;1.0;2.0;49,1816750000;2,8900910000;
202100044103.0;1;59;59011;1;1;1.0;3.0;50,5397810000;2,9210330000;
202100044104.0;1;13;13117;1;1;1.0;7.0;43,4470020000;5,2416170000;
202100044105.0;1;91;91689;1;1;1.0;3.0;48,7449200000;2,3229200000;
202100044106.0;1;92;92025;1;9;1.0;2.0;48,9280993721;2,2383538616;
202100044107.0;1;95;95491;1;1;1.0;2.0;49,0098975066;2,2315088628;
202100044108.0;1;988;98818;2;3;2.0;3.0; -22,2762500000;166,4588600000;
202100044109.0;1;974;97416;1;3;1.0;3.0; -21,3324097139;55,4804221838;
202100044110.0;1;974;97411;1;1;1.0;1.0; -20,9164900000;55,5061400000;
202100044111.0;1;974;97411;1;1;1.0;4.0; -20,8745760000;55,4265420000;
202100044112.0;1;974;97411;2;1;1.0;7.0; -20,8978700000;55,4439300000;
202100044113.0;1;974;97409;2;9;1.0;3.0; -20,9637600000;55,6527500000;
202100044114.0;1;973;97302;2;1;1.0;3.0;4,9342800000; -52,3293300000;
202100044115.0;1;973;97309;2;3;1.0;6.0;4,9151865394; -52,3107743561;
202100044116.0;3;972;97213;1;1;1.0;6.0;14,6255000000; -60,9894000000;
202100044117.0;1;69;69389;2;1;1.0;6.0;45,7671000000;4,8054100000;
202100044118.0;1;69;69382;2;2;1.0;3.0;45,7601600000;4,8379400000;
202100044119.0;1;69;69389;2;3;1.0;3.0;45,7839000000;4,8082000000;
202100044120.0;1;971;97113;1;1;1.0;2.0;16,2227600000; -61,5129300000;
202100044121.0;1;95;95197;2;1;1.0;6.0;48,9617236317;2,3249937594;
202100044122.0;1;95;95500;2;1;1.0;3.0;49,0606600000;2,0921700000;
202100044123.0;1;91;91477;2;1;1.0;6.0;48,7037300000;2,2265000000;
202100044124.0;1;91;91161;2;9;1.0;3.0;48,7122400000;2,2977400000;
202100044125.0;2;91;91589;2;3;1.0;6.0;48,6851200000;2,3492800000;
202100044126.0;1;84;84035;2;1;1.0;6.0;43,8403900000;5,0475100000;
202100044127.0;3;79;79191;2;1;1.0;6.0;46,2972800000; -0,4729400000;
202100044128.0;1;78;78551;2;2;1.0;3.0;48,8956620000;2,0725260000;
202100044129.0;1;77;77215;2;8;1.0;6.0;48,7364220000;2,7327690000;
202100044130.0;1;72;72181;2;2;1.0;3.0;48,0042700000;0,1935800000;
202100044131.0;1;69;69256;2;3;1.0;3.0;45,7873700000;4,9164900000;
202100044132.0;1;69;69290;2;2;1.0;3.0;45,7076300000;4,9189000000;
202100044133.0;1;68;68224;2;2;1.0;1.0;47,7540400998;7,3141781305;
202100044134.0;2;67;67482;2;3;1.0;2.0;48,5906250000;7,7820410000;
202100044135.0;1;66;66136;2;1;1.0;2.0;42,6787600000;2,8813000000;
202100044136.0;1;64;64102;2;1;1.0;7.0;43,4919300000; -1,4809600000;
202100044137.0;1;64;64102;2;1;1.0;2.0;43,4860100000; -1,4750100000;
202100044138.0;1;62;62563;2;1;1.0;7.0;50,4625180000;2,7104390000;
202100044139.0;1;61;61497;1;6;1.0;7.0;48,4496670000;0,0972560000;
202100044140.0;5;59;59599;2;2;1.0;5.0;50,7177700000;3,1592300000;
202100044141.0;2;59;59527;2;2;1.0;3.0;50,6576400000;3,0404500000;
202100044142.0;2;56;56121;2;1;1.0;6.0;47,7471400000; -3,3923000000;
202100044143.0;1;56;56121;2;1;1.0;6.0;47,7592600000; -3,3799200000;
202100044144.0;2;56;56121;2;4;1.0;6.0;47,7624224000; -3,4029909900;
202100044145.0;1;56;56121;2;6;2.0;6.0;47,7484100000; -3,3962300000;
202100044146.0;4;56;56121;2;1;1.0;6.0;47,7485200000; -3,3865800000;
202100044147.0;1;50;50218;2;1;1.0;6.0;48,8378000000; -1,5882900000;
202100044148.0;1;44;44184;2;2;1.0;3.0;47,2803400000; -2,2284700000;
202100044149.0;1;37;37122;2;9;1.0;6.0;47,3435043384;0,6637799442;
202100044150.0;1;35;35278;2;2;1.0;2.0;48,1515400000; -1,6834600000;
202100044151.0;1;18;18279;2;1;1.0;3.0;47,2300000000;2,0600000000;
202100044152.0;1;17;17274;2;6;1.0;3.0;46,1661300000; -1,1114400000;
202100044153.0;2;13;13210;2;1;1.0;5.0;43,2767970813;5,3993208174;
202100044154.0;1;13;13209;2;1;1.0;3.0;43,2470000000;5,3990000000;
202100044155.0;1;07;07231;2;1;1.0;6.0;44,5953000000;4,3771800000;
202100044156.0;1;06;06069;2;1;7.0;3.0;43,6332300000;6,9392920000;
202100044157.0;5;01;01283;2;5;1.0;3.0;46,2482612847;5,6410015659;
202100044158.0;1;75;75120;2;1;1.0;2.0;48,8599300000;2,4139820000;
202100044159.0;1;75;75105;2;2;1.0;3.0;48,8417520000;2,3377610000;
202100044160.0;1;75;75120;2;1;1.0;6.0;48,8711650000;2,3965430000;
202100044161.0;5;75;75119;2;2;1.0;1.0;48,8845833662;2,3945420980;
202100044162.0;1;75;75119;2;1;1.0;3.0;48,8741270000;2,3820530000;
202100044163.0;1;75;75118;2;3;1.0;7.0;48,8930190000;2,3408090000;
202100044164.0;1;75;75117;2;3;1.0;3.0;48,8888590000;2,3042630000;
202100044165.0;1;75;75114;2;1;1.0;3.0;48,8249330000;2,3201510000;
202100044166.0;1;75;75113;2;4;1.0;2.0;48,8212080000;2,3504850000;
202100044167.0;1;75;75112;2;1;1.0;7.0;48,8183400000;2,4494900000;
202100044168.0;1;75;75111;2;1;1.0;6.0;48,8697250000;2,3736680000;
202100044169.0;1;75;75110;2;2;1.0;3.0;48,8752240000;2,3703180000;
202100044170.0;1;75;75107;2;2;1.0;3.0;48,8507170000;2,3116480000;
202100044171.0;1;75;75101;2;2;1.0;3.0;48,8633990000;2,3509490000;
202100044172.0;1;94;94011;2;1;1.0;2.0;48,7668000000;2,4847000000;
202100044173.0;1;94;94077;2;1;1.0;2.0;48,7385570000;2,4236840000;
202100044174.0;1;94;94018;2;1;1.0;2.0;48,8243464181;2,3995041847;
202100044175.0;5;93;93073;2;5;1.0;3.0;48,9628727515;2,5665791423;
202100044176.0;1;93;93066;2;2;1.0;6.0;48,9385250000;2,3563370000;
202100044177.0;1;93;93079;2;3;1.0;3.0;48,9617065777;2,3451743940;
202100044178.0;1;93;93010;2;1;1.0;6.0;48,9062280967;2,4836552045;
202100044179.0;1;92;92064;2;1;1.0;2.0;48,8576445916;2,2235512733;
202100044180.0;5;92;92050;2;3;9.0;3.0;48,8906594350;2,2017797828;
202100044181.0;1;92;92049;2;5;1.0;3.0;48,8175101807;2,3080408573;
202100044182.0;1;92;92049;2;2;1.0;3.0;48,8161400000;2,3114300000;
202100044183.0;2;92;92044;2;1;1.0;3.0;48,8961992678;2,2942650318;
202100044184.0;1;92;92026;2;3;1.0;3.0;48,8896486035;2,2501990199;
202100044185.0;1;92;92026;2;1;1.0;6.0;48,8969231626;2,2374545038;
202100044186.0;1;92;92025;2;3;1.0;3.0;48,9230844966;2,2540450577;
202100044187.0;1;92;92023;2;1;1.0;6.0;48,8095432851;2,2690243961;
202100044188.0;1;16;16083;1;1;1.0;7.0;45,9403280000;0,1135190000;
202100044189.0;2;974;97422;2;3;1.0;6.0; -21,2531260000;55,5203760000;
202100044190.0;1;30;30334;1;3;1.0;3.0;43,9918380000;4,4122660000;
202100044191.0;1;35;35024;1;1;4.0;1.0;48,1626040000; -1,6633240000;
202100044192.0;1;2B;2B286;2;1;1.0;1.0;42,4858020000;9,4843070000;
202100044193.0;1;80;80010;2;1;1.0;1.0;49,7562810000;2,3625520000;
202100044194.0;1;49;49176;1;4;1.0;2.0;47,6120974034; -0,7774776654;
202100044195.0;1;41;41209;2;9;1.0;6.0;47,8439970000;1,1115480000;
202100044196.0;2;34;34096;1;1;7.0;1.0;43,5809350000;3,1592130000;
202100044197.0;1;02;02361;2;1;1.0;7.0;49,9059470000;3,6448220000;
202100044198.0;1;01;01179;2;1;1.0;1.0;46,2595930000;4,8509250000;
202100044199.0;1;60;60686;1;1;7.0;1.0;49,2069910000;2,3972150000;
202100044200.0;1;07;07290;1;1;1.0;6.0;44,9536380000;4,5103170000;
202100044201.0;1;24;24547;2;1;1.0;1.0;45,1328420000;1,2966810000;
202100044202.0;1;04;04172;1;1;1.0;7.0;43,8399460000;6,1575900000;
202100044203.0;1;28;28171;1;2;1.0;3.0;48,7133020000;1,3114550000;
202100044204.0;3;988;98805;1;1;1.0;7.0; -22,1463700000;166,4507460000;
202100044205.0;1;72;72230;1;1;1.0;6.0;47,8566250000;0,1023130000;
202100044206.0;2;38;38357;1;1;1.0;2.0;45,5643040000;5,5194280000;
202100044207.0;3;45;45094;1;1;1.0;4.0;48,1509700000;2,9005620000;
202100044208.0;2;972;97228;1;1;2.0;5.0;14,7646450000; -60,9810960000;
202100044209.0;1;78;78683;2;3;1.0;1.0;48,8131870000;1,8818160000;
202100044210.0;1;78;78668;1;3;1.0;3.0;49,0217200000;1,4996340000;
202100044211.0;1;13;13018;1;3;1.0;3.0;43,8453530000;4,9702840000;
202100044212.0;1;67;67263;2;3;1.0;6.0;49,0043670000;7,7901330000;
202100044213.0;2;88;88321;2;1;1.0;1.0;48,3472690000;5,7014890000;
202100044214.0;1;38;38451;2;9;1.0;6.0;45,7537780000;5,2192600000;
202100044215.0;1;76;76164;2;1;1.0;6.0;49,5247800000;0,7293700000;
202100044216.0;1;60;60446;1;1;1.0;7.0;49,1343290000;2,7982520000;
202100044217.0;1;80;80432;1;1;1.0;7.0;49,8559150000;2,7605720000;
202100044218.0;1;13;13071;1;1;1.0;2.0;43,4052007831;5,3192818165;
202100044219.0;1;33;33013;1;1;1.0;2.0;44,8686450000; -0,5028070000;
202100044220.0;1;33;33550;1;1;1.0;2.0;44,7836850000; -0,5883100000;
202100044221.0;1;91;91689;1;1;1.0;3.0;48,7412000000;2,3212100000;
202100044222.0;3;78;78322;1;1;1.0;6.0;48,7869230000;2,1504780000;
202100044223.0;1;95;95277;1;1;1.0;2.0;48,9764466565;2,4923088714;
202100044224.0;1;93;93005;1;1;1.0;3.0;48,9474800000;2,4760600000;
202100044225.0;1;95;95018;1;1;1.0;2.0;48,9607272736;2,2698121101;
202100044226.0;1;93;93078;1;1;1.0;5.0;48,9706200000;2,5010300000;
202100044227.0;1;93;93010;1;1;1.0;2.0;48,8936300000;2,4724200000;
202100044228.0;1;77;77373;1;1;1.0;7.0;48,7729003029;2,6118755203;
202100044229.0;1;93;93051;1;1;1.0;5.0;48,8357177633;2,5652346240;
202100044230.0;1;77;77294;1;1;1.0;2.0;48,9704800000;2,5714100000;
202100044231.0;1;77;77294;1;1;1.0;6.0;48,9615236513;2,6170491103;
202100044232.0;2;94;94081;1;1;1.0;3.0;48,7741495852;2,4071918252;
202100044233.0;5;59;59599;2;1;4.0;2.0;50,7293040215;3,1380934376;
202100044234.0;3;976;97611;1;1;1.0;3.0; -12,7585200000;45,2309800000;
202100044235.0;1;976;97611;2;1;1.0;6.0; -12,7722600000;45,2222000000;
202100044236.0;2;976;97611;2;1;1.0;6.0; -12,7893500000;45,2206100000;
202100044237.0;1;974;97416;1;1;2.0;7.0; -21,3162382198;55,5464749525;
202100044238.0;1;69;69386;2;1;1.0;2.0;45,7706796187;4,8585864157;
202100044239.0;1;69;69386;2;9;1.0;6.0;45,7713030000;4,8424010000;
202100044240.0;1;972;97213;1;1;2.0;6.0;14,5982716861; -60,9989976885;
202100044241.0;2;972;97213;1;1;1.0;2.0;14,6227452776; -60,9897422793;
202100044242.0;1;69;69389;2;1;1.0;2.0;45,7852051549;4,7949099541;
202100044243.0;2;971;97101;2;9;1.0;6.0;16,2438000000; -61,5304100000;
202100044244.0;2;95;95019;2;9;8.0;6.0;48,9825830396;2,4211794217;
202100044245.0;1;91;91064;2;1;1.0;3.0;48,7564000000;2,2118900000;
202100044246.0;1;86;86194;2;1;1.0;3.0;46,5643400000;0,3175500000;
202100044247.0;1;83;83069;2;9;1.0;1.0;43,1137000000;6,1236000000;
202100044248.0;1;80;80021;2;1;1.0;6.0;49,9026200000;2,3028200000;
202100044249.0;1;76;76540;2;2;1.0;3.0;49,4387600000;1,0797400000;
202100044250.0;1;67;67482;2;1;2.0;6.0;48,5640571300;7,7554724726;
202100044251.0;1;66;66136;2;1;1.0;3.0;42,6999800000;2,8865300000;
202100044252.0;1;64;64445;2;6;1.0;3.0;43,2959120135; -0,3765300676;
202100044253.0;2;63;63113;2;2;1.0;3.0;45,7821900000;3,0729900000;
202100044254.0;1;63;63113;2;1;1.0;4.0;45,7858000000;3,1194500000;
202100044255.0;1;63;63113;2;1;1.0;6.0;45,7925200000;3,1062600000;
202100044256.0;3;63;63113;2;2;2.0;3.0;45,8116800000;3,1153700000;
202100044257.0;5;63;63113;2;2;1.0;3.0;45,7737100000;3,0823100000;
202100044258.0;1;63;63308;2;1;1.0;4.0;45,7645100000;3,0569300000;
202100044259.0;1;63;63113;2;1;1.0;3.0;45,7672700000;3,1063200000;
202100044260.0;1;63;63113;2;1;1.0;6.0;45,7670400000;3,1066900000;
202100044261.0;1;61;61001;2;4;1.0;2.0;48,4492720000;0,0943810000;
202100044262.0;1;61;61001;2;6;1.0;7.0;48,4182200000;0,0977010000;
202100044263.0;1;61;61001;2;4;1.0;1.0;48,4296600000;0,0907400000;
202100044264.0;5;59;59350;2;3;8.0;6.0;50,6274000000;3,0744900000;
202100044265.0;1;59;59350;1;1;1.0;6.0;50,6418061142;3,0043738751;
202100044266.0;5;59;59648;2;2;1.0;3.0;50,5995000000;3,0532000000;
202100044267.0;1;54;54304;2;6;1.0;3.0;48,6947121108;6,1379329115;
202100044268.0;1;51;51454;2;3;1.0;2.0;49,2395534234;4,0384291489;
202100044269.0;1;51;51454;2;3;2.0;1.0;49,2555100000;4,0606300000;
202100044270.0;1;49;49007;2;1;1.0;3.0;47,4561616499; -0,5306938107;
202100044271.0;1;45;45147;2;2;1.0;3.0;47,9209600000;1,9023100000;
202100044272.0;1;45;45302;2;1;1.0;2.0;47,9452500000;1,8962200000;
202100044273.0;1;45;45338;1;1;1.0;6.0;47,9856300000;2,7004800000;
202100044274.0;5;44;44184;2;2;1.0;3.0;47,2770400000; -2,2275900000;
202100044275.0;1;37;37261;2;2;1.0;2.0;47,3897823697;0,6865104485;
202100044276.0;1;35;35238;2;1;1.0;6.0;48,1119200000; -1,6624100000;
202100044277.0;1;33;33063;2;1;1.0;3.0;44,8429700000; -0,5791800000;
202100044278.0;1;33;33063;2;3;1.0;3.0;44,8298300000; -0,5680400000;
202100044279.0;5;27;27701;2;1;2.0;1.0;49,2691500000;1,2081400000;
202100044280.0;1;17;17300;2;1;1.0;6.0;46,1684800000; -1,1985000000;
202100044281.0;1;16;16102;2;3;1.0;3.0;45,6980100000; -0,3277300000;
202100044282.0;1;13;13216;2;4;6.0;4.0;43,3488337334;5,3428328588;
202100044283.0;1;13;13210;2;1;1.0;6.0;43,2735400000;5,4134300000;
202100044284.0;1;13;13063;2;1;1.0;2.0;43,5839400000;4,9927100000;
202100044285.0;5;13;13005;2;3;2.0;1.0;43,2899000000;5,5598200000;
202100044286.0;5;11;11262;2;2;1.0;5.0;43,1874600000;3,0157900000;
202100044287.0;1;11;11262;2;2;1.0;3.0;43,1826100000;2,9761700000;
202100044288.0;2;06;06088;2;1;2.0;6.0;43,7197400000;7,2836300000;
202100044289.0;1;05;05061;2;1;1.0;2.0;44,5614000000;6,0815800000;
202100044290.0;1;05;05061;2;9;1.0;6.0;44,5616700000;6,0840300000;
202100044291.0;1;75;75120;2;1;1.0;4.0;48,8527130000;2,4144640000;
202100044292.0;1;75;75105;2;5;8.0;2.0;48,8384620000;2,3507060000;
202100044293.0;1;75;75120;2;7;8.0;3.0;48,8650743630;2,3983442728;
202100044294.0;1;75;75119;2;3;1.0;3.0;48,8885520000;2,3792240000;
202100044295.0;1;75;75119;2;1;1.0;3.0;48,8868470000;2,3857440000;
202100044296.0;1;75;75117;2;1;1.0;3.0;48,8869560000;2,3030360000;
202100044297.0;1;75;75116;2;2;1.0;3.0;48,8578410000;2,2502780000;
202100044298.0;1;75;75115;2;2;1.0;2.0;48,8320720000;2,2806520000;
202100044299.0;1;75;75111;2;1;1.0;6.0;48,8559990000;2,3756850000;
202100044300.0;1;75;75111;2;2;1.0;3.0;48,8640260000;2,3859950000;
202100044301.0;1;75;75110;2;2;1.0;3.0;48,8793300000;2,3570990000;
202100044302.0;1;75;75108;2;3;8.0;6.0;48,8710830000;2,3035240000;
202100044303.0;1;75;75104;2;3;1.0;6.0;48,8512060000;2,3626860000;
202100044304.0;5;75;75102;2;2;3.0;2.0;48,8644230000;2,3467050000;
202100044305.0;1;94;94028;2;1;1.0;6.0;48,7736700000;2,4673200000;
202100044306.0;1;93;93073;2;1;8.0;6.0;48,9522900000;2,5666500000;
202100044307.0;1;93;93066;2;2;1.0;3.0;48,9209800000;2,3615100000;
202100044308.0;1;93;93077;2;1;1.0;6.0;48,8845200000;2,5073300000;
202100044309.0;1;93;93053;2;1;1.0;5.0;48,9046272403;2,4702135266;
202100044310.0;1;93;93053;2;1;1.0;6.0;48,9048454686;2,4701106548;
202100044311.0;2;93;93048;2;1;1.0;6.0;48,8533465283;2,4299683450;
202100044312.0;1;93;93048;2;1;1.0;3.0;48,8585698151;2,4303220021;
202100044313.0;1;93;93001;2;1;1.0;6.0;48,9105511567;2,3675039609;
202100044314.0;1;93;93001;2;1;1.0;6.0;48,9173300000;2,3956800000;
202100044315.0;1;92;92073;2;1;1.0;6.0;48,8692492243;2,2157701850;
202100044316.0;5;92;92051;2;1;1.0;3.0;48,8818900000;2,2687200000;
202100044317.0;1;92;92049;2;2;1.0;6.0;48,8174730920;2,3254537582;
202100044318.0;1;92;92004;2;1;1.0;3.0;48,9220386521;2,2826108336;
202100044319.0;5;92;92004;2;2;1.0;3.0;48,9268352181;2,2733277615;
202100044320.0;1;37;37074;2;3;1.0;2.0;47,2476339248;0,1610974968;
202100044321.0;1;33;33352;2;2;7.0;3.0;44,5830940000; -0,0336780000;
202100044322.0;1;56;56003;2;2;1.0;3.0;47,6332500000; -2,8175480000;
202100044323.0;1;55;55504;1;1;1.0;7.0;48,7266920000;5,2260800000;
202100044324.0;1;22;22366;1;1;7.0;3.0;48,6092140000; -3,6226450000;
202100044325.0;1;25;25258;1;1;1.0;5.0;47,2201440000;5,9159340000;
202100044326.0;1;31;31341;2;2;1.0;3.0;43,7310650000;1,2919660000;
202100044327.0;1;84;84089;1;1;1.0;6.0;43,6985500000;5,5538460000;
202100044328.0;1;14;14191;2;6;1.0;2.0;49,3223279825; -0,4558146000;
202100044329.0;1;50;50082;2;1;1.0;6.0;49,4690900000; -1,6342700000;
202100044330.0;2;18;18062;1;1;1.0;6.0;46,9842960000;2,9962850000;
202100044331.0;1;10;10209;1;2;1.0;6.0;48,2440680000;4,2815670000;
202100044332.0;1;07;07334;2;1;1.0;6.0;44,4055270000;4,1229310000;
202100044333.0;1;07;07349;2;1;6.0;3.0;44,7939860000;4,7772880000;
202100044334.0;1;21;21142;1;1;1.0;6.0;47,5142550000;4,7249790000;
202100044335.0;1;40;40046;2;3;7.0;2.0;44,3861560000; -1,1675820000;
202100044336.0;1;973;97307;1;1;1.0;1.0;4,8639550000; -52,3333310000;
202100044337.0;1;76;76439;1;1;1.0;2.0;49,5904970000;0,4497980000;
202100044338.0;1;01;01273;1;1;1.0;6.0;46,0770690000;5,3608940000;
202100044339.0;3;988;98831;2;1;2.0;7.0; -20,9661380000;164,6561010000;
202100044340.0;1;45;45315;1;1;1.0;6.0;47,7706710000;2,3951270000;
202100044341.0;1;11;11192;1;1;1.0;7.0;43,2887510000;2,0629450000;
202100044342.0;3;74;74127;1;1;1.0;7.0;46,3415950000;6,5552760000;
202100044343.0;2;07;07217;1;1;1.0;6.0;45,0535710000;4,7690160000;
202100044344.0;1;69;69127;1;1;1.0;1.0;45,7912090000;4,7041060000;
202100044345.0;3;44;44047;1;1;1.0;7.0;47,2416870000; -1,6680230000;
202100044346.0;1;60;60009;1;1;1.0;6.0;49,3953760000;2,1185160000;
202100044347.0;1;60;60103;1;1;7.0;3.0;49,4119090000;2,2605660000;
202100044348.0;3;62;62274;1;1;1.0;6.0;50,4271800000;2,9871650000;
202100044349.0;1;93;93066;1;1;1.0;2.0;48,9219300000;2,3613400000;
202100044350.0;1;95;95306;1;1;1.0;2.0;48,9977300000;2,1790400000;
202100044351.0;5;974;97409;1;1;1.0;1.0; -20,9438900000;55,6494900000;
202100044352.0;1;972;97213;2;1;1.0;6.0;14,6110600000; -61,0271800000;
202100044353.0;1;69;69034;2;1;2.0;7.0;45,8002700000;4,8480800000;
202100044354.0;1;69;69385;2;2;1.0;3.0;45,7544541428;4,7822016478;
202100044355.0;1;69;69384;2;1;1.0;6.0;45,7795400000;4,8286340000;
202100044356.0;1;2A;2A004;2;1;1.0;2.0;41,9096587736;8,7204845858;
202100044357.0;5;91;91339;2;1;2.0;7.0;48,6340300000;2,2677500000;
202100044358.0;5;69;69029;2;3;3.0;3.0;45,7363500000;4,9141600000;
202100044359.0;5;69;69266;2;9;1.0;7.0;45,7848600000;4,8639600000;
202100044360.0;1;65;65440;2;2;2.0;1.0;43,2350300000;0,0699700000;
202100044361.0;1;65;65440;2;7;1.0;6.0;43,2289440000;0,0834920000;
202100044362.0;1;42;42187;2;1;1.0;6.0;46,0550900000;4,0831100000;
202100044363.0;1;35;35278;1;1;4.0;4.0;48,1409800000; -1,6821100000;
202100044364.0;1;31;31555;2;1;2.0;3.0;43,5581000000;1,4020900000;
202100044365.0;1;31;31555;2;1;1.0;3.0;43,5899900000;1,3755200000;
202100044366.0;1;21;21231;2;4;1.0;3.0;47,3085488733;5,0308429576;
202100044367.0;1;75;75101;2;3;8.0;6.0;48,8568566340;2,3412772742;
202100044368.0;5;75;75117;2;3;2.0;7.0;48,8997776274;2,3191505671;
202100044369.0;3;75;75114;2;2;1.0;1.0;48,8318230000;2,3141660000;
202100044370.0;5;75;75107;2;2;2.0;3.0;48,8595450000;2,3293300000;