Num_Acc;lum;departement;commune;agglomeration;intersection;meteo;type_collision;lat;long;date
202100044699.0;1;19;19031;2;1;1.0;3.0;45,1504500000;1,4975700000;
202100044700.0;1;14;14118;2;2;1.0;3.0;49,1886500000; -0,3895700000;
202100044701.0;1;13;13047;1;6;1.0;3.0;43,5993900000;4,9359500000;
202100044702.0;1;12;12176;2;4;1.0;6.0;44,3627070000;2,5870580000;
202100044703.0;1;10;10321;2;3;1.0;3.0;48,2911718501;4,0295737982;
202100044704.0;1;10;10081;2;1;1.0;2.0;48,3229900000;4,0327800000;
202100044705.0;1;05;05061;2;1;1.0;6.0;44,5619100000;6,0835800000;
202100044706.0;5;75;75118;2;1;1.0;7.0;48,9010230000;2,3561880000;
202100044707.0;5;75;75109;2;5;1.0;3.0;48,8719629419;2,3400369700;
202100044708.0;1;75;75119;2;1;1.0;6.0;48,8822080000;2,4004380000;
202100044709.0;1;75;75120;2;2;1.0;3.0;48,8489530000;2,4065970000;
202100044710.0;1;75;75117;2;7;1.0;2.0;48,8875746164;2,3046451807;
202100044711.0;1;75;75116;2;7;7.0;3.0;48,8773730000;2,2812440000;
202100044712.0;1;75;75115;2;2;1.0;6.0;48,8430070000;2,3128150000;
202100044713.0;1;75;75115;2;2;1.0;7.0;48,8473975922;2,2788677706;
202100044714.0;1;75;75114;2;1;1.0;6.0;48,8197130000;2,3413560000;
202100044715.0;1;75;75113;2;7;1.0;2.0;48,8318780000;2,3558370000;
202100044716.0;1;75;75112;2;3;1.0;3.0;48,8390130000;2,4603170000;
202100044717.0;1;75;75105;2;1;1.0;3.0;48,8447860000;2,3659390000;
202100044718.0;1;75;75110;2;4;1.0;2.0;48,8818820000;2,3700670000;
202100044719.0;1;75;75108;2;4;1.0;4.0;48,8741553216;2,2989265957;
202100044720.0;5;75;75115;2;3;1.0;3.0;48,8574800000;2,2910250000;
202100044721.0;1;94;94068;2;2;1.0;3.0;48,8007010000;2,4843250000;
202100044722.0;1;94;94042;2;1;1.0;3.0;48,8200850000;2,4768830000;
202100044723.0;1;94;94058;2;1;1.0;6.0;48,8501520000;2,4966060000;
202100044724.0;1;94;94042;2;1;1.0;6.0;48,8200400000;2,4734000000;
202100044725.0;2;94;94022;2;1;1.0;3.0;48,7652040000;2,4080510000;
202100044726.0;1;94;94075;2;1;1.0;2.0;48,7274700000;2,5310800000;
202100044727.0;1;93;93064;2;1;1.0;3.0;48,8657800000;2,4873600000;
202100044728.0;1;93;93050;2;1;1.0;6.0;48,8589494379;2,5284513099;
202100044729.0;1;93;93006;2;1;1.0;3.0;48,8621500000;2,4160700000;
202100044730.0;1;92;92047;2;1;1.0;3.0;48,8359583196;2,1600855142;
202100044731.0;1;62;62086;1;2;1.0;3.0;50,2181470000;2,5783430000;
202100044732.0;1;62;62473;1;1;1.0;3.0;50,6279320000;2,4362610000;
202100044733.0;2;56;56184;1;1;1.0;6.0;47,6621500000; -2,4711940000;
202100044734.0;1;67;67543;2;1;1.0;6.0;48,5016490000;7,2529520000;
202100044735.0;1;76;76204;2;1;7.0;7.0;49,7383580259;1,1473980546;
202100044736.0;1;80;80320;1;1;1.0;7.0;49,7550910000;2,6530750000;
202100044737.0;1;80;80373;1;1;1.0;6.0;49,9948020000;1,5669570000;
202100044738.0;1;71;71230;2;3;1.0;6.0;46,5977760000;4,0633370000;
202100044739.0;1;71;71441;2;4;1.0;1.0;46,3156761393;4,5602809883;
202100044740.0;1;63;63276;1;1;1.0;6.0;45,8085091937;3,4814450741;
202100044741.0;1;55;55519;2;3;1.0;1.0;48,7201200000;5,2792470000;
202100044742.0;1;68;68264;1;3;1.0;3.0;47,5712510000;7,4104040000;
202100044743.0;5;68;68384;2;1;1.0;6.0;47,6944670000;7,2974210000;
202100044744.0;1;29;29105;2;1;1.0;4.0;48,5197353315; -4,0665511654;
202100044745.0;1;02;02323;1;1;2.0;1.0;49,9189700000;3,3585980000;
202100044746.0;1;03;03003;2;3;7.0;6.0;46,7113910000;2,6947300000;
202100044747.0;1;03;03195;2;1;1.0;7.0;46,2873530000;2,6617380000;
202100044748.0;1;01;01069;1;2;6.0;1.0;46,1325340000;5,2605630000;
202100044749.0;1;01;01115;1;2;1.0;5.0;46,2597340000;5,0367160000;
202100044750.0;1;01;01115;1;3;1.0;2.0;46,2544150000;5,0749060000;
202100044751.0;2;43;43078;2;1;1.0;1.0;45,0014280000;3,9121630000;
202100044752.0;1;16;16181;2;1;1.0;1.0;46,0713030000;0,6719150000;
202100044753.0;1;07;07289;2;3;1.0;3.0;44,6288020000;4,4129690000;
202100044754.0;1;24;24182;2;1;1.0;1.0;44,8739370000;0,2473210000;
202100044755.0;1;37;37115;2;1;1.0;6.0;46,9663313020;0,7036013603;
202100044756.0;5;30;30003;1;6;5.0;7.0;43,5721050000;4,1742040000;
202100044757.0;1;08;08113;1;1;1.0;7.0;49,6552380000;4,2222260000;
202100044758.0;1;88;88465;2;2;7.0;3.0;48,2448220000;6,4257200000;
202100044759.0;1;03;03256;1;1;1.0;2.0;46,3390020000;2,8829330000;
202100044760.0;1;44;44213;1;1;5.0;5.0;47,4173090000; -1,0000020000;
202100044761.0;1;988;98802;1;1;2.0;5.0; -21,9029600000;166,1155180000;
202100044762.0;1;974;97415;1;3;1.0;6.0; -21,0676510000;55,2294300000;
202100044763.0;3;37;37258;1;1;1.0;6.0;47,1713650000;0,1378660000;
202100044764.0;1;66;66094;1;1;6.0;1.0;42,6052760000;3,0080330000;
202100044765.0;1;66;66037;2;1;1.0;2.0;42,6939487063;3,0340169370;
202100044766.0;1;06;06075;2;1;1.0;1.0;43,8497050000;7,2235180000;
202100044767.0;1;13;13105;1;1;1.0;5.0;43,7398440000;5,1181320000;
202100044768.0;1;54;54150;1;1;1.0;7.0;48,7725745562;6,1451554293;
202100044769.0;1;38;38509;2;1;1.0;6.0;45,5637480000;5,4439130000;
202100044770.0;1;07;07324;2;1;1.0;6.0;45,0719180000;4,8095920000;
202100044771.0;1;69;69295;1;1;1.0;1.0;45,6277439995;4,8725008965;
202100044772.0;5;29;29042;2;6;1.0;6.0;48,2470968093; -4,5005267980;
202100044773.0;1;29;29294;1;9;1.0;3.0;48,4011470000; -4,1309400000;
202100044774.0;1;13;13071;1;1;1.0;3.0;43,4076552786;5,3626114873;
202100044775.0;1;13;13211;1;1;1.0;3.0;43,2881100000;5,4998400000;
202100044776.0;1;69;69091;1;1;1.0;2.0;45,5854900000;4,7512800000;
202100044777.0;1;59;59189;1;1;1.0;6.0;50,7962220000;2,6117430000;
202100044778.0;1;92;92002;1;1;1.0;3.0;48,7348000000;2,3164000000;
202100044779.0;1;92;92002;1;1;1.0;2.0;48,7629853869;2,3043052888;
202100044780.0;5;78;78524;1;1;1.0;3.0;48,8399460000;2,1164920000;
202100044781.0;1;93;93066;1;1;1.0;2.0;48,9229500000;2,3572300000;
202100044782.0;1;92;92078;1;1;1.0;3.0;48,9278120726;2,3321565986;
202100044783.0;2;93;93066;1;1;1.0;3.0;48,9256500000;2,3384500000;
202100044784.0;2;93;93010;1;1;1.0;2.0;48,9049300000;2,4713000000;
202100044785.0;3;76;76497;2;1;1.0;6.0;49,3890113723;1,0447857595;
202100044786.0;1;988;98818;2;2;1.0;3.0; -22,2763300000;166,4439300000;
202100044787.0;1;974;97416;1;1;1.0;1.0; -21,3339400000;55,4714500000;
202100044788.0;1;974;97411;2;6;1.0;6.0; -20,9194400000;55,4941100000;
202100044789.0;1;974;97411;2;2;1.0;6.0; -20,8795900000;55,4516100000;
202100044790.0;1;69;69259;2;2;1.0;2.0;45,6954016647;4,8591274023;
202100044791.0;1;69;69259;2;4;1.0;2.0;45,7175665048;4,8548841476;
202100044792.0;1;972;97213;1;1;1.0;4.0;14,6161980274; -61,0161209115;
202100044793.0;1;972;97209;2;2;1.0;5.0;14,6103300000; -61,0468100000;
202100044794.0;1;69;69286;2;6;1.0;7.0;45,8378400000;4,9145300000;
202100044795.0;1;971;97120;2;1;1.0;6.0;16,2486900000; -61,5382500000;
202100044796.0;1;91;91549;2;2;1.0;6.0;48,6443800000;2,3432000000;
202100044797.0;1;91;91425;2;9;1.0;3.0;48,6418900000;2,2720400000;
202100044798.0;1;87;87085;2;1;1.0;7.0;45,8493500000;1,2257100000;
202100044799.0;1;87;87085;2;6;1.0;7.0;45,8568600000;1,2700400000;
202100044800.0;1;86;86066;2;2;1.0;3.0;46,8172000000;0,5316900000;
202100044801.0;1;74;74012;2;1;1.0;6.0;46,1874100000;6,2461600000;
202100044802.0;1;72;72181;2;1;1.0;7.0;47,9932000000;0,1657200000;
202100044803.0;1;72;72181;2;3;1.0;1.0;47,9737100000;0,1994400000;
202100044804.0;2;69;69266;2;1;1.0;7.0;45,7707400000;4,8635400000;
202100044805.0;1;69;69264;1;3;1.0;2.0;45,9910813240;4,7046826040;
202100044806.0;1;67;67180;2;3;4.0;6.0;48,8124700000;7,7885300000;
202100044807.0;1;65;65440;2;1;1.0;6.0;43,2376000000;0,0448000000;
202100044808.0;1;64;64445;2;6;1.0;3.0;43,3116000000; -0,3628100000;
202100044809.0;1;64;64445;2;1;1.0;3.0;43,3010100000; -0,3694500000;
202100044810.0;1;64;64445;2;6;1.0;6.0;43,3055000000; -0,3296000000;
202100044811.0;1;64;64122;2;1;1.0;7.0;43,4922000000; -1,5510000000;
202100044812.0;1;64;64122;2;1;1.0;1.0;43,4695000000; -1,5591000000;
202100044813.0;1;63;63113;2;6;1.0;3.0;45,7736700000;3,0753900000;
202100044814.0;1;56;56121;2;2;1.0;3.0;47,7574100000; -3,3611900000;
202100044815.0;1;54;54431;2;2;1.0;6.0;48,9057100000;6,0599400000;
202100044816.0;1;54;54431;1;1;1.0;2.0;48,9175600000;6,0420300000;
202100044817.0;1;52;52121;1;1;1.0;3.0;48,1197800000;5,1298700000;
202100044818.0;1;51;51573;2;1;1.0;3.0;49,2541200000;3,9786400000;
202100044819.0;1;50;50602;2;1;1.0;6.0;49,6314000000; -1,5904400000;
202100044820.0;1;49;49007;2;1;1.0;3.0;47,4525200000; -0,5243600000;
202100044821.0;1;45;45169;2;1;1.0;2.0;47,9203217722;1,8283324909;
202100044822.0;1;42;42187;2;3;1.0;2.0;46,0450600000;4,0602800000;
202100044823.0;2;41;41269;2;3;1.0;1.0;47,8018400000;1,0701100000;
202100044824.0;1;35;35238;2;9;1.0;7.0;48,1049400000; -1,6671000000;
202100044825.0;1;34;34172;2;1;1.0;2.0;43,5750300000;3,8602200000;
202100044826.0;1;33;33063;2;2;1.0;6.0;44,8279580000; -0,5932990000;
202100044827.0;1;31;31555;2;1;1.0;3.0;43,6027350000;1,4089110000;
202100044828.0;1;31;31555;2;6;1.0;3.0;43,6084140000;1,3779580000;
202100044829.0;1;17;17291;2;1;1.0;5.0;46,1728730000; -1,1177820000;
202100044830.0;2;13;13205;2;1;1.0;2.0;43,2954890000;5,4003850000;
202100044831.0;1;75;75117;2;1;1.0;2.0;48,8964620000;2,3100570000;
202100044832.0;1;75;75105;2;2;1.0;3.0;48,8437960000;2,3523160000;
202100044833.0;1;75;75119;2;4;1.0;3.0;48,8759754689;2,3813349009;
202100044834.0;1;75;75117;2;1;1.0;3.0;48,8815650000;2,3171580000;
202100044835.0;1;75;75115;2;1;1.0;6.0;48,8471620000;2,2849960000;
202100044836.0;2;75;75114;2;2;1.0;6.0;48,8263960000;2,3085280000;
202100044837.0;1;75;75112;2;3;1.0;6.0;48,8459140000;2,3823960000;
202100044838.0;1;75;75101;2;2;1.0;2.0;48,8644300946;2,3466914892;
202100044839.0;1;75;75103;2;3;1.0;3.0;48,8673377785;2,3633641762;
202100044840.0;1;94;94076;2;1;1.0;2.0;48,7892500000;2,3684400000;
202100044841.0;1;94;94011;2;9;1.0;6.0;48,7791000000;2,4922000000;
202100044842.0;1;94;94028;2;1;2.0;3.0;48,7702000000;2,4680000000;
202100044843.0;5;94;94011;2;9;1.0;2.0;48,7747500000;2,4877600000;
202100044844.0;1;94;94022;2;1;1.0;7.0;48,7691270000;2,4220470000;
202100044845.0;5;94;94017;2;3;1.0;3.0;48,8159600000;2,5028600000;
202100044846.0;3;94;94002;2;3;1.0;6.0;48,8027200000;2,4253000000;
202100044847.0;1;93;93072;2;1;1.0;3.0;48,9451800000;2,3866900000;
202100044848.0;5;93;93032;2;3;1.0;1.0;48,8955100000;2,5438300000;
202100044849.0;1;93;93014;2;1;1.0;6.0;48,9128959580;2,5443308906;
202100044850.0;1;93;93014;2;7;1.0;3.0;48,9095123489;2,5505098064;
202100044851.0;1;93;93001;2;1;1.0;6.0;48,9042900000;2,3913700000;
202100044852.0;1;92;92064;2;1;1.0;4.0;48,8587100000;2,2238600000;
202100044853.0;1;92;92051;2;2;1.0;6.0;48,8922732632;2,2687913910;
202100044854.0;1;92;92050;2;3;1.0;3.0;48,9102947493;2,2191792727;
202100044855.0;5;92;92040;2;3;1.0;3.0;48,8202600000;2,2498400000;
202100044856.0;1;92;92026;2;6;1.0;2.0;48,8921696681;2,2537511208;
202100044857.0;1;31;31511;1;1;1.0;7.0;43,6430200000;1,6438990000;
202100044858.0;1;86;86226;1;1;1.0;1.0;46,5369820000;0,5308090000;
202100044859.0;1;06;06095;2;1;1.0;1.0;43,6337610000;6,8878970000;
202100044860.0;1;85;85301;2;2;1.0;6.0;46,8256710000; -1,1224940000;
202100044861.0;1;62;62060;2;2;1.0;3.0;50,2314710000;2,1170600000;
202100044862.0;1;56;56017;1;1;1.0;3.0;47,8671130000; -2,7425270000;
202100044863.0;1;56;56033;1;2;1.0;3.0;47,8093900000; -2,1250340000;
202100044864.0;1;76;76222;2;1;7.0;1.0;49,4866180000;0,8804240000;
202100044865.0;1;2A;2A271;2;1;1.0;1.0;41,9531984894;8,8010296893;
202100044866.0;1;82;82112;1;3;1.0;3.0;44,1258190000;1,0704050000;
202100044867.0;1;33;33157;2;1;1.0;6.0;44,8038580000; -0,2636020000;
202100044868.0;1;61;61097;2;3;1.0;3.0;48,4851970000;0,6521040000;
202100044869.0;3;61;61064;1;1;5.0;7.0;48,6439400000;0,3198910000;
202100044870.0;3;12;12090;1;1;1.0;6.0;44,3689950000;2,5332830000;
202100044871.0;1;47;47203;1;3;1.0;3.0;44,3873390000;0,8036700000;
202100044872.0;3;47;47217;1;1;1.0;7.0;44,2068960000;0,7995770000;
202100044873.0;1;41;41095;1;1;7.0;3.0;47,9137260000;1,1906970000;
202100044874.0;1;34;34013;1;2;1.0;3.0;43,5764260000;3,4632320000;
202100044875.0;1;34;34212;1;1;1.0;6.0;43,7649220000;3,3279910000;
202100044876.0;1;44;44126;1;1;1.0;1.0;47,1463130000; -2,1441630000;
202100044877.0;1;44;44217;1;1;1.0;2.0;47,2995760000; -1,6645900000;
202100044878.0;2;35;35223;1;1;1.0;7.0;48,0219790000; -2,0403770000;
202100044879.0;1;38;38267;1;1;1.0;7.0;45,4157220000;5,3337870000;
202100044880.0;1;02;02173;2;1;1.0;1.0;49,6112000000;3,2211400000;
202100044881.0;1;03;03118;2;3;1.0;3.0;46,0961130000;3,1958250000;
202100044882.0;1;01;01098;1;3;7.0;3.0;45,7776850000;5,6880590000;
202100044883.0;1;72;72007;1;1;1.0;6.0;47,9868560000;0,4245450000;
202100044884.0;1;06;06079;2;9;1.0;6.0;43,5514620000;6,9376750000;
202100044885.0;1;60;60508;1;1;1.0;2.0;49,2860450000;2,6232430000;
202100044886.0;1;43;43103;1;1;1.0;7.0;45,2868140000;3,2010390000;
202100044887.0;1;43;43077;2;3;1.0;3.0;44,8910490000;3,8482510000;
202100044888.0;1;16;16400;1;2;1.0;3.0;45,9967990000;0,2548850000;
202100044889.0;1;48;48140;1;3;1.0;3.0;44,8152260000;3,2714150000;
202100044890.0;1;13;13051;1;4;1.0;3.0;43,6059500000;5,1360680000;
202100044891.0;2;01;01031;1;1;1.0;6.0;46,2482910000;5,6240940000;
202100044892.0;3;01;01301;1;1;1.0;2.0;46,2646920000;5,1436940000;
202100044893.0;1;31;31284;2;1;7.0;6.0;43,5547140000;1,5667640000;
202100044894.0;3;988;98831;1;1;1.0;6.0; -20,9823520000;164,7200130000;
202100044895.0;3;971;97112;1;1;1.0;6.0;15,8734450000; -61,2940120000;
202100044896.0;1;978;97801;2;1;1.0;1.0;18,0660610000; -63,0739470000;
202100044897.0;2;977;97701;1;1;1.0;1.0;17,8955640000; -62,8138270000;
202100044898.0;1;64;64496;2;3;1.0;3.0;43,4774480000; -1,4576680000;
202100044899.0;1;50;50531;1;1;1.0;2.0;48,6835090000; -1,2593510000;
202100044900.0;1;93;93066;1;1;1.0;2.0;48,9333311217;2,3773920536;
202100044901.0;1;94;94065;1;1;1.0;2.0;48,7536127064;2,3611575387;
202100044902.0;1;94;94017;1;1;1.0;7.0;48,8279100000;2,5036400000;
202100044903.0;2;64;64483;2;1;2.0;6.0;43,3943740000; -1,6495740000;
202100044904.0;1;64;64483;2;2;2.0;6.0;43,3855320000; -1,6564980000;
202100044905.0;1;974;97411;2;6;1.0;3.0; -20,8933500000;55,4706000000;
202100044906.0;4;973;97302;2;1;8.0;3.0;4,9321888450; -52,3078091440;
202100044907.0;1;69;69199;2;3;1.0;6.0;45,7080200000;4,8612100000;
202100044908.0;1;972;97213;1;1;1.0;7.0;14,6208300000; -61,0196400000;
202100044909.0;1;69;69382;2;2;1.0;3.0;45,7527100000;4,8281100000;
202100044910.0;1;69;69081;2;1;1.0;3.0;45,7893300000;4,7794900000;
202100044911.0;1;971;97101;1;9;1.0;6.0;16,2532900000; -61,5423600000;
202100044912.0;5;971;97113;1;9;1.0;6.0;16,2135400000; -61,4775500000;
202100044913.0;1;95;95680;2;9;1.0;6.0;49,0076449332;2,4015183476;
202100044914.0;1;87;87085;2;1;1.0;6.0;45,8410800000;1,2538200000;
202100044915.0;1;85;85194;2;1;1.0;3.0;46,5082100000; -1,7694800000;
202100044916.0;1;85;85194;2;1;1.0;2.0;46,4980100000; -1,7786600000;
202100044917.0;1;85;85194;2;1;1.0;6.0;46,5234100000; -1,7754500000;
202100044918.0;1;83;83069;2;1;1.0;7.0;43,1270200000;6,1528300000;
202100044919.0;1;79;79191;2;1;1.0;7.0;46,3247300000; -0,4679700000;
202100044920.0;1;78;78146;2;1;1.0;1.0;48,8982200000;2,1451900000;
202100044921.0;1;78;78498;2;5;1.0;3.0;48,9270970000;2,0414040000;
202100044922.0;5;76;76296;1;2;1.0;6.0;49,5176500000;0,2506500000;
202100044923.0;1;76;76351;2;3;1.0;3.0;49,4976700000;0,1280200000;
202100044924.0;1;76;76270;1;1;1.0;2.0;49,5272200000;0,1507600000;
202100044925.0;1;69;69266;2;1;1.0;6.0;45,7785400000;4,9012900000;
202100044926.0;5;69;69091;2;5;1.0;3.0;45,5899200000;4,7618000000;
202100044927.0;1;67;67482;2;1;1.0;6.0;48,6157370000;7,7748990000;
202100044928.0;1;67;67482;2;1;1.0;6.0;48,5879400000;7,7018900000;
202100044929.0;1;67;67482;2;1;1.0;2.0;48,5872456426;7,7702455704;
202100044930.0;1;66;66136;2;1;1.0;6.0;42,7054200000;2,9020300000;
202100044931.0;1;66;66136;1;6;1.0;3.0;42,7288495229;2,8771928698;
202100044932.0;1;65;65440;2;4;1.0;3.0;43,2317000000;0,0855100000;
202100044933.0;1;64;64545;2;1;8.0;6.0;43,3738200000; -1,6787100000;
202100044934.0;1;64;64102;2;3;1.0;3.0;43,4950400000; -1,4784700000;
202100044935.0;1;64;64102;2;1;1.0;7.0;43,5100800000; -1,4681700000;
202100044936.0;1;62;62193;2;3;1.0;6.0;50,9466400000;1,8538100000;
202100044937.0;1;58;58194;2;1;1.0;7.0;46,9975000000;3,1480000000;
202100044938.0;1;58;58194;2;1;1.0;6.0;46,9975200000;3,1629800000;
202100044939.0;5;58;58194;2;1;1.0;7.0;47,0038000000;3,1640000000;
202100044940.0;1;57;57757;2;1;1.0;6.0;49,3520644426;6,2157726288;
202100044941.0;1;56;56162;2;3;1.0;7.0;47,7103201000; -3,4695305000;
202100044942.0;1;56;56162;2;1;1.0;3.0;47,7385800000; -3,4532100000;
202100044943.0;1;56;56083;2;1;1.0;2.0;47,8026400000; -3,2913400000;
202100044944.0;1;50;50218;2;3;1.0;3.0;48,8320200000; -1,5670300000;
202100044945.0;1;45;45284;2;1;1.0;3.0;47,9155909477;1,9417867937;
202100044946.0;1;37;37261;2;1;1.0;2.0;47,4063800000;0,7031000000;
202100044947.0;5;37;37261;2;3;1.0;3.0;47,3732849734;0,6869713962;
202100044948.0;1;35;35281;1;1;1.0;6.0;48,0731800000; -1,7161800000;
202100044949.0;1;35;35051;1;9;1.0;3.0;48,1076800000; -1,6180100000;
202100044950.0;1;33;33162;2;2;1.0;3.0;44,8582800000; -0,6663100000;
202100044951.0;5;32;32013;2;1;1.0;6.0;43,6320817283;0,5819351966;
202100044952.0;1;32;32013;2;1;1.0;7.0;43,6469700000;0,5834600000;
202100044953.0;1;30;30007;2;1;1.0;6.0;44,1199000000;4,0870900000;
202100044954.0;1;29;29232;2;6;9.0;3.0;47,9872744275; -4,1273725033;
202100044955.0;1;28;28085;1;1;1.0;7.0;48,4473829549;1,5002346039;
202100044956.0;1;27;27701;1;1;1.0;7.0;49,2549900000;1,1738100000;
202100044957.0;1;26;26313;1;9;1.0;4.0;44,9846000000;4,9774300000;
202100044958.0;1;17;17380;2;1;1.0;6.0;45,6532600000; -1,0950500000;
202100044959.0;1;13;13026;2;1;1.0;6.0;43,3803800000;5,1764700000;
202100044960.0;1;13;13056;1;3;1.0;3.0;43,3788000000;5,0637300000;
202100044961.0;1;13;13056;2;1;1.0;3.0;43,4302860783;5,0471384771;
202100044962.0;5;13;13205;2;2;1.0;3.0;43,2879640000;5,3914520000;
202100044963.0;1;13;13214;2;1;1.0;3.0;43,3397000000;5,4077180000;
202100044964.0;1;13;13208;2;3;1.0;3.0;43,2586500000;5,3988500000;
202100044965.0;1;11;11262;2;1;1.0;1.0;43,1882100000;3,0035900000;
202100044966.0;1;11;11069;2;1;1.0;3.0;43,2295000000;2,3865000000;
202100044967.0;1;08;08105;2;1;1.0;1.0;49,7551950000;4,7001310000;
202100044968.0;1;05;05061;2;3;1.0;3.0;44,5637200000;6,0880300000;
202100044969.0;1;05;05061;2;1;1.0;3.0;44,5678800000;6,0952200000;
202100044970.0;1;05;05061;2;1;1.0;4.0;44,5732610000;6,1089420000;
202100044971.0;1;05;05061;2;1;1.0;7.0;44,5623200000;6,0774200000;
202100044972.0;5;75;75119;2;2;1.0;3.0;48,8842920000;2,3675710000;
202100044973.0;5;75;75116;2;4;1.0;6.0;48,8741440000;2,2447570000;
202100044974.0;1;75;75110;2;3;1.0;6.0;48,8804050000;2,3643030000;
202100044975.0;5;75;75109;2;4;1.0;3.0;48,8838520000;2,3286050000;
202100044976.0;1;75;75109;2;1;2.0;2.0;48,8821210000;2,3280890000;
202100044977.0;1;75;75101;2;2;1.0;3.0;48,8585240000;2,3482280000;
202100044978.0;1;94;94081;2;1;4.0;6.0;48,7910000000;2,3940000000;
202100044979.0;1;94;94042;2;1;1.0;2.0;48,8147400000;2,4634000000;
202100044980.0;1;94;94043;2;1;1.0;3.0;48,8061720000;2,3499410000;
202100044981.0;1;94;94021;2;1;1.0;6.0;48,7581000000;2,3440800000;
202100044982.0;5;93;93073;2;1;1.0;3.0;48,9495800000;2,5652800000;
202100044983.0;1;93;93066;2;2;1.0;1.0;48,9426917239;2,3847031247;
202100044984.0;1;93;93066;2;1;1.0;3.0;48,9225051728;2,3471454112;
202100044985.0;1;93;93055;2;2;1.0;3.0;48,8915239579;2,4050366377;
202100044986.0;5;93;93064;2;1;8.0;6.0;48,8775395825;2,4826419353;
202100044987.0;1;93;93031;2;1;1.0;3.0;48,9602221704;2,2983511183;
202100044988.0;1;93;93010;2;9;1.0;3.0;48,9035663327;2,4775895526;
202100044989.0;1;92;92063;2;3;1.0;3.0;48,8830429760;2,1894483268;
202100044990.0;1;92;92036;2;2;1.0;3.0;48,9233569400;2,3213258386;
202100044991.0;2;92;92025;2;1;1.0;3.0;48,9147416166;2,2528705001;
202100044992.0;1;92;92024;2;7;1.0;3.0;48,9033700000;2,3128500000;
202100044993.0;1;92;92012;2;6;1.0;3.0;48,8250419178;2,2482612588;
202100044994.0;1;22;22019;1;1;1.0;3.0;48,5882190000; -2,9829810000;
202100044995.0;1;74;74112;2;3;1.0;3.0;45,9367770000;6,0902990000;
202100044996.0;2;974;97414;2;2;1.0;3.0; -21,2705140000;55,4433900000;
202100044997.0;1;80;80591;1;1;1.0;7.0;49,9697410000;1,7765830000;
202100044998.0;1;29;29079;1;6;1.0;3.0;48,6450070000; -3,9467150000;
202100044999.0;1;31;31107;1;1;1.0;5.0;43,3256850000;1,2180720000;
202100045000.0;1;50;50598;2;1;1.0;7.0;49,6708740000; -1,3385090000;
202100045001.0;1;07;07101;2;1;1.0;6.0;44,4097130000;4,3077189000;
202100045002.0;2;73;73117;1;1;4.0;1.0;45,1890290000;6,6433250000;
202100045003.0;1;973;97305;1;3;3.0;3.0;5,0687486202; -52,5925408602;
202100045004.0;1;84;84034;1;1;1.0;5.0;43,8862640000;4,9450490000;
202100045005.0;1;13;13007;1;1;1.0;3.0;43,3197610000;5,6646320000;
202100045006.0;1;68;68309;1;4;8.0;1.0;47,6653510000;7,4738570000;
202100045007.0;2;02;02213;2;9;1.0;6.0;49,0311400000;3,5256190000;
202100045008.0;3;13;13202;1;1;1.0;6.0;43,3170000000;5,3640200000;
202100045009.0;1;91;91645;1;1;1.0;3.0;48,7597000000;2,2632000000;
202100045010.0;2;92;92047;1;1;1.0;2.0;48,8356238797;2,1802820185;
202100045011.0;2;78;78217;1;1;1.0;2.0;48,9631790000;1,8387080000;
202100045012.0;1;94;94033;1;1;1.0;5.0;48,8520234289;2,4897042795;
202100045013.0;1;94;94033;1;1;1.0;4.0;48,8507000000;2,4907100000;
202100045014.0;1;35;35115;2;1;1.0;6.0;48,3621470000; -1,2084420000;
202100045015.0;1;974;97416;1;1;1.0;6.0; -21,2825110000;55,4748570000;
202100045016.0;1;69;69383;2;2;1.0;3.0;45,7528900000;4,8533600000;
202100045017.0;1;69;69384;2;2;1.0;3.0;45,7763100000;4,8236700000;
202100045018.0;1;69;69385;2;2;1.0;1.0;45,7544391710;4,7821533680;
202100045019.0;2;2B;2B033;2;1;1.0;1.0;42,7082200000;9,4537200000;
202100045020.0;1;91;91687;2;1;2.0;6.0;48,6640000000;2,3753000000;
202100045021.0;1;81;81144;1;6;1.0;3.0;43,9615300000;2,1673800000;
202100045022.0;5;78;78168;2;2;1.0;3.0;48,7485700000;1,9250200000;
202100045023.0;1;69;69266;2;9;1.0;3.0;45,7678500000;4,8935800000;
202100045024.0;1;54;54184;2;1;1.0;2.0;48,7039500000;6,2461600000;
202100045025.0;1;49;49007;2;1;1.0;3.0;47,4527000000; -0,5412700000;
202100045026.0;1;35;35238;2;1;1.0;6.0;48,1093000000; -1,6783000000;