Num_Acc;lum;departement;commune;agglomeration;intersection;meteo;type_collision;lat;long;date
202100045027.0;1;29;29019;2;6;1.0;3.0;48,4016354766; -4,4671051204;
202100045028.0;1;13;13203;2;1;1.0;5.0;43,3177290000;5,3809560000;
202100045029.0;1;13;13207;2;1;1.0;3.0;43,2926500000;5,3676400000;
202100045030.0;1;13;13214;2;1;1.0;2.0;43,3234400000;5,3858900000;
202100045031.0;1;13;13214;2;1;1.0;4.0;43,3467330361;5,3782428269;
202100045032.0;1;13;13205;2;1;1.0;3.0;43,2955570000;5,4005170000;
202100045033.0;5;10;10387;2;1;1.0;6.0;48,2941900000;4,0901800000;
202100045034.0;1;75;75114;2;4;1.0;6.0;48,8208150000;2,3217320000;
202100045035.0;1;75;75117;2;7;2.0;3.0;48,8782960000;2,2985810000;
202100045036.0;1;75;75117;2;3;2.0;6.0;48,8887930000;2,3233480000;
202100045037.0;1;75;75116;2;2;2.0;3.0;48,8367740000;2,2536480000;
202100045038.0;1;75;75110;2;2;1.0;3.0;48,8700110000;2,3710540000;
202100045039.0;1;94;94080;2;2;1.0;6.0;48,8498700000;2,4345500000;
202100045040.0;1;94;94079;2;1;1.0;6.0;48,8277200000;2,5439500000;
202100045041.0;1;94;94060;2;1;2.0;2.0;48,7813699069;2,5719380379;
202100045042.0;1;93;93059;2;1;1.0;3.0;48,9546350021;2,3682403540;
202100045043.0;1;93;93066;2;9;1.0;6.0;48,9256400000;2,3505000000;
202100045044.0;5;93;93051;2;6;1.0;6.0;48,8319000000;2,5667200000;
202100045045.0;5;92;92020;2;1;1.0;7.0;48,8048724203;2,2837373614;
202100045046.0;1;92;92044;2;2;2.0;3.0;48,8917200000;2,2867500000;
202100045047.0;1;92;92012;2;1;1.0;2.0;48,8347169761;2,2429195046;
202100045048.0;1;92;92004;2;4;1.0;3.0;48,9165659754;2,2890293598;
202100045049.0;1;35;35356;2;1;1.0;6.0;48,2486140000; -1,7819270000;
202100045050.0;1;18;18032;1;1;1.0;7.0;47,4218740000;2,8954770000;
202100045051.0;1;11;11203;2;3;1.0;2.0;43,2076510000;2,7605130000;
202100045052.0;1;63;63020;1;1;1.0;1.0;45,6857060000;2,9380490000;
202100045053.0;1;63;63278;2;1;1.0;7.0;45,9244680000;3,1592880000;
202100045054.0;3;85;85109;1;3;1.0;6.0;46,8620870000; -1,0958540000;
202100045055.0;1;38;38429;1;1;1.0;1.0;44,8791300000;5,6226600000;
202100045056.0;1;74;74233;1;1;1.0;2.0;45,8085370000;5,9828800000;
202100045057.0;1;11;11289;1;1;1.0;2.0;43,0924280000;2,2295380000;
202100045058.0;1;71;71397;1;1;1.0;1.0;46,3931960000;4,6303940000;
202100045059.0;1;46;46127;2;4;1.0;6.0;44,7364840000;1,3801790000;
202100045060.0;2;34;34079;1;4;7.0;1.0;43,6438710000;3,4487630000;
202100045061.0;1;68;68060;2;1;1.0;6.0;47,7316390000;7,1477750000;
202100045062.0;5;68;68263;2;1;1.0;4.0;47,5867700000;7,4433120000;
202100045063.0;1;39;39470;2;3;1.0;3.0;46,4842080000;6,0598560000;
202100045064.0;1;25;25156;1;1;1.0;6.0;47,4074700000;6,5005800000;
202100045065.0;1;31;31424;1;6;1.0;7.0;43,5920870000;1,2852980000;
202100045066.0;1;31;31442;1;1;1.0;6.0;43,3310570000;1,4375370000;
202100045067.0;1;70;70058;1;1;1.0;4.0;47,5004160000;5,6675610000;
202100045068.0;1;26;26042;1;1;6.0;1.0;44,8521880000;4,8944090000;
202100045069.0;1;14;14318;1;1;1.0;7.0;49,3242130000; -0,4825830000;
202100045070.0;2;45;45095;1;1;9.0;6.0;48,0469170000;2,1256610000;
202100045071.0;1;07;07204;2;6;1.0;3.0;45,0060030000;4,4022160000;
202100045072.0;1;53;53062;2;3;1.0;6.0;47,8289740000; -0,7047610000;
202100045073.0;1;28;28214;2;1;1.0;6.0;48,4734690000;1,0152210000;
202100045074.0;1;48;48042;1;1;1.0;7.0;44,5682900000;3,4950260000;
202100045075.0;1;95;95394;2;1;1.0;3.0;49,0617650695;2,1758744631;
202100045076.0;1;07;07247;1;1;1.0;7.0;44,5895020000;4,5541690000;
202100045077.0;1;11;11024;1;1;1.0;6.0;43,1087220000;2,9497860000;
202100045078.0;5;976;97605;1;1;1.0;1.0; -12,8227280000;45,1092410000;
202100045079.0;1;988;98821;1;1;7.0;6.0; -22,1645140000;166,3893990000;
202100045080.0;1;986;98613;2;9;1.0;7.0; -13,3447170000; -176,2136250000;
202100045081.0;1;95;95150;2;7;1.0;3.0;49,1217650000;1,6940400000;
202100045082.0;2;66;66065;1;1;1.0;1.0;42,6055589071;2,9868968949;
202100045083.0;1;34;34113;1;2;1.0;5.0;43,4842360000;3,6997530000;
202100045084.0;3;34;34289;1;1;1.0;6.0;43,3863730000;3,3863640000;
202100045085.0;1;04;04086;1;1;1.0;7.0;44,4048910000;6,7107150000;
202100045086.0;3;13;13013;1;1;1.0;6.0;43,4229410000;5,5697890000;
202100045087.0;1;68;68296;1;1;1.0;1.0;48,2633130000;7,2987840000;
202100045088.0;3;07;07200;1;1;9.0;6.0;44,7203331747;4,1342832148;
202100045089.0;1;65;65401;2;9;8.0;2.0;43,1858530000;0,1017090000;
202100045090.0;1;17;17036;2;6;1.0;3.0;45,8760570000; -0,9962150000;
202100045091.0;2;59;59571;1;1;1.0;6.0;50,1794610000;3,5222880000;
202100045092.0;1;13;13207;1;1;1.0;4.0;43,2929838231;5,3650236061;
202100045093.0;1;91;91659;1;1;1.0;7.0;48,5918500000;2,4450400000;
202100045094.0;1;94;94038;1;1;1.0;6.0;48,7866400000;2,3450400000;
202100045095.0;1;93;93053;1;1;1.0;3.0;48,8808500000;2,4522600000;
202100045096.0;3;77;77337;1;1;1.0;6.0;48,8274300000;2,6175600000;
202100045097.0;1;54;54578;2;1;1.0;6.0;48,6714500000;6,1563200000;
202100045098.0;5;13;13004;2;1;1.0;6.0;43,6600000000;4,6400000000;
202100045099.0;1;06;06029;2;9;1.0;6.0;43,5465030000;7,0366550000;
202100045100.0;1;59;59392;2;2;1.0;6.0;50,2791200000;3,9713200000;
202100045101.0;1;21;21054;2;1;1.0;6.0;47,0287500000;4,8400300000;
202100045102.0;2;08;08105;2;1;1.0;6.0;49,7756940000;4,7112440000;
202100045103.0;1;94;94081;2;1;1.0;6.0;48,7935100000;2,3959400000;
202100045104.0;5;972;97213;1;1;1.0;5.0;14,6180000000; -61,0290000000;
202100045105.0;1;06;06083;2;1;1.0;6.0;43,7962100000;7,4896890000;
202100045106.0;1;93;93066;2;9;1.0;3.0;48,9322565726;2,3763526031;
202100045107.0;1;92;92009;2;2;1.0;6.0;48,9259500588;2,2739318758;
202100045108.0;1;976;97611;2;1;1.0;3.0; -12,8073200000;45,2063400000;
202100045109.0;2;973;97302;2;1;1.0;7.0;4,9422619564; -52,3049786395;
202100045110.0;1;69;69387;2;1;1.0;2.0;45,7450012741;4,8583292220;
202100045111.0;5;972;97213;1;1;1.0;7.0;14,6184097900; -61,0067172000;
202100045112.0;1;972;97209;2;1;1.0;2.0;14,6096000000; -61,0718000000;
202100045113.0;1;69;69385;2;1;1.0;7.0;45,7565220258;4,8169118611;
202100045114.0;1;971;97113;1;1;1.0;6.0;16,2449900000; -61,4668900000;
202100045115.0;1;91;91589;2;1;1.0;6.0;48,6794000000;2,3458400000;
202100045116.0;1;91;91589;2;1;1.0;3.0;48,6922220000;2,3409640000;
202100045117.0;5;83;83137;2;2;1.0;1.0;43,1351000000;5,9163800000;
202100045118.0;1;83;83129;2;1;1.0;3.0;43,1033730000;5,8274580000;
202100045119.0;1;83;83034;2;6;1.0;3.0;43,0956700000;6,0692000000;
202100045120.0;1;77;77170;1;1;1.0;7.0;48,3380200000;2,7902300000;
202100045121.0;1;77;77316;2;1;1.0;7.0;48,3742010000;2,8204070000;
202100045122.0;5;69;69266;2;2;1.0;3.0;45,7625800000;4,8819200000;
202100045123.0;1;59;59017;2;2;1.0;5.0;50,6903500000;2,8662000000;
202100045124.0;1;50;50647;2;1;1.0;1.0;48,8463700000; -1,5578900000;
202100045125.0;1;38;38544;2;3;1.0;3.0;45,5276800000;4,8802800000;
202100045126.0;1;35;35189;1;1;1.0;6.0;48,1538164389; -1,7032402754;
202100045127.0;1;35;35115;2;6;1.0;6.0;48,3545300000; -1,2110900000;
202100045128.0;1;33;33069;2;3;7.0;3.0;44,8606990000; -0,5926600000;
202100045129.0;1;30;30243;1;2;1.0;6.0;44,0708600000;4,0801800000;
202100045130.0;2;29;29232;1;1;1.0;2.0;47,9780454032; -4,0240391134;
202100045131.0;1;25;25056;2;4;1.0;3.0;47,2393000000;6,0055100000;
202100045132.0;5;13;13216;2;1;1.0;3.0;43,3579300000;5,2874900000;
202100045133.0;1;13;13202;2;1;1.0;6.0;43,3095000000;5,3667900000;
202100045134.0;1;13;13208;2;1;1.0;2.0;43,2699700000;5,3877100000;
202100045135.0;1;13;13063;2;1;1.0;3.0;43,5893800000;5,0032000000;
202100045136.0;1;10;10387;2;3;1.0;3.0;48,3041600000;4,0555300000;
202100045137.0;1;06;06088;2;1;1.0;3.0;43,6705100000;7,2215100000;
202100045138.0;1;03;03101;2;1;1.0;3.0;46,3693180000;2,5715620000;
202100045139.0;5;75;75114;2;1;1.0;3.0;48,8208180000;2,3218010000;
202100045140.0;1;75;75119;2;1;1.0;7.0;48,8780610000;2,4084770000;
202100045141.0;1;75;75117;2;1;1.0;3.0;48,8772940000;2,2942800000;
202100045142.0;1;75;75115;2;1;1.0;6.0;48,8289750000;2,2997290000;
202100045143.0;1;75;75120;2;2;1.0;5.0;48,8474880000;2,4061950000;
202100045144.0;1;75;75107;2;3;1.0;6.0;48,8536740000;2,3147360000;
202100045145.0;1;75;75107;2;3;1.0;6.0;48,8494730000;2,3190100000;
202100045146.0;5;94;94078;2;1;1.0;2.0;48,7387800000;2,4468570000;
202100045147.0;1;94;94068;2;2;1.0;3.0;48,7917930000;2,4740730000;
202100045148.0;5;94;94076;2;1;1.0;3.0;48,7840500000;2,3672400000;
202100045149.0;1;94;94076;2;1;1.0;2.0;48,7946000000;2,3603400000;
202100045150.0;1;94;94076;2;9;1.0;3.0;48,8014470000;2,3594910000;
202100045151.0;1;94;94028;2;9;1.0;2.0;48,7812450000;2,4373810000;
202100045152.0;1;93;93059;2;2;1.0;3.0;48,9664147593;2,3611538738;
202100045153.0;1;93;93031;2;2;1.0;3.0;48,9547578980;2,3078491239;
202100045154.0;2;93;93066;1;9;1.0;2.0;48,9403098651;2,3679645888;
202100045155.0;2;93;93048;2;1;1.0;2.0;48,8563862552;2,4257129823;
202100045156.0;1;93;93048;2;2;1.0;3.0;48,8526186322;2,4179277610;
202100045157.0;3;93;93032;2;3;1.0;3.0;48,8829500000;2,5269800000;
202100045158.0;1;93;93013;2;6;1.0;6.0;48,9424600000;2,4300800000;
202100045159.0;1;93;93001;2;2;1.0;3.0;48,9154916957;2,3999409063;
202100045160.0;1;92;92062;2;1;1.0;2.0;48,8853964243;2,2513040900;
202100045161.0;2;92;92040;2;1;1.0;1.0;48,8317907183;2,2626256943;
202100045162.0;1;92;92024;2;2;1.0;3.0;48,9008400000;2,3159500000;
202100045163.0;5;67;67535;2;4;1.0;6.0;48,9138590000;7,4237750000;
202100045164.0;1;48;48002;1;1;1.0;6.0;44,8785710000;3,2446040000;
202100045165.0;3;30;30286;1;1;1.0;7.0;43,9859990000;4,4555780000;
202100045166.0;1;57;57295;1;3;1.0;1.0;48,7957490000;6,6061340000;
202100045167.0;3;59;59270;1;1;1.0;6.0;50,1112185043;3,8082298069;
202100045168.0;1;82;82136;1;2;7.0;3.0;43,9046800000;1,3848140000;
202100045169.0;1;33;33382;1;1;1.0;7.0;45,1270050000; -0,5177710000;
202100045170.0;1;33;33059;1;2;1.0;6.0;44,7746040000; -0,2439250000;
202100045171.0;1;71;71263;2;1;1.0;1.0;46,6290060000;5,2190910000;
202100045172.0;1;61;61464;1;1;1.0;7.0;48,6178530000;0,1515980000;
202100045173.0;1;12;12090;1;1;1.0;1.0;44,3925490000;2,4733190000;
202100045174.0;1;39;39361;1;1;1.0;6.0;47,2367190000;5,5298140000;
202100045175.0;1;44;44129;2;1;1.0;6.0;47,4351670000; -2,0901540000;
202100045176.0;1;35;35259;1;1;1.0;7.0;48,5683080000; -1,6433370000;
202100045177.0;1;35;35331;1;2;1.0;3.0;48,0745490000; -1,8961450000;
202100045178.0;5;29;29111;2;1;1.0;6.0;48,5793940000; -4,2115080000;
202100045179.0;1;64;64094;1;1;1.0;7.0;43,4640710000; -1,2497810000;
202100045180.0;1;43;43111;1;3;1.0;3.0;44,8421490000;3,8235940000;
202100045181.0;2;27;27002;2;1;1.0;7.0;48,7590290000;1,1086350000;
202100045182.0;1;27;27198;2;1;1.0;6.0;48,8707420000;1,0768640000;
202100045183.0;1;30;30147;1;1;1.0;7.0;44,0197270000;4,0540950000;
202100045184.0;1;978;97801;2;1;1.0;1.0;18,0802840000; -63,0706640000;
202100045185.0;1;74;74081;2;1;1.0;3.0;46,0601370000;6,5862230000;
202100045186.0;1;49;49321;1;1;1.0;6.0;47,4271730000; -0,9307270000;
202100045187.0;3;987;98729;1;1;1.0;7.0; -17,5421610000; -149,7753240000;
202100045188.0;1;987;98747;1;1;1.0;1.0; -17,7463241945; -149,2020235062;
202100045189.0;1;976;97615;2;1;1.0;6.0; -12,7997070000;45,2776300000;
202100045190.0;1;37;37072;1;2;1.0;3.0;47,1866404833;0,2206415981;
202100045191.0;1;11;11192;1;1;1.0;1.0;43,2991190000;2,0515250000;
202100045192.0;1;34;34299;1;1;7.0;3.0;43,2646130000;3,2842250000;
202100045193.0;1;34;34342;1;1;1.0;2.0;43,7507610000;3,7580970000;
202100045194.0;1;34;34058;1;1;1.0;5.0;43,6811210000;3,9458410000;
202100045195.0;1;13;13041;1;1;1.0;1.0;43,4712270000;5,4592560000;
202100045196.0;1;26;26170;1;1;1.0;6.0;44,8989570000;4,9743800000;
202100045197.0;1;56;56176;1;1;1.0;6.0;47,6881390000; -2,9580420000;
202100045198.0;3;80;80721;1;1;1.0;7.0;50,1707830000;1,6449240000;
202100045199.0;1;13;13213;1;1;1.0;5.0;43,3298210000;5,4053460000;
202100045200.0;3;13;13071;1;1;1.0;6.0;43,4090148354;5,2864515781;
202100045201.0;2;13;13071;1;1;1.0;4.0;43,4067700000;5,3266900000;
202100045202.0;1;95;95604;1;1;1.0;6.0;49,1056030188;2,5510853676;
202100045203.0;2;94;94018;1;1;1.0;6.0;48,8172600000;2,4216900000;
202100045204.0;1;44;44109;2;9;1.0;6.0;47,2282575444; -1,5870019198;
202100045205.0;1;974;97416;2;9;1.0;1.0; -21,2857500000;55,4690000000;
202100045206.0;1;69;69387;2;8;7.0;3.0;45,7553100000;4,8427800000;
202100045207.0;1;69;69199;2;3;1.0;6.0;45,7129856754;4,8550558090;
202100045208.0;3;972;97213;1;1;1.0;6.0;14,6513500000; -60,9857300000;
202100045209.0;1;972;97213;2;1;1.0;2.0;14,6035600000; -61,0020700000;
202100045210.0;1;69;69149;2;3;1.0;1.0;45,7120600000;4,8027100000;
202100045211.0;1;69;69382;2;2;1.0;3.0;45,7421391734;4,8218588700;
202100045212.0;1;69;69034;2;1;1.0;4.0;45,7840900000;4,8351900000;
202100045213.0;1;69;69202;2;1;1.0;3.0;45,7491400000;4,7964500000;
202100045214.0;5;69;69384;2;5;1.0;3.0;45,7790598624;4,8410660144;
202100045215.0;1;91;91377;2;6;1.0;3.0;48,7322700000;2,2655600000;
202100045216.0;5;91;91161;2;1;1.0;1.0;48,7062000000;2,2970000000;
202100045217.0;1;91;91432;2;2;1.0;3.0;48,7052460000;2,3397400000;
202100045218.0;1;83;83069;2;2;1.0;3.0;43,1108500000;6,1242100000;
202100045219.0;1;82;82121;2;1;1.0;3.0;44,0440500000;1,3848100000;
202100045220.0;1;71;71306;2;2;1.0;3.0;46,6823852097;4,3621169085;
202100045221.0;1;71;71153;2;1;1.0;2.0;46,7920880809;4,4479179025;
202100045222.0;1;61;61077;2;9;1.0;7.0;48,4395600000;0,1236800000;
202100045223.0;1;61;61117;2;6;1.0;3.0;48,4256200000;0,0632000000;
202100045224.0;5;59;59650;2;1;1.0;1.0;50,7106624222;3,2336550951;
202100045225.0;1;50;50129;2;1;1.0;2.0;49,6456400000; -1,6385100000;
202100045226.0;1;49;49007;2;1;1.0;3.0;47,4774418540; -0,5536981315;
202100045227.0;1;42;42218;2;1;1.0;6.0;45,4332410000;4,3885270000;
202100045228.0;1;35;35278;1;1;1.0;2.0;48,1540100000; -1,6523500000;
202100045229.0;1;33;33063;2;3;1.0;3.0;44,8636900000; -0,5755300000;
202100045230.0;1;26;26198;2;1;1.0;6.0;44,5556620000;4,7496660000;
202100045231.0;1;22;22113;2;3;1.0;3.0;48,7311300000; -3,4466600000;
202100045232.0;1;14;14079;1;1;1.0;2.0;49,3242060000;0,0354900000;
202100045233.0;1;13;13209;2;1;1.0;2.0;43,2600300000;5,3981000000;
202100045234.0;1;13;13208;2;1;1.0;6.0;43,2542129676;5,3824156523;
202100045235.0;1;13;13212;2;1;1.0;6.0;43,3025000000;5,4159000000;
202100045236.0;1;12;12145;2;1;1.0;2.0;44,1085100000;3,0814400000;
202100045237.0;1;01;01451;2;6;1.0;6.0;46,2520620000;5,2112830000;
202100045238.0;1;75;75119;2;2;1.0;3.0;48,8772070000;2,4066760000;
202100045239.0;5;75;75119;2;2;1.0;3.0;48,8788830000;2,4018750000;
202100045240.0;1;75;75119;2;3;1.0;3.0;48,8832410000;2,3810990000;
202100045241.0;5;75;75118;2;1;1.0;6.0;48,8957630000;2,3405760000;
202100045242.0;5;75;75115;2;2;1.0;5.0;48,8383160000;2,2984470000;
202100045243.0;1;75;75115;2;3;1.0;3.0;48,8287044325;2,2958153486;
202100045244.0;1;75;75114;2;2;1.0;6.0;48,8295913276;2,3284519812;
202100045245.0;1;75;75112;2;2;1.0;1.0;48,8272480000;2,4645490000;
202100045246.0;5;75;75111;2;2;1.0;3.0;48,8676550000;2,3772840000;
202100045247.0;1;75;75108;2;2;1.0;2.0;48,8649850000;2,3136950000;
202100045248.0;5;75;75104;2;7;1.0;6.0;48,8560645168;2,3665906572;
202100045249.0;1;75;75103;2;2;1.0;3.0;48,8618980000;2,3569200000;
202100045250.0;1;94;94078;2;1;1.0;3.0;48,7330500000;2,4508100000;
202100045251.0;1;94;94068;2;1;1.0;2.0;48,7998587100;2,4709167700;
202100045252.0;1;94;94043;2;9;7.0;1.0;48,8121400000;2,3571200000;
202100045253.0;1;94;94077;2;2;1.0;3.0;48,7376300000;2,4214500000;
202100045254.0;1;93;93046;2;1;1.0;6.0;48,9203467104;2,5221186876;
202100045255.0;1;93;93032;2;9;1.0;2.0;48,8770200000;2,5573500000;
202100045256.0;1;93;93029;2;2;1.0;3.0;48,9196600000;2,4708700000;
202100045257.0;5;93;93047;2;2;1.0;3.0;48,8932200000;2,5524800000;
202100045258.0;1;93;93007;2;1;1.0;1.0;48,9281802098;2,4681498749;
202100045259.0;5;93;93007;2;1;1.0;6.0;48,9462200000;2,4558400000;
202100045260.0;1;93;93007;2;1;1.0;6.0;48,9492200270;2,4545541652;
202100045261.0;1;92;92078;2;1;1.0;3.0;48,9355422350;2,3325117351;
202100045262.0;1;92;92064;2;1;1.0;3.0;48,8461750355;2,2239026427;
202100045263.0;1;92;92035;2;2;1.0;3.0;48,9127077305;2,2537274659;
202100045264.0;2;92;92026;2;1;1.0;3.0;48,8999680000;2,2466220000;
202100045265.0;1;92;92026;2;1;1.0;3.0;48,8924300000;2,2495700000;
202100045266.0;1;83;83043;1;1;1.0;5.0;43,2063180000;6,2950160000;
202100045267.0;1;51;51065;1;1;1.0;7.0;48,7181350000;4,5119910000;
202100045268.0;1;24;24372;1;2;1.0;2.0;45,1431530000;0,5576210000;
202100045269.0;1;38;38160;1;2;1.0;3.0;45,4930890000;4,9751760000;
202100045270.0;1;41;41104;1;1;1.0;6.0;47,5975650000;1,4474490000;
202100045271.0;1;68;68145;2;1;1.0;3.0;48,0739710000;7,4054290000;
202100045272.0;1;974;97404;1;1;1.0;1.0; -21,2615610000;55,3393980000;
202100045273.0;1;01;01157;1;2;1.0;3.0;46,0242990000;4,7526700000;
202100045274.0;1;76;76220;2;2;1.0;6.0;49,8704940000;1,3230370000;
202100045275.0;1;42;42271;2;1;1.0;3.0;45,4875990000;4,5717370000;
202100045276.0;1;71;71004;1;2;1.0;3.0;46,8033810000;4,9404310000;
202100045277.0;1;19;19241;1;1;1.0;6.0;45,7135447468;2,0776532691;
202100045278.0;1;56;56015;1;1;1.0;3.0;47,6320670000; -2,5588600000;
202100045279.0;1;74;74310;1;4;1.0;2.0;45,8296540000;6,0594170000;
202100045280.0;1;74;74011;2;1;1.0;2.0;45,9242000000;6,1722620000;
202100045281.0;1;2B;2B242;2;1;1.0;6.0;42,4002630000;9,5310040000;
202100045282.0;3;49;49311;1;1;1.0;6.0;47,3863800000; -0,0707460000;
202100045283.0;1;12;12213;2;4;1.0;6.0;44,1632710000;2,9578840000;
202100045284.0;1;42;42052;1;1;1.0;3.0;46,1671670000;4,1581430000;
202100045285.0;1;47;47049;2;1;1.0;6.0;44,4432250000;0,6216560000;
202100045286.0;1;47;47195;2;6;1.0;4.0;44,1449610000;0,3294990000;
202100045287.0;1;44;44151;1;1;1.0;3.0;47,3031560000; -2,3061310000;
202100045288.0;1;44;44192;1;1;1.0;4.0;47,2687710000; -1,9876580000;
202100045289.0;1;44;44131;1;3;1.0;1.0;47,1270240000; -2,1477840000;
202100045290.0;1;35;35207;2;3;1.0;1.0;48,1157604894; -1,5320443511;
202100045291.0;1;35;35271;1;1;1.0;7.0;48,4910840000; -1,2221430000;
202100045292.0;1;29;29146;1;2;7.0;3.0;47,9186160000; -3,8158100000;
202100045293.0;1;02;02665;1;2;1.0;3.0;49,2337130000;3,3701630000;
202100045294.0;1;01;01457;2;1;1.0;6.0;46,1991670000;4,9940210000;
202100045295.0;1;26;26097;1;1;1.0;1.0;44,7172900000;4,8345640000;
202100045296.0;1;54;54292;1;1;1.0;7.0;48,5256860426;6,4391899111;
202100045297.0;1;54;54059;1;1;1.0;1.0;48,8672555239;6,1997652055;
202100045298.0;1;06;06032;2;6;1.0;7.0;43,7217810000;7,4045010000;
202100045299.0;1;14;14726;1;2;1.0;2.0;48,8539720000; -0,6570550000;
202100045300.0;1;14;14589;2;1;1.0;7.0;49,0031390000; -0,3004500000;
202100045301.0;1;05;05009;1;1;1.0;6.0;44,8055060000;5,9555880000;
202100045302.0;1;64;64068;2;1;1.0;7.0;43,1415690000; -0,2525260000;
202100045303.0;1;10;10233;1;1;1.0;6.0;48,5183080000;3,9101540000;
202100045304.0;1;36;36005;1;1;7.0;7.0;46,7359860000;1,8447860000;
202100045305.0;1;16;16383;2;1;1.0;6.0;45,7943980000;0,1913010000;
202100045306.0;1;16;16009;1;1;7.0;6.0;45,9586980000;0,5543380000;
202100045307.0;1;16;16380;1;1;1.0;1.0;45,3925430000; -0,2123020000;
202100045308.0;1;07;07276;1;1;1.0;7.0;44,9092650000;4,4661140000;
202100045309.0;1;07;07204;1;1;1.0;7.0;44,9936670000;4,3827300000;
202100045310.0;1;24;24133;2;1;1.0;6.0;45,5355060000;0,9729280000;
202100045311.0;1;17;17140;1;1;1.0;5.0;45,9173630000; -1,2270360000;
202100045312.0;3;48;48009;1;1;1.0;7.0;44,6639600000;3,3358630000;
202100045313.0;2;48;48099;1;1;1.0;6.0;44,4911940000;3,2472700000;
202100045314.0;1;48;48126;1;1;1.0;7.0;44,6317260000;3,4066200000;
202100045315.0;1;88;88114;2;1;7.0;6.0;48,1884100000;5,8813440000;
202100045316.0;1;88;88465;1;3;1.0;3.0;48,2515800000;6,3866350000;
202100045317.0;5;971;97103;2;9;1.0;6.0;16,2522070000; -61,5836750000;
202100045318.0;1;17;17444;1;1;1.0;3.0;45,6903830000; -0,6474640000;
202100045319.0;1;33;33005;2;1;1.0;3.0;44,7550420000; -1,0908970000;
202100045320.0;1;34;34145;1;3;1.0;3.0;43,6917390000;4,1623910000;
202100045321.0;1;34;34344;2;1;1.0;6.0;43,5678920000;4,0982490000;
202100045322.0;1;83;83035;1;1;1.0;7.0;43,2427390000;5,7995240000;
202100045323.0;1;83;83037;1;1;1.0;4.0;43,3727330000;5,9738490000;
202100045324.0;1;89;89206;1;1;1.0;4.0;47,9714220000;3,4312750000;
202100045325.0;1;52;52488;2;3;1.0;7.0;47,9915940000;5,2871940000;
202100045326.0;1;42;42328;1;1;1.0;7.0;45,5775080000;3,9933590000;
202100045327.0;3;33;33393;1;6;1.0;7.0;44,9802660000; -0,1490560000;
202100045328.0;1;60;60575;1;1;1.0;6.0;49,2820140000;2,1945730000;
202100045329.0;2;80;80335;1;1;1.0;6.0;49,8579900000;2,7767520000;
202100045330.0;1;62;62366;1;1;1.0;6.0;50,4175700000;2,5774530000;
202100045331.0;1;13;13215;1;1;1.0;6.0;43,3590500000;5,3622400000;
202100045332.0;1;13;13005;1;1;1.0;7.0;43,2773150000;5,5871810000;
202100045333.0;5;33;33167;1;1;1.0;6.0;44,8337800000; -0,5002960000;
202100045334.0;1;91;91340;1;1;1.0;7.0;48,6036900000;2,4369000000;
202100045335.0;1;91;91064;1;1;1.0;3.0;48,7488700000;2,2186100000;
202100045336.0;3;78;78646;1;1;1.0;7.0;48,7918000000;2,0968800000;
202100045337.0;5;93;93051;1;1;1.0;2.0;48,8361710985;2,5581273450;
202100045338.0;1;05;05061;2;1;2.0;2.0;44,5660100000;6,0877200000;
202100045339.0;5;05;05061;2;1;1.0;6.0;44,5563400000;6,0792500000;
202100045340.0;1;974;97411;2;1;1.0;6.0; -20,8788200000;55,4544500000;
202100045341.0;1;974;97411;1;1;1.0;4.0; -20,8767900000;55,4138800000;
202100045342.0;1;974;97411;2;1;8.0;1.0; -20,9001100000;55,4637300000;
202100045343.0;1;974;97411;2;3;2.0;3.0; -20,8827700000;55,4621900000;
202100045344.0;5;973;97302;2;1;2.0;6.0;4,9410998581; -52,3304262758;
202100045345.0;1;973;97302;2;1;1.0;3.0;4,9363959840; -52,2965483666;
202100045346.0;5;973;97302;2;2;1.0;3.0;4,9332529888; -52,3096509994;
202100045347.0;1;69;69388;2;1;1.0;6.0;45,7264723901;4,8700118065;
202100045348.0;2;69;69199;2;2;1.0;3.0;45,7105846164;4,8571479321;
202100045349.0;1;972;97209;1;1;1.0;6.0;14,6098000000; -61,0655000000;
202100045350.0;5;69;69389;2;1;1.0;7.0;45,7911200000;4,8189100000;
202100045351.0;1;91;91201;2;1;1.0;3.0;48,6810200000;2,4091000000;
202100045352.0;1;91;91687;2;1;1.0;6.0;48,6806230000;2,3842850000;
202100045353.0;1;91;91589;2;1;1.0;3.0;48,6893600000;2,3543300000;
202100045354.0;1;91;91223;1;1;1.0;6.0;48,4236340000;2,1532090000;