Num_Acc;lum;departement;commune;agglomeration;intersection;meteo;type_collision;lat;long;date
202100046013.0;1;33;33523;1;1;7.0;1.0;44,7474990000; -0,2645890000;
202100046014.0;2;33;33140;1;3;1.0;6.0;44,7787720000; -0,3396450000;
202100046015.0;1;89;89134;1;3;1.0;1.0;47,4746880000;4,0181740000;
202100046016.0;1;68;68338;1;1;1.0;7.0;48,0939040000;7,2295620000;
202100046017.0;1;25;25623;2;9;7.0;3.0;47,2260090000;6,4417970000;
202100046018.0;1;44;44069;2;1;6.0;3.0;47,2968230000; -2,3938750000;
202100046019.0;1;38;38363;2;6;1.0;3.0;45,3460750000;5,0779310000;
202100046020.0;1;70;70168;1;1;1.0;7.0;47,8078340000;6,1948880000;
202100046021.0;1;60;60509;2;9;7.0;6.0;49,3063523664;2,6042125224;
202100046022.0;2;45;45141;1;1;1.0;6.0;47,5880810000;2,9339190000;
202100046023.0;1;85;85172;1;1;1.0;2.0;46,8141400000; -2,0047800000;
202100046024.0;1;27;27534;1;1;1.0;1.0;49,2572090000;1,0505680000;
202100046025.0;1;28;28251;1;2;1.0;3.0;48,7254510000;1,4470170000;
202100046026.0;1;37;37281;1;3;1.0;2.0;47,4472505457;0,7895841091;
202100046027.0;1;52;52093;2;3;7.0;3.0;47,8045840000;5,4350570000;
202100046028.0;1;08;08363;2;1;7.0;3.0;49,9352030000;4,6403880000;
202100046029.0;2;88;88465;2;1;7.0;6.0;48,2463510000;6,4259450000;
202100046030.0;1;76;76533;1;1;1.0;7.0;49,5000610000;0,2754310000;
202100046031.0;1;57;57289;1;1;1.0;2.0;49,0434940000;7,0411210000;
202100046032.0;1;45;45039;2;3;1.0;3.0;47,7891780000;2,3781480000;
202100046033.0;1;83;83042;2;1;1.0;3.0;43,2563150000;6,5281880000;
202100046034.0;1;70;70026;2;3;1.0;6.0;47,4586830000;5,6017450000;
202100046035.0;1;55;55258;1;1;1.0;2.0;48,7742670000;5,6937200000;
202100046036.0;1;38;38377;2;1;1.0;6.0;45,5669750000;5,4504900000;
202100046037.0;1;69;69028;1;1;1.0;2.0;45,7206830000;4,6792750000;
202100046038.0;1;31;31568;1;2;1.0;3.0;43,4800790000;1,6911650000;
202100046039.0;5;72;72264;2;9;1.0;6.0;47,8309840000; -0,3255830000;
202100046040.0;1;14;14228;2;2;1.0;3.0;49,2980180000; -0,3710620000;
202100046041.0;1;22;22178;2;1;1.0;2.0;48,6958680000; -3,0078020000;
202100046042.0;1;60;60116;1;3;7.0;3.0;49,3158418775;2,3662049934;
202100046043.0;1;60;60439;2;9;1.0;1.0;49,3159310000;2,3155940000;
202100046044.0;1;60;60342;1;1;1.0;4.0;49,2972970000;2,4522260000;
202100046045.0;1;60;60103;1;4;1.0;3.0;49,4125749635;2,2174487113;
202100046046.0;1;59;59497;1;1;1.0;7.0;50,7191590000;2,3605520000;
202100046047.0;1;13;13055;1;1;1.0;7.0;43,2869700000;5,5054700000;
202100046048.0;1;13;13211;1;1;1.0;3.0;43,2879200000;5,5009800000;
202100046049.0;1;13;13071;1;1;1.0;7.0;43,3980640000;5,2979290000;
202100046050.0;1;33;33249;1;1;1.0;4.0;44,8807830000; -0,5105960000;
202100046051.0;1;91;91363;1;1;1.0;7.0;48,6691300000;2,1932600000;
202100046052.0;3;93;93048;1;1;1.0;2.0;48,8716700000;2,4332000000;
202100046053.0;1;93;93027;1;1;1.0;5.0;48,9222200000;2,3776600000;
202100046054.0;1;95;95488;1;1;1.0;2.0;49,0129801013;2,1491154178;
202100046055.0;1;94;94042;1;1;1.0;2.0;48,8274800000;2,4702000000;
202100046056.0;1;93;93051;1;1;1.0;5.0;48,8359000000;2,5629000000;
202100046057.0;1;94;94069;1;1;1.0;4.0;48,8167400000;2,4470600000;
202100046058.0;2;976;97611;2;1;1.0;6.0; -12,7869800000;45,2255100000;
202100046059.0;1;974;97416;2;2;1.0;1.0; -21,3363779135;55,4701101780;
202100046060.0;1;973;97302;2;1;1.0;6.0;4,9367500000; -52,3146700000;
202100046061.0;1;69;69387;2;2;1.0;3.0;45,7262453572;4,8377487339;
202100046062.0;1;69;69388;2;2;1.0;3.0;45,7389562157;4,8665356636;
202100046063.0;1;69;69382;2;2;1.0;3.0;45,7343381635;4,8181663753;
202100046064.0;1;69;69081;2;6;1.0;3.0;45,7706300000;4,7884000000;
202100046065.0;5;971;97113;1;1;1.0;3.0;16,2175900000; -61,4942900000;
202100046066.0;1;95;95268;2;1;7.0;6.0;48,9672142502;2,3981416225;
202100046067.0;1;95;95060;2;1;1.0;6.0;49,0379459936;2,2093968855;
202100046068.0;5;83;83050;2;1;1.0;2.0;43,5425680000;6,4874190000;
202100046069.0;1;83;83050;2;6;1.0;2.0;43,5198000000;6,4723600000;
202100046070.0;1;77;77350;1;1;1.0;3.0;48,7679600000;2,7073300000;
202100046071.0;1;74;74119;2;1;1.0;6.0;46,4018500000;6,5869400000;
202100046072.0;1;72;72181;2;1;1.0;7.0;47,9892100000;0,1622100000;
202100046073.0;5;69;69290;2;3;1.0;3.0;45,6955400000;4,9415300000;
202100046074.0;2;69;69266;2;1;1.0;6.0;45,7603900000;4,8799000000;
202100046075.0;1;67;67218;2;1;1.0;3.0;48,5253520000;7,7212710000;
202100046076.0;1;66;66136;2;1;1.0;3.0;42,6892000000;2,8932500000;
202100046077.0;1;64;64237;2;3;1.0;3.0;43,2789400000; -0,3753000000;
202100046078.0;1;64;64348;1;1;1.0;2.0;43,3225200000; -0,3902100000;
202100046079.0;1;64;64102;2;1;1.0;7.0;43,4984000000; -1,4549600000;
202100046080.0;1;63;63032;2;1;1.0;6.0;45,7541025960;3,0968950468;
202100046081.0;5;63;63113;2;1;1.0;6.0;45,7961600000;3,1169200000;
202100046082.0;1;63;63075;2;6;1.0;3.0;45,7786100000;3,0624400000;
202100046083.0;1;63;63113;2;2;1.0;3.0;45,7772700000;3,0727500000;
202100046084.0;1;59;59599;2;1;1.0;6.0;50,7237269586;3,1722620130;
202100046085.0;5;59;59360;2;2;1.0;3.0;50,6169479189;3,0240297318;
202100046086.0;1;59;59368;2;1;1.0;6.0;50,6551400000;3,0650600000;
202100046087.0;1;57;57221;2;1;1.0;6.0;49,3286100000;6,1198900000;
202100046088.0;1;56;56260;2;2;1.0;3.0;47,6622900000; -2,7785300000;
202100046089.0;5;56;56121;2;1;1.0;6.0;47,7421500000; -3,3611300000;
202100046090.0;1;56;56121;2;2;1.0;3.0;47,7402600000; -3,3687800000;
202100046091.0;1;54;54431;2;3;1.0;3.0;48,9177200000;6,0633100000;
202100046092.0;1;51;51454;2;2;1.0;3.0;49,2353177287;4,0699014642;
202100046093.0;1;51;51454;2;1;7.0;7.0;49,2276447418;4,0246619735;
202100046094.0;1;51;51454;2;1;1.0;7.0;49,2591547535;4,0162981904;
202100046095.0;1;51;51454;2;3;1.0;3.0;49,2502238437;4,0268394078;
202100046096.0;5;50;50173;2;4;1.0;6.0;49,6517500000; -1,6670300000;
202100046097.0;3;50;50203;1;1;1.0;6.0;49,6068200000; -1,5913600000;
202100046098.0;1;49;49328;2;1;3.0;3.0;47,2599700000; -0,0887400000;
202100046099.0;1;49;49099;2;6;1.0;7.0;46,9953300000; -0,8927900000;
202100046100.0;1;49;49099;1;3;1.0;6.0;47,0663800000; -0,8816700000;
202100046101.0;1;49;49007;1;1;1.0;4.0;47,4647447026; -0,5748203316;
202100046102.0;1;38;38544;1;1;1.0;7.0;45,5033291578;4,8943018913;
202100046103.0;3;38;38151;1;1;1.0;7.0;45,1590400000;5,7022200000;
202100046104.0;1;37;37261;2;1;1.0;3.0;47,3696272716;0,6717155267;
202100046105.0;1;37;37261;2;1;1.0;6.0;47,3749989793;0,7111809688;
202100046106.0;1;35;35278;1;3;7.0;1.0;48,1400600000; -1,6997100000;
202100046107.0;1;35;35238;2;3;1.0;3.0;48,0923800000; -1,6914800000;
202100046108.0;1;35;35281;2;1;1.0;6.0;48,0925000000; -1,6947200000;
202100046109.0;1;33;33249;2;1;1.0;6.0;44,8736368824; -0,5172918101;
202100046110.0;1;33;33529;2;9;1.0;3.0;44,6140700000; -1,1174300000;
202100046111.0;1;29;29232;2;1;1.0;6.0;47,9842001372; -4,1308998808;
202100046112.0;1;28;28220;2;2;1.0;3.0;48,4284300000;1,4602600000;
202100046113.0;5;27;27681;2;3;1.0;6.0;49,0827600000;1,4776400000;
202100046114.0;1;27;27562;2;4;1.0;3.0;49,0960900000;1,4370900000;
202100046115.0;5;27;27229;2;2;1.0;1.0;49,0240422000;1,1255525000;
202100046116.0;1;25;25462;2;2;1.0;6.0;46,9002900000;6,3610100000;
202100046117.0;5;25;25388;2;1;1.0;6.0;47,4977300000;6,8066800000;
202100046118.0;1;25;25056;2;1;1.0;6.0;47,2372500000;5,9884300000;
202100046119.0;1;18;18033;2;1;1.0;1.0;47,0934900000;2,4026600000;
202100046120.0;2;15;15014;2;1;1.0;2.0;44,9284800000;2,4487600000;
202100046121.0;1;14;14118;2;4;7.0;3.0;49,1782600000; -0,3622500000;
202100046122.0;2;13;13108;1;1;1.0;3.0;43,8003900000;4,6731100000;
202100046123.0;1;13;13204;2;1;1.0;1.0;43,3033100000;5,4038000000;
202100046124.0;1;13;13214;2;1;1.0;1.0;43,3154100000;5,3882700000;
202100046125.0;5;13;13210;2;1;1.0;2.0;43,2806850000;5,4075090000;
202100046126.0;5;13;13063;2;1;1.0;6.0;43,5898000000;5,0095300000;
202100046127.0;1;13;13047;2;1;1.0;4.0;43,5231090000;4,9789350000;
202100046128.0;1;13;13005;2;6;1.0;3.0;43,2965100000;5,5828200000;
202100046129.0;1;13;13001;2;2;1.0;3.0;43,5327100000;5,4159700000;
202100046130.0;1;09;09122;2;1;1.0;3.0;42,9631390000;1,5958470000;
202100046131.0;1;06;06027;2;1;1.0;7.0;43,6655400000;7,1538900000;
202100046132.0;1;06;06027;2;2;1.0;5.0;43,6638890000;7,1523300000;
202100046133.0;1;05;05061;2;1;1.0;6.0;44,5586700000;6,0643900000;
202100046134.0;5;75;75116;2;4;1.0;2.0;48,8494580729;2,2522240877;
202100046135.0;1;75;75113;2;3;1.0;2.0;48,8230130000;2,3582470000;
202100046136.0;1;75;75105;2;1;1.0;3.0;48,8427320000;2,3619500000;
202100046137.0;1;75;75119;2;2;1.0;3.0;48,8795850000;2,3895240000;
202100046138.0;1;75;75118;2;2;1.0;3.0;48,8977990000;2,3374340000;
202100046139.0;1;75;75114;2;7;1.0;2.0;48,8230502299;2,3254914126;
202100046140.0;1;75;75112;2;1;1.0;2.0;48,8353800000;2,3798120000;
202100046141.0;1;75;75111;2;2;1.0;6.0;48,8601810000;2,3820630000;
202100046142.0;1;75;75110;2;1;1.0;3.0;48,8817120000;2,3640820000;
202100046143.0;1;94;94046;2;9;1.0;3.0;48,8043900000;2,4325200000;
202100046144.0;1;94;94041;2;1;1.0;3.0;48,8122700000;2,3740100000;
202100046145.0;1;94;94041;2;1;1.0;2.0;48,8155500000;2,3933000000;
202100046146.0;5;94;94033;2;3;1.0;3.0;48,8539800000;2,4930700000;
202100046147.0;1;94;94018;2;1;1.0;3.0;48,8231784810;2,4198211174;
202100046148.0;1;93;93073;2;1;1.0;7.0;48,9672500000;2,5677400000;
202100046149.0;1;93;93031;2;1;1.0;6.0;48,9562755119;2,2985222588;
202100046150.0;1;93;93079;2;1;1.0;6.0;48,9641139546;2,3486630269;
202100046151.0;5;93;93029;2;1;1.0;1.0;48,9192800000;2,4500600000;
202100046152.0;1;93;93027;2;1;1.0;6.0;48,9232340000;2,4057420000;
202100046153.0;5;92;92046;2;9;1.0;3.0;48,8234921339;2,2999459505;
202100046154.0;5;92;92073;2;1;1.0;7.0;48,8732752003;2,2214001417;
202100046155.0;1;92;92076;2;2;1.0;6.0;48,8444652269;2,1550463140;
202100046156.0;5;92;92036;2;1;1.0;7.0;48,9318611006;2,2977299784;
202100046157.0;1;92;92025;2;2;1.0;3.0;48,9190271678;2,2259733081;
202100046158.0;1;92;92012;2;2;1.0;7.0;48,8356100000;2,2323800000;
202100046159.0;1;92;92012;2;2;1.0;3.0;48,8392153181;2,2455400229;
202100046160.0;2;50;50167;2;1;7.0;6.0;48,7121060000; -1,4965300000;
202100046161.0;1;17;17171;1;2;7.0;3.0;45,8574490000; -0,7594760000;
202100046162.0;1;91;91001;1;1;1.0;6.0;48,3449660000;2,1808740000;
202100046163.0;1;41;41031;1;1;1.0;2.0;47,5396370000;1,4069370000;
202100046164.0;1;95;95452;1;1;1.0;1.0;49,1280090000;2,3012470000;
202100046165.0;3;22;22272;1;1;1.0;7.0;48,5504210000; -3,1111590000;
202100046166.0;1;77;77240;1;3;1.0;2.0;48,7864670000;3,2494000000;
202100046167.0;1;56;56165;1;1;1.0;6.0;47,8940680000; -2,3396700000;
202100046168.0;1;56;56078;1;1;1.0;6.0;47,8065900000; -3,4618040000;
202100046169.0;1;80;80215;1;1;1.0;2.0;50,1411010000;1,9912290000;
202100046170.0;1;69;69006;2;1;1.0;1.0;45,9670310000;4,3320420000;
202100046171.0;1;71;71263;2;1;1.0;3.0;46,6427500086;5,2094015091;
202100046172.0;1;61;61048;1;3;1.0;2.0;48,5168920000;0,4600040000;
202100046173.0;4;55;55215;2;9;1.0;7.0;48,5113400000;5,5086310000;
202100046174.0;1;68;68267;1;2;1.0;2.0;47,7669290000;7,2326730000;
202100046175.0;2;44;44187;1;1;1.0;6.0;47,2176560000; -2,0190640000;
202100046176.0;1;29;29266;1;1;1.0;6.0;48,4711150000; -3,9653560000;
202100046177.0;1;31;31574;2;3;1.0;3.0;43,4457760000;1,4210340000;
202100046178.0;5;64;64160;2;2;1.0;6.0;43,3577780000; -1,3960360000;
202100046179.0;1;10;10376;1;9;7.0;1.0;48,2032890000;4,4418030000;
202100046180.0;1;53;53243;1;2;1.0;3.0;48,1551410000; -0,8776080000;
202100046181.0;1;85;85295;2;3;1.0;1.0;46,9828180000; -1,2339050000;
202100046182.0;1;30;30006;2;3;1.0;6.0;43,6846190000;4,2102130000;
202100046183.0;3;72;72386;1;1;1.0;6.0;48,0476910000;0,2934980000;
202100046184.0;1;45;45242;1;1;1.0;6.0;47,8755050000;2,6916610000;
202100046185.0;1;971;97103;2;1;2.0;7.0;16,2717910000; -61,5667820000;
202100046186.0;1;988;98817;2;2;1.0;7.0; -22,2309110000;166,5413190000;
202100046187.0;3;971;97104;2;1;1.0;1.0;16,0231330000; -61,7461200000;
202100046188.0;1;45;45157;1;1;1.0;6.0;48,1532070000;2,3752520000;
202100046189.0;1;34;34151;2;6;7.0;6.0;43,6630870000;4,1716450000;
202100046190.0;1;71;71176;1;1;1.0;2.0;46,4628530000;4,0112210000;
202100046191.0;1;67;67067;2;1;1.0;3.0;48,7286600000;7,7168820000;
202100046192.0;1;79;79116;1;3;1.0;7.0;46,8299930000; -0,3445690000;
202100046193.0;1;14;14066;2;4;1.0;6.0;49,3295410000; -0,4339600000;
202100046194.0;1;22;22067;1;3;1.0;3.0;48,5321660000; -3,1654570000;
202100046195.0;1;22;22162;1;2;1.0;2.0;48,7790530000; -3,0721060000;
202100046196.0;1;60;60141;2;3;1.0;3.0;49,1911740000;2,4579500000;
202100046197.0;3;62;62865;1;1;1.0;7.0;50,3248410000;2,9951480000;
202100046198.0;1;59;59053;2;1;1.0;7.0;50,2974750000;3,7783960000;
202100046199.0;1;59;59011;2;4;1.0;7.0;50,5313460000;2,9384890000;
202100046200.0;1;13;13055;1;1;1.0;2.0;43,3104000000;5,4245900000;
202100046201.0;3;57;57041;1;1;1.0;2.0;49,4095021000;5,9203720000;
202100046202.0;1;91;91340;1;1;1.0;3.0;48,6000000000;2,4397700000;
202100046203.0;2;91;91661;1;1;1.0;1.0;48,6965100000;2,2271000000;
202100046204.0;1;78;78140;1;1;1.0;2.0;48,9604430000;1,9309590000;
202100046205.0;1;78;78073;1;1;1.0;7.0;48,8027660000;2,0481160000;
202100046206.0;2;78;78490;1;1;8.0;2.0;48,8004700000;1,9727300000;
202100046207.0;1;94;94073;1;1;1.0;6.0;48,7706000000;2,3857600000;
202100046208.0;1;69;69199;1;1;1.0;3.0;45,6863400000;4,8468600000;
202100046209.0;1;69;69259;2;6;1.0;3.0;45,7015300858;4,8908847570;
202100046210.0;1;972;97213;1;1;1.0;1.0;14,6622100000; -60,9946500000;
202100046211.0;5;69;69382;2;1;1.0;2.0;45,7515100000;4,8328600000;
202100046212.0;2;69;69286;2;3;2.0;3.0;45,8151400000;4,8936500000;
202100046213.0;5;91;91201;2;3;1.0;6.0;48,6825000000;2,4177000000;
202100046214.0;1;91;91114;2;1;7.0;2.0;48,6805900000;2,4934400000;
202100046215.0;1;88;88209;2;6;1.0;3.0;48,1898100000;6,4294800000;
202100046216.0;1;83;83137;2;1;1.0;6.0;43,1287390000;5,8880600000;
202100046217.0;1;83;83069;2;6;1.0;3.0;43,0819800000;6,1540200000;
202100046218.0;1;83;83069;2;1;1.0;6.0;43,1184109132;6,1296327480;
202100046219.0;1;78;78586;2;1;1.0;6.0;48,9405700000;2,1776800000;
202100046220.0;1;78;78440;2;3;1.0;6.0;48,9885300000;1,9125600000;
202100046221.0;1;77;77390;2;6;1.0;7.0;48,7947500000;2,6598400000;
202100046222.0;1;69;69256;2;2;1.0;3.0;45,7807500000;4,9233600000;
202100046223.0;1;64;64545;1;3;1.0;1.0;43,3864000000; -1,7112250000;
202100046224.0;1;62;62193;2;1;6.0;6.0;50,9616200000;1,8476000000;
202100046225.0;1;62;62193;2;1;1.0;6.0;50,9504020000;1,8908120000;
202100046226.0;1;49;49007;2;2;1.0;3.0;47,4816900000; -0,5757800000;
202100046227.0;1;35;35278;1;6;1.0;2.0;48,1425000000; -1,6632700000;
202100046228.0;5;35;35115;2;1;1.0;6.0;48,3650400000; -1,1848600000;
202100046229.0;1;30;30243;1;3;1.0;7.0;44,0857000000;4,0605800000;
202100046230.0;5;13;13210;2;1;1.0;2.0;43,2758730000;5,4231340000;
202100046231.0;1;13;13208;2;1;1.0;3.0;43,2514431547;5,3854535708;
202100046232.0;1;13;13209;2;1;1.0;2.0;43,2653970000;5,4088080000;
202100046233.0;1;13;13203;2;2;1.0;3.0;43,3207890000;5,3747290000;
202100046234.0;5;13;13204;2;1;1.0;3.0;43,3119100000;5,4040000000;
202100046235.0;1;13;13210;2;1;1.0;2.0;43,2835950000;5,4264010000;
202100046236.0;1;13;13202;2;1;1.0;3.0;43,3039300000;5,3740100000;
202100046237.0;5;13;13216;1;1;1.0;6.0;43,3567800000;5,2864400000;
202100046238.0;1;13;13028;2;6;1.0;3.0;43,1894896748;5,6286946086;
202100046239.0;1;13;13028;2;9;1.0;5.0;43,1832000000;5,6162200000;
202100046240.0;1;02;02738;2;1;1.0;7.0;49,6538500000;3,2853200000;
202100046241.0;5;75;75119;2;4;1.0;2.0;48,9002134895;2,3766555306;
202100046242.0;5;75;75119;2;2;1.0;7.0;48,8862990000;2,3963640000;
202100046243.0;1;75;75116;2;3;1.0;6.0;48,8407170000;2,2682390000;
202100046244.0;1;75;75115;2;3;1.0;7.0;48,8353990000;2,2810220000;
202100046245.0;5;75;75113;2;5;1.0;1.0;48,8276950000;2,3713560000;
202100046246.0;1;75;75102;2;2;1.0;3.0;48,8652230000;2,3514200000;
202100046247.0;1;94;94067;2;1;1.0;2.0;48,8378670000;2,4179700000;
202100046248.0;1;94;94078;2;1;1.0;3.0;48,7482880000;2,4354740000;
202100046249.0;1;94;94058;2;1;1.0;2.0;48,8510959666;2,5129723549;
202100046250.0;1;94;94041;2;1;1.0;6.0;48,8039200000;2,3843200000;
202100046251.0;1;94;94034;2;2;7.0;3.0;48,7537930000;2,3263450000;
202100046252.0;1;94;94018;2;1;1.0;7.0;48,8194900000;2,4041300000;
202100046253.0;1;93;93006;2;9;1.0;6.0;48,8603800000;2,4154300000;
202100046254.0;1;93;93031;2;1;1.0;6.0;48,9654000000;2,3001200000;
202100046255.0;1;93;93031;2;1;1.0;2.0;48,9550145018;2,3013973981;
202100046256.0;2;92;92062;2;6;1.0;3.0;48,8852200000;2,2263100000;
202100046257.0;1;39;39129;1;1;1.0;3.0;46,6633060000;5,9469410000;
202100046258.0;2;47;47145;1;1;7.0;6.0;44,1334350000;0,6717700000;
202100046259.0;1;08;08053;2;1;7.0;1.0;49,6763070000;4,9890430000;
202100046260.0;1;972;97231;2;1;1.0;6.0;14,5377530000; -61,0342130000;
202100046261.0;1;84;84037;1;1;1.0;6.0;44,0525920000;4,8046360000;
202100046262.0;1;34;34114;1;1;1.0;2.0;43,6410030000;3,5718270000;
202100046263.0;1;69;69133;2;1;1.0;1.0;45,6369120118;4,7810462654;
202100046264.0;1;19;19017;1;1;1.0;7.0;45,0123320476;1,8763649034;
202100046265.0;1;56;56122;1;1;1.0;1.0;47,9986310000; -2,3838130000;
202100046266.0;3;56;56206;1;1;1.0;1.0;47,7020650000; -2,7671380000;
202100046267.0;1;65;65025;2;1;1.0;2.0;43,0051890000; -0,0839370000;
202100046268.0;1;65;65002;1;3;1.0;1.0;43,1587840000; -0,0174670000;
202100046269.0;1;33;33423;1;1;1.0;7.0;45,1549540000; -0,7451020000;
202100046270.0;3;89;89151;1;1;1.0;7.0;48,1183838444;3,1523060869;
202100046271.0;5;29;29189;1;1;1.0;7.0;48,3755660000; -4,3800200000;
202100046272.0;1;44;44158;1;1;1.0;6.0;47,2616920000; -1,7616430000;
202100046273.0;1;44;44158;1;1;1.0;1.0;47,2859118292; -1,8118033904;
202100046274.0;1;31;31311;2;1;1.0;6.0;43,8130450000;1,5399220000;
202100046275.0;1;02;02032;1;1;1.0;7.0;49,7782190000;3,1189210000;
202100046276.0;3;03;03313;1;1;1.0;6.0;46,5804570000;2,8006120000;
202100046277.0;1;15;15108;1;3;7.0;2.0;44,8986410000;3,2268960000;
202100046278.0;3;50;50490;1;2;1.0;3.0;49,3607320000; -1,7434710000;
202100046279.0;1;50;50260;1;1;7.0;2.0;48,6872140000; -0,9803960000;
202100046280.0;1;83;83045;1;1;1.0;6.0;43,4698490000;6,0534020000;
202100046281.0;1;60;60287;1;1;1.0;6.0;49,6131450000;3,0696120000;
202100046282.0;1;45;45095;2;1;1.0;6.0;48,0710250000;2,1335690000;
202100046283.0;3;64;64362;1;1;1.0;7.0;43,3391870000; -1,0689140000;
202100046284.0;1;64;64153;1;3;1.0;3.0;43,5130940000; -0,1944010000;
202100046285.0;3;18;18081;1;1;1.0;6.0;46,9927820000;2,5795560000;
202100046286.0;1;07;07291;1;1;1.0;4.0;44,4008760000;4,4762170000;
202100046287.0;1;23;23114;1;1;1.0;7.0;46,1755210000;2,3738400000;
202100046288.0;3;37;37023;1;1;1.0;6.0;47,1712800440;1,2054414405;
202100046289.0;1;08;08284;1;1;1.0;7.0;49,9148390000;4,6478610000;
202100046290.0;2;33;33002;1;2;1.0;3.0;44,5126619807; -0,0518819690;
202100046291.0;1;95;95256;2;1;1.0;6.0;49,0482100000;2,1928770000;
202100046292.0;1;24;24454;1;1;1.0;6.0;44,9748170000;0,1232740000;
202100046293.0;3;30;30347;1;2;1.0;6.0;43,7312670000;4,2729520000;
202100046294.0;1;74;74143;1;1;2.0;6.0;45,8989390000;6,7834350000;
202100046295.0;1;06;06088;1;1;1.0;3.0;43,7005200000;7,1882560000;
202100046296.0;3;34;34022;1;1;1.0;6.0;43,6610730000;4,0011910000;
202100046297.0;1;974;97422;2;1;1.0;2.0; -21,2837860000;55,5092210000;
202100046298.0;1;971;97125;2;1;1.0;3.0;16,2578050000; -61,2724100000;
202100046299.0;3;77;77248;1;4;1.0;6.0;48,9283150000;2,7996440000;
202100046300.0;1;77;77339;1;2;1.0;3.0;48,3784310000;2,4997540000;
202100046301.0;1;95;95627;1;1;1.0;3.0;49,1399555446;2,0964854737;
202100046302.0;1;66;66008;2;4;1.0;3.0;42,5511613010;3,0174118947;
202100046303.0;1;34;34143;1;1;1.0;3.0;43,4400170000;3,6261410000;
202100046304.0;1;13;13022;1;1;1.0;1.0;43,2276940000;5,5861830000;
202100046305.0;1;13;13022;1;1;1.0;5.0;43,2150130000;5,5801110000;
202100046306.0;1;13;13022;1;3;1.0;3.0;43,2241610000;5,5830500000;
202100046307.0;1;13;13100;2;1;1.0;4.0;43,7931810000;4,8309590000;
202100046308.0;1;70;70026;2;4;1.0;3.0;47,4621390000;5,5839570000;
202100046309.0;1;68;68211;2;1;1.0;3.0;47,8719600000;7,0064260000;
202100046310.0;1;38;38468;1;2;7.0;3.0;45,3305490000;4,8258980000;
202100046311.0;1;69;69204;2;3;1.0;3.0;45,6878417711;4,7868265856;
202100046312.0;1;65;65320;2;2;1.0;1.0;43,1209730000;0,1061300000;
202100046313.0;1;40;40123;1;1;1.0;7.0;43,7970880000; -1,1372140000;
202100046314.0;1;85;85112;1;1;1.0;1.0;46,5863040000; -1,7620560000;
202100046315.0;3;44;44047;2;1;3.0;2.0;47,2138880000; -1,6988250000;
202100046316.0;1;35;35332;2;1;1.0;2.0;47,8109450000; -1,5444840000;
202100046317.0;1;13;13033;1;1;1.0;1.0;43,3800000000;5,2081900000;
202100046318.0;1;13;13026;1;1;1.0;2.0;43,3739300000;5,1813100000;
202100046319.0;5;13;13215;1;1;1.0;6.0;43,3754402615;5,3606404859;
202100046320.0;1;13;13071;1;1;1.0;3.0;43,4060700000;5,3232400000;
202100046321.0;2;69;69250;1;1;1.0;2.0;45,8201900000;4,7210460000;
202100046322.0;1;67;67482;1;1;1.0;4.0;48,5866400000;7,7167700000;
202100046323.0;1;67;67482;1;1;1.0;4.0;48,5764100000;7,7275400000;
202100046324.0;1;33;33249;1;1;1.0;6.0;44,8720730000; -0,5057570000;
202100046325.0;1;92;92064;1;1;1.0;7.0;48,8397194355;2,2195396940;
202100046326.0;2;93;93066;1;1;9.0;5.0;48,9039600000;2,3587800000;
202100046327.0;3;95;95252;1;1;1.0;2.0;48,9864156095;2,2106112080;
202100046328.0;1;95;95424;1;1;1.0;2.0;48,9907600000;2,1937600000;
202100046329.0;5;974;97411;1;1;2.0;7.0; -20,8899100000;55,4631300000;
202100046330.0;1;973;97302;2;9;1.0;3.0;4,9192500000; -52,3175500000;
202100046331.0;5;69;69387;2;2;1.0;7.0;45,7476400000;4,8373500000;
202100046332.0;5;69;69387;2;2;2.0;3.0;45,7434800000;4,8472500000;
202100046333.0;5;69;69034;2;1;1.0;7.0;45,7882800000;4,8641800000;
202100046334.0;5;69;69389;2;1;1.0;3.0;45,7823200000;4,8071700000;
202100046335.0;1;95;95424;2;4;8.0;6.0;48,9875842614;2,1897749042;
202100046336.0;5;95;95582;2;6;2.0;6.0;48,9673200000;2,2733550000;
202100046337.0;1;91;91097;2;1;1.0;3.0;48,6949360000;2,5361730000;
202100046338.0;5;85;85191;2;1;1.0;6.0;46,6838700000; -1,4299000000;
202100046339.0;1;81;81060;2;1;1.0;1.0;44,0451100000;2,1581500000;
202100046340.0;1;78;78440;2;3;1.0;3.0;48,9879500000;1,9254400000;