Num_Acc;lum;departement;commune;agglomeration;intersection;meteo;type_collision;lat;long;date
202100046341.0;1;78;78384;1;6;1.0;7.0;48,9588100000;1,9796300000;
202100046342.0;5;76;76540;2;1;1.0;7.0;49,4357400000;1,0956100000;
202100046343.0;1;74;74012;2;1;1.0;2.0;46,1932500000;6,2341500000;
202100046344.0;5;69;69266;2;1;1.0;2.0;45,7494500000;4,9144000000;
202100046345.0;1;65;65226;1;1;1.0;4.0;43,2232380000;0,0327660000;
202100046346.0;1;65;65047;2;2;1.0;3.0;43,2501700000;0,0895700000;
202100046347.0;1;64;64483;2;1;1.0;2.0;43,3995320000; -1,6390900000;
202100046348.0;1;64;64445;2;2;1.0;3.0;43,3022500000; -0,3776700000;
202100046349.0;1;64;64024;2;1;1.0;3.0;43,4645317131; -1,5336455405;
202100046350.0;1;59;59352;1;1;1.0;3.0;50,7388300000;3,1014200000;
202100046351.0;1;56;56260;2;6;1.0;2.0;47,6612100000; -2,7945800000;
202100046352.0;1;47;47031;2;3;1.0;3.0;44,1790000000;0,6220000000;
202100046353.0;5;37;37214;2;3;1.0;6.0;47,4145240123;0,6699064790;
202100046354.0;1;37;37261;2;1;1.0;2.0;47,3650490392;0,7107601532;
202100046355.0;1;15;15014;2;1;1.0;7.0;44,9324000000;2,4494000000;
202100046356.0;5;13;13210;2;1;1.0;3.0;43,2848786764;5,4213694753;
202100046357.0;1;13;13213;2;1;1.0;3.0;43,3225796938;5,4559645672;
202100046358.0;1;13;13209;2;1;1.0;3.0;43,2688796990;5,4041480954;
202100046359.0;5;13;13206;2;2;1.0;3.0;43,2839500000;5,3845200000;
202100046360.0;1;06;06069;2;3;1.0;3.0;43,6451900000;6,9413400000;
202100046361.0;5;06;06123;2;1;1.0;6.0;43,6620370000;7,1939360000;
202100046362.0;1;02;02738;2;1;1.0;2.0;49,6459000000;3,2889000000;
202100046363.0;1;75;75114;2;4;1.0;3.0;48,8246640194;2,3046140542;
202100046364.0;1;75;75105;2;2;1.0;3.0;48,8502770000;2,3445500000;
202100046365.0;5;75;75111;2;1;1.0;2.0;48,8579192999;2,3679874976;
202100046366.0;5;75;75106;2;7;2.0;7.0;48,8475085923;2,3404399505;
202100046367.0;1;75;75120;2;4;1.0;5.0;48,8653880000;2,4087100000;
202100046368.0;1;75;75120;2;3;1.0;7.0;48,8498020000;2,3991370000;
202100046369.0;5;75;75119;2;5;1.0;7.0;48,8759848782;2,3813301025;
202100046370.0;1;75;75119;2;1;1.0;3.0;48,8910790000;2,3762850000;
202100046371.0;5;75;75119;2;1;2.0;6.0;48,8832179531;2,3716319802;
202100046372.0;5;75;75117;2;5;2.0;2.0;48,8930100000;2,3274340000;
202100046373.0;1;75;75116;2;1;1.0;6.0;48,8399967787;2,2515588999;
202100046374.0;5;75;75116;2;3;1.0;6.0;48,8528720000;2,2263220000;
202100046375.0;1;75;75115;2;3;1.0;1.0;48,8529060000;2,2865710000;
202100046376.0;1;75;75115;2;1;1.0;7.0;48,8395730000;2,2912500000;
202100046377.0;1;75;75114;2;2;1.0;6.0;48,8278300000;2,3304990000;
202100046378.0;1;75;75114;2;3;2.0;4.0;48,8311400000;2,3171470000;
202100046379.0;1;75;75113;2;1;1.0;3.0;48,8279520000;2,3424400000;
202100046380.0;1;75;75112;2;1;1.0;3.0;48,8412480000;2,3884270000;
202100046381.0;1;75;75112;2;1;1.0;6.0;48,8443864143;2,3775837759;
202100046382.0;1;75;75112;2;1;1.0;6.0;48,8479470000;2,3920220000;
202100046383.0;1;75;75108;2;4;1.0;3.0;48,8726600560;2,3081980147;
202100046384.0;1;75;75108;2;7;1.0;3.0;48,8741160000;2,2958600000;
202100046385.0;1;75;75104;2;2;1.0;2.0;48,8561890000;2,3465020000;
202100046386.0;2;75;75101;2;3;1.0;3.0;48,8619880000;2,3501630000;
202100046387.0;1;75;75102;2;3;8.0;6.0;48,8693530000;2,3403310000;
202100046388.0;1;94;94067;2;1;1.0;6.0;48,8446000000;2,4201400000;
202100046389.0;1;94;94052;2;9;1.0;3.0;48,8310800000;2,4687600000;
202100046390.0;1;94;94043;2;9;1.0;3.0;48,8081500000;2,3570900000;
202100046391.0;1;94;94073;2;3;1.0;6.0;48,7681000000;2,3731800000;
202100046392.0;1;94;94019;2;1;1.0;6.0;48,8063400000;2,5541700000;
202100046393.0;1;94;94002;2;5;8.0;3.0;48,7982300000;2,4205100000;
202100046394.0;1;93;93073;2;2;1.0;3.0;48,9765134917;2,5579654381;
202100046395.0;1;93;93066;2;1;1.0;3.0;48,9383087081;2,3532919981;
202100046396.0;1;93;93077;2;3;1.0;6.0;48,8912437218;2,5077495526;
202100046397.0;1;93;93055;2;1;1.0;3.0;48,8915700000;2,4049800000;
202100046398.0;1;93;93050;2;2;1.0;3.0;48,8568900000;2,5307500000;
202100046399.0;5;93;93046;2;1;1.0;2.0;48,9078400000;2,5311600000;
202100046400.0;1;93;93010;2;2;1.0;6.0;48,9040270000;2,4705460000;
202100046401.0;1;93;93005;2;1;1.0;2.0;48,9562157775;2,5019477905;
202100046402.0;5;93;93005;2;3;2.0;3.0;48,9462040641;2,4933637549;
202100046403.0;1;92;92051;2;1;1.0;6.0;48,8818900000;2,2687200000;
202100046404.0;1;92;92051;2;1;1.0;3.0;48,8876933691;2,2822889686;
202100046405.0;1;92;92044;2;2;1.0;3.0;48,8969698907;2,2819456458;
202100046406.0;2;92;92040;2;1;1.0;3.0;48,8168600000;2,2605100000;
202100046407.0;1;92;92002;2;3;4.0;3.0;48,7336600000;2,3077400000;
202100046408.0;1;26;26301;2;1;1.0;6.0;45,1204090000;4,9843810000;
202100046409.0;4;22;22190;2;1;1.0;7.0;48,5272820000; -2,0861480000;
202100046410.0;1;45;45178;1;1;1.0;6.0;48,0014630000;2,5518700000;
202100046411.0;1;17;17298;1;1;1.0;7.0;45,6478280000; -0,7050350000;
202100046412.0;1;34;34343;1;1;1.0;7.0;43,7272740000;3,6670950000;
202100046413.0;1;31;31547;1;1;9.0;3.0;43,5042740000;1,2482890000;
202100046414.0;1;81;81284;1;1;2.0;3.0;43,9150078773;2,1222646505;
202100046415.0;5;972;97217;2;1;1.0;3.0;14,4634750000; -60,8859010000;
202100046416.0;1;63;63206;1;1;1.0;6.0;45,9693850000;2,9780940000;
202100046417.0;1;01;01173;1;1;1.0;3.0;46,3514020000;6,0578560000;
202100046418.0;3;35;35097;1;1;1.0;6.0;48,0356150000; -1,2012000000;
202100046419.0;2;91;91666;2;1;1.0;1.0;48,6697340000;2,1957800000;
202100046420.0;1;42;42271;2;1;1.0;7.0;45,4953910000;4,5663640000;
202100046421.0;1;22;22051;1;2;1.0;3.0;48,3925406129; -2,3413884828;
202100046422.0;1;51;51574;1;1;1.0;7.0;48,8589550000;4,4308810000;
202100046423.0;1;59;59485;2;1;1.0;1.0;50,1641510000;3,4337960000;
202100046424.0;1;67;67183;1;1;1.0;1.0;48,9358670000;7,0211520000;
202100046425.0;2;2B;2B050;1;1;1.0;5.0;42,5593080000;8,7988260000;
202100046426.0;3;82;82042;1;1;1.0;6.0;44,2500720000;1,1963940000;
202100046427.0;1;71;71482;1;1;1.0;6.0;46,8536910000;4,3527960000;
202100046428.0;1;71;71284;1;1;1.0;7.0;46,5218370113;4,8014551188;
202100046429.0;1;71;71584;2;5;1.0;7.0;46,4439318507;4,8554296419;
202100046430.0;3;89;89264;1;1;1.0;7.0;48,1687900000;2,9887320000;
202100046431.0;1;63;63215;1;1;1.0;1.0;45,9522310000;3,2027400000;
202100046432.0;1;63;63368;1;1;1.0;3.0;45,6998727392;3,3351786732;
202100046433.0;1;49;49331;2;9;1.0;1.0;47,6861240000; -0,8705970000;
202100046434.0;1;42;42139;1;1;1.0;1.0;45,2787970000;4,3870960000;
202100046435.0;1;46;46240;1;1;1.0;6.0;44,7996520000;1,6203870000;
202100046436.0;1;86;86073;1;2;1.0;3.0;46,6762980000;0,0096190000;
202100046437.0;3;39;39046;1;1;1.0;6.0;46,3206000000;5,8980380000;
202100046438.0;1;39;39572;1;1;1.0;7.0;46,9327630000;5,7501630000;
202100046439.0;1;39;39171;2;1;1.0;1.0;46,6679150000;5,4579170000;
202100046440.0;3;44;44043;1;1;1.0;6.0;47,0974730000; -1,2708317000;
202100046441.0;1;44;44107;1;2;1.0;1.0;47,4304570000; -1,3339540000;
202100046442.0;1;29;29266;1;1;1.0;6.0;48,5177770000; -3,9255850000;
202100046443.0;1;29;29267;1;1;1.0;6.0;48,1650090000; -3,9066500000;
202100046444.0;1;38;38287;2;3;1.0;1.0;45,4248110000;5,4847690000;
202100046445.0;1;03;03167;1;1;1.0;6.0;46,2413350000;2,5372200000;
202100046446.0;1;72;72294;2;1;1.0;6.0;48,3510810000; -0,0779620000;
202100046447.0;1;72;72175;1;1;1.0;7.0;47,7304700000;0,0582040000;
202100046448.0;1;45;45272;2;1;1.0;4.0;47,8118470000;1,9526430000;
202100046449.0;1;45;45193;2;2;1.0;3.0;47,7645520000;2,0210710000;
202100046450.0;1;64;64490;2;1;1.0;7.0;43,2360490000; -1,3031140000;
202100046451.0;1;10;10323;2;9;1.0;6.0;48,5178300000;3,7280020000;
202100046452.0;1;16;16200;2;3;1.0;3.0;45,8635480000;0,1821330000;
202100046453.0;3;21;21567;1;1;1.0;7.0;47,1065440000;4,4910480000;
202100046454.0;1;24;24352;2;3;1.0;3.0;45,2377850000;0,3484730000;
202100046455.0;3;27;27167;1;1;1.0;6.0;49,3171990000;0,5961210000;
202100046456.0;1;17;17316;1;1;1.0;7.0;45,4437980000; -0,2893250000;
202100046457.0;1;68;68278;1;1;1.0;2.0;47,7447340000;7,4211680000;
202100046458.0;1;95;95580;1;1;1.0;3.0;49,0871340000;2,5412110000;
202100046459.0;3;11;11144;1;1;1.0;1.0;42,8818547923;2,9927693357;
202100046460.0;1;973;97305;1;1;1.0;2.0;4,9191360000; -52,3819010000;
202100046461.0;3;971;97117;1;3;1.0;1.0;16,3126330000; -61,3654020000;
202100046462.0;1;66;66099;1;1;1.0;1.0;42,5483540000;2,7530840000;
202100046463.0;1;83;83138;1;1;1.0;5.0;43,5996620000;6,6989940000;
202100046464.0;3;06;06077;1;1;5.0;7.0;43,8953570000;7,3422010000;
202100046465.0;3;25;25540;1;1;1.0;6.0;47,5433000000;6,7066190000;
202100046466.0;1;57;57499;2;1;1.0;7.0;49,0766700000;7,0609470000;
202100046467.0;5;74;74201;1;1;1.0;7.0;46,1167810000;6,0969670000;
202100046468.0;2;42;42037;1;1;1.0;6.0;45,6665760000;4,0735570000;
202100046469.0;3;38;38556;1;1;1.0;6.0;45,3828129930;4,8453998566;
202100046470.0;1;01;01142;2;1;1.0;2.0;45,8508180000;5,0759770000;
202100046471.0;1;69;69028;1;1;1.0;2.0;45,7293750955;4,7031059318;
202100046472.0;1;16;16415;1;1;1.0;6.0;45,7281580000;0,1103140000;
202100046473.0;1;33;33038;2;1;1.0;6.0;45,3565760000; -0,8934280000;
202100046474.0;3;14;14160;1;1;8.0;6.0;49,0625630000; -0,2913520000;
202100046475.0;1;33;33397;1;1;1.0;3.0;44,8939710000; -0,4985950000;
202100046476.0;2;33;33063;1;1;1.0;5.0;44,8870360000; -0,5709670000;
202100046477.0;1;78;78402;1;1;8.0;4.0;48,9640850000;1,7754740000;
202100046478.0;3;78;78524;1;1;3.0;2.0;48,8416250000;2,1045610000;
202100046479.0;1;78;78545;1;1;1.0;2.0;48,8159100000;2,0622470000;
202100046480.0;1;95;95488;1;1;1.0;4.0;49,0108500000;2,1540000000;
202100046481.0;1;95;95042;1;1;1.0;4.0;49,0589900000;2,3035600000;
202100046482.0;1;95;95678;1;1;1.0;6.0;49,0642631784;2,2138264282;
202100046483.0;1;93;93066;1;1;1.0;6.0;48,9186405346;2,3576148273;
202100046484.0;1;77;77373;1;1;1.0;7.0;48,7816000000;2,6159400000;
202100046485.0;1;91;91312;2;1;1.0;7.0;48,7374800000;2,2256000000;
202100046486.0;1;974;97411;2;1;1.0;6.0; -20,8996900000;55,4801300000;
202100046487.0;1;69;69388;2;1;1.0;6.0;45,7324200916;4,8653776646;
202100046488.0;3;972;97209;2;1;1.0;6.0;14,6123500000; -61,0401300000;
202100046489.0;1;69;69389;2;1;2.0;6.0;45,7636200000;4,7966700000;
202100046490.0;1;971;97120;2;1;2.0;2.0;16,2416160836; -61,5312051773;
202100046491.0;1;95;95427;2;2;1.0;3.0;48,9738064200;2,3491537571;
202100046492.0;1;91;91103;2;3;1.0;1.0;48,6150000000;2,3040000000;
202100046493.0;1;91;91692;2;2;1.0;3.0;48,6799500000;2,1630600000;
202100046494.0;1;91;91174;2;1;1.0;4.0;48,6114500000;2,4614200000;
202100046495.0;1;87;87085;2;1;1.0;7.0;45,8400000000;1,2841500000;
202100046496.0;1;30;30011;2;6;1.0;6.0;43,9600500000;4,7505000000;
202100046497.0;1;83;83126;2;6;1.0;3.0;43,1148364518;5,8720046282;
202100046498.0;1;83;83069;2;1;1.0;6.0;43,1135900000;6,1234700000;
202100046499.0;1;83;83069;2;1;1.0;3.0;43,0950000000;6,1368200000;
202100046500.0;1;77;77487;1;2;1.0;3.0;48,5364000000;2,7034100000;
202100046501.0;1;74;74012;2;1;1.0;6.0;46,1972600000;6,2524400000;
202100046502.0;1;74;74010;2;1;1.0;6.0;45,8931000000;6,1207000000;
202100046503.0;1;71;71270;1;3;1.0;3.0;46,3721900000;4,8339000000;
202100046504.0;1;66;66136;2;1;1.0;6.0;42,7015400000;2,8915600000;
202100046505.0;1;64;64545;1;1;1.0;5.0;43,3687300000; -1,6846200000;
202100046506.0;1;64;64483;2;3;1.0;5.0;43,3924180000; -1,6530820000;
202100046507.0;1;64;64284;2;1;1.0;3.0;43,2816000000; -0,3873900000;
202100046508.0;1;64;64024;2;6;1.0;7.0;43,4803900000; -1,5093000000;
202100046509.0;5;64;64102;2;3;1.0;3.0;43,4851885246; -1,4940104130;
202100046510.0;5;63;63113;2;2;1.0;3.0;45,7735600000;3,0900200000;
202100046511.0;1;63;63113;2;3;1.0;3.0;45,7588200000;3,0812600000;
202100046512.0;1;63;63113;2;2;1.0;3.0;45,7823100000;3,0728800000;
202100046513.0;1;63;63113;2;3;1.0;3.0;45,7701200000;3,0761900000;
202100046514.0;1;63;63113;2;1;1.0;1.0;45,7787500000;3,1072200000;
202100046515.0;1;59;59599;2;6;1.0;6.0;50,7270925322;3,1668197637;
202100046516.0;1;59;59350;2;2;1.0;3.0;50,6326523472;3,0521677985;
202100046517.0;1;54;54025;2;1;1.0;6.0;48,6665403825;6,2448098883;
202100046518.0;1;54;54498;2;1;1.0;6.0;48,7143000000;6,2522000000;
202100046519.0;1;54;54395;2;1;1.0;6.0;48,6834000000;6,1813300000;
202100046520.0;1;54;54274;2;3;1.0;2.0;48,6716191507;6,2054400504;
202100046521.0;1;54;54304;2;2;1.0;3.0;48,6793390000;6,1423990000;
202100046522.0;1;51;51454;2;6;1.0;3.0;49,2423332049;4,0247083399;
202100046523.0;1;51;51454;2;2;1.0;3.0;49,2323926503;4,0183573356;
202100046524.0;2;50;50602;2;2;1.0;3.0;49,6415500000; -1,5802000000;
202100046525.0;1;49;49007;2;2;1.0;3.0;47,4462300000; -0,5695000000;
202100046526.0;1;49;49007;2;4;1.0;2.0;47,4690100000; -0,5996400000;
202100046527.0;5;49;49007;2;1;1.0;7.0;47,4705800000; -0,5615000000;
202100046528.0;1;37;37261;2;2;1.0;3.0;47,3860975290;0,6766601752;
202100046529.0;1;37;37261;2;1;7.0;6.0;47,4187000000;0,6920000000;
202100046530.0;1;35;35238;2;1;8.0;6.0;48,0823500000; -1,6800500000;
202100046531.0;1;34;34172;2;3;1.0;3.0;43,5992519682;3,8470293581;
202100046532.0;1;33;33063;2;3;1.0;4.0;44,8500637361; -0,5440602412;
202100046533.0;1;31;31555;2;2;1.0;3.0;43,6059500000;1,4282300000;
202100046534.0;1;31;31555;2;3;1.0;3.0;43,5619400000;1,3908500000;
202100046535.0;2;30;30189;2;9;8.0;3.0;43,8299400000;4,3708100000;
202100046536.0;1;25;25462;2;1;1.0;2.0;46,8978900000;6,3596500000;
202100046537.0;1;17;17306;2;1;1.0;1.0;45,6312600000; -1,0005600000;
202100046538.0;1;15;15014;2;1;1.0;2.0;44,9077500000;2,4212200000;
202100046539.0;1;13;13054;2;3;8.0;3.0;43,4203500000;5,2195200000;
202100046540.0;5;13;13209;2;1;1.0;2.0;43,2644600000;5,3955500000;
202100046541.0;1;13;13210;2;1;1.0;3.0;43,2732303377;5,4202821621;
202100046542.0;1;13;13212;2;1;1.0;2.0;43,3044700000;5,4143600000;
202100046543.0;1;13;13201;2;2;1.0;4.0;43,2990500000;5,3866300000;
202100046544.0;5;13;13202;2;2;1.0;3.0;43,3053200000;5,3693100000;
202100046545.0;1;13;13201;2;1;1.0;6.0;43,3028834893;5,3793700651;
202100046546.0;1;09;09225;2;1;1.0;2.0;43,1026900000;1,6308300000;
202100046547.0;1;06;06088;2;1;1.0;6.0;43,6797500000;7,2213300000;
202100046548.0;1;06;06027;2;3;1.0;6.0;43,6562100000;7,1550000000;
202100046549.0;1;13;13211;1;1;1.0;4.0;43,2864100000;5,5084100000;
202100046550.0;1;13;13019;1;1;1.0;5.0;43,4205800000;5,3684780000;
202100046551.0;1;13;13071;1;1;1.0;5.0;43,3883600000;5,3049900000;
202100046552.0;5;69;69382;1;1;1.0;4.0;45,7412400000;4,8242800000;
202100046553.0;1;01;01043;1;1;1.0;5.0;45,8202800000;4,9924000000;
202100046554.0;4;33;33550;1;1;2.0;6.0;44,7788270000; -0,5574640000;
202100046555.0;1;33;33013;1;1;1.0;2.0;44,8662510000; -0,4859700000;
202100046556.0;1;78;78423;1;9;1.0;6.0;48,7944480000;2,0411640000;
202100046557.0;3;78;78640;1;1;1.0;6.0;48,7760800000;2,2225200000;
202100046558.0;1;94;94042;1;1;1.0;4.0;48,8280100000;2,4730900000;
202100046559.0;1;13;13204;2;1;1.0;6.0;43,3142420023;5,4061907530;
202100046560.0;2;976;97611;2;6;1.0;1.0; -12,8009700000;45,2060700000;
202100046561.0;1;974;97416;1;1;7.0;3.0; -21,3166400000;55,4421100000;
202100046562.0;2;973;97302;1;1;1.0;3.0;4,8993100000; -52,3265300000;
202100046563.0;1;973;97302;2;1;1.0;3.0;4,9188200000; -52,3145000000;
202100046564.0;1;69;69259;2;1;1.0;2.0;45,6964700000;4,8701800000;
202100046565.0;2;69;69383;2;1;1.0;6.0;45,7507697196;4,8810478449;
202100046566.0;1;972;97213;1;1;1.0;6.0;14,6264300000; -61,0134000000;
202100046567.0;1;972;97209;2;1;1.0;4.0;14,6322266762; -61,0597229013;
202100046568.0;1;69;69381;2;9;1.0;1.0;45,7681600000;4,8317700000;
202100046569.0;3;69;69244;2;1;1.0;7.0;45,7720679819;4,7902965546;
202100046570.0;1;2A;2A004;2;1;1.0;3.0;41,9138300000;8,7251400000;
202100046571.0;1;95;95427;2;1;1.0;6.0;48,9584700000;2,3331520000;
202100046572.0;1;91;91433;1;1;1.0;2.0;48,4613600000;2,1791100000;
202100046573.0;1;90;90076;1;1;1.0;1.0;47,6330100000;6,9020900000;
202100046574.0;1;87;87085;2;3;2.0;3.0;45,8175800000;1,2742800000;
202100046575.0;1;87;87048;2;1;1.0;2.0;45,7922400000;1,2339600000;
202100046576.0;2;84;84087;1;9;1.0;1.0;44,1201200000;4,8454600000;
202100046577.0;1;81;81004;2;6;1.0;6.0;43,9218200000;2,1492800000;
202100046578.0;1;80;80021;2;1;1.0;6.0;49,8962977265;2,2962605953;
202100046579.0;1;80;80021;1;1;1.0;2.0;49,8971823554;2,3006916046;
202100046580.0;1;80;80021;2;1;1.0;3.0;49,8871500000;2,2834100000;
202100046581.0;1;80;80021;2;1;1.0;3.0;49,9078200000;2,2650500000;
202100046582.0;1;80;80021;2;1;1.0;6.0;49,8977094699;2,2953646126;
202100046583.0;1;78;78015;2;1;1.0;6.0;48,9821030000;2,0615410000;
202100046584.0;1;77;77350;2;1;1.0;6.0;48,7584130000;2,7004370000;
202100046585.0;1;74;74012;2;1;1.0;2.0;46,1955700000;6,2515400000;
202100046586.0;1;73;73065;2;3;1.0;3.0;45,5663850000;5,9379980000;
202100046587.0;1;69;69266;2;1;1.0;4.0;45,7684400000;4,9053000000;
202100046588.0;1;69;69115;2;6;1.0;3.0;45,9790400000;4,7303200000;
202100046589.0;1;67;67218;2;1;1.0;3.0;48,5361800000;7,7324000000;
202100046590.0;1;65;65440;2;3;1.0;3.0;43,2256690000;0,0822630000;
202100046591.0;1;64;64445;2;2;1.0;3.0;43,3009100000; -0,3617400000;
202100046592.0;1;64;64445;2;2;1.0;3.0;43,3208300000; -0,3790600000;
202100046593.0;1;64;64102;2;1;1.0;2.0;43,5026400000; -1,4839500000;
202100046594.0;5;62;62498;2;2;6.0;3.0;50,4273260000;2,8150370000;
202100046595.0;1;62;62119;2;6;1.0;3.0;50,5229800000;2,6275780000;
202100046596.0;1;59;59291;2;1;1.0;3.0;50,2545620000;3,9079260000;
202100046597.0;1;50;50147;2;1;1.0;3.0;49,0516400000; -1,4524900000;
202100046598.0;1;50;50129;2;3;1.0;3.0;49,6306200000; -1,6042400000;
202100046599.0;1;49;49007;2;1;1.0;6.0;47,4893900000; -0,5269100000;
202100046600.0;1;47;47323;2;1;1.0;6.0;44,4100000000;0,7130000000;
202100046601.0;1;45;45232;2;1;1.0;6.0;47,8397080000;1,9136420000;
202100046602.0;1;44;44184;2;1;1.0;6.0;47,2705270000; -2,2332140000;
202100046603.0;1;42;42237;1;1;1.0;6.0;45,4458340764;4,4655157984;
202100046604.0;3;42;42305;2;1;1.0;5.0;45,4680116132;4,4119519852;
202100046605.0;1;42;42218;2;1;1.0;6.0;45,4294959078;4,4229336865;
202100046606.0;1;38;38421;2;2;1.0;3.0;45,1790000000;5,7553200000;
202100046607.0;2;38;38185;2;2;1.0;3.0;45,1802100000;5,7167200000;
202100046608.0;5;34;34198;2;1;1.0;6.0;43,5583866152;3,9549436096;
202100046609.0;1;33;33550;2;1;1.0;4.0;44,7795341940; -0,5661924948;
202100046610.0;1;33;33550;2;1;2.0;2.0;44,7858900000; -0,5814500000;
202100046611.0;1;33;33063;2;7;1.0;1.0;44,8352000000; -0,5787900000;
202100046612.0;1;31;31555;2;1;1.0;3.0;43,6178800000;1,4553400000;
202100046613.0;5;29;29019;2;2;2.0;3.0;48,4073900000; -4,4850700000;
202100046614.0;1;29;29019;2;3;1.0;6.0;48,3824500000; -4,5043000000;
202100046615.0;1;27;27681;2;3;1.0;6.0;49,0887602155;1,4662368453;
202100046616.0;1;27;27299;2;3;1.0;3.0;49,0504000000;1,1646000000;
202100046617.0;1;17;17300;2;3;1.0;3.0;46,1618660000; -1,1535190000;
202100046618.0;1;14;14101;2;1;1.0;6.0;49,1668100000; -0,4289200000;
202100046619.0;5;13;13215;2;3;1.0;3.0;43,3832800000;5,3583800000;
202100046620.0;1;13;13208;2;1;1.0;3.0;43,2814825216;5,3909521518;
202100046621.0;1;13;13211;2;3;1.0;3.0;43,2963383281;5,4859979817;
202100046622.0;1;13;13002;1;1;1.0;1.0;43,3846154485;5,5531306125;
202100046623.0;1;10;10357;2;2;1.0;3.0;48,2976400000;4,1324000000;
202100046624.0;1;10;10333;2;1;1.0;6.0;48,2740300000;4,0583600000;
202100046625.0;1;09;09225;2;1;1.0;2.0;43,1201600000;1,6111500000;
202100046626.0;1;07;07281;2;1;1.0;2.0;44,9440400000;4,8573200000;
202100046627.0;1;06;06088;2;1;1.0;7.0;43,6938260000;7,2389890000;
202100046628.0;1;06;06088;2;1;1.0;2.0;43,7211200000;7,2753190000;
202100046629.0;1;75;75115;2;1;1.0;4.0;48,8353160000;2,2694900000;
202100046630.0;1;75;75112;2;1;1.0;2.0;48,8271410000;2,3910300000;
202100046631.0;1;75;75115;2;1;1.0;2.0;48,8347620000;2,2654180000;
202100046632.0;1;75;75111;2;1;1.0;3.0;48,8537000000;2,3869870000;
202100046633.0;5;75;75120;2;2;1.0;3.0;48,8646830000;2,4041540000;
202100046634.0;1;75;75120;2;1;2.0;5.0;48,8631680000;2,3885670000;
202100046635.0;3;75;75119;2;4;1.0;6.0;48,8849240000;2,3862050000;
202100046636.0;5;75;75119;2;2;1.0;3.0;48,8859230000;2,3822060000;
202100046637.0;1;75;75116;2;2;2.0;3.0;48,8726870000;2,2845570000;
202100046638.0;2;75;75115;2;2;2.0;7.0;48,8428740000;2,3123790000;
202100046639.0;1;75;75114;2;4;1.0;2.0;48,8291060000;2,3263520000;
202100046640.0;1;75;75113;2;1;2.0;6.0;48,8311420000;2,3609860000;
202100046641.0;1;75;75111;2;4;1.0;3.0;48,8664800000;2,3681460000;
202100046642.0;1;75;75111;2;1;8.0;6.0;48,8540930000;2,3863320000;
202100046643.0;5;75;75111;2;2;1.0;2.0;48,8558040000;2,3684920000;
202100046644.0;1;75;75110;2;1;1.0;6.0;48,8788100000;2,3637980000;
202100046645.0;1;75;75110;2;1;2.0;3.0;48,8731560000;2,3621900000;
202100046646.0;1;75;75110;2;1;2.0;3.0;48,8717970000;2,3762470000;
202100046647.0;1;75;75109;2;3;1.0;3.0;48,8797250000;2,3328060000;
202100046648.0;1;75;75104;2;3;1.0;3.0;48,8539480000;2,3647290000;
202100046649.0;1;94;94068;2;1;1.0;3.0;48,7981000000;2,5091100000;
202100046650.0;1;94;94043;2;1;1.0;6.0;48,8149300000;2,3607400000;
202100046651.0;1;94;94041;2;6;1.0;2.0;48,8052200000;2,3890500000;
202100046652.0;1;94;94073;2;1;2.0;6.0;48,7626500000;2,3936200000;
202100046653.0;1;94;94017;2;1;1.0;1.0;48,8090000000;2,5190000000;
202100046654.0;1;94;94075;2;1;1.0;3.0;48,7085510000;2,5294890000;
202100046655.0;5;94;94002;2;1;1.0;6.0;48,8141800000;2,4154300000;
202100046656.0;1;93;93071;2;1;1.0;6.0;48,9432964025;2,5330639564;
202100046657.0;1;93;93070;2;1;1.0;5.0;48,9009624375;2,3259185424;
202100046658.0;1;93;93062;2;1;1.0;2.0;48,9010900000;2,5118200000;
202100046659.0;1;93;93055;2;1;2.0;6.0;48,9002948374;2,4105066061;
202100046660.0;1;93;93055;2;9;7.0;6.0;48,8953757314;2,4055257781;
202100046661.0;1;93;93053;2;9;2.0;6.0;48,8882212862;2,4591886997;
202100046662.0;5;93;93051;2;1;1.0;6.0;48,8413800000;2,5791300000;
202100046663.0;1;93;93032;2;1;2.0;6.0;48,8851600000;2,5475200000;
202100046664.0;1;93;93079;2;1;1.0;3.0;48,9675000000;2,3459200000;
202100046665.0;1;92;92078;2;1;1.0;5.0;48,9252447364;2,3260679841;
202100046666.0;1;92;92036;2;3;1.0;3.0;48,9296271652;2,3093537986;
202100046667.0;5;92;92036;2;1;1.0;3.0;48,9377120000;2,2773210000;
202100046668.0;2;92;92007;2;1;1.0;6.0;48,7906740904;2,2998748720;
202100046669.0;4;44;44077;2;1;1.0;6.0;47,5175180000; -1,4745690000;