Num_Acc;lum;departement;commune;agglomeration;intersection;meteo;type_collision;lat;long;date
202100046670.0;1;24;24449;1;1;1.0;6.0;44,9985530000;0,2228160000;
202100046671.0;1;60;60107;1;1;2.0;6.0;49,3801450000;2,4360570000;
202100046672.0;1;68;68250;2;2;1.0;3.0;47,9376470000;7,2324000000;
202100046673.0;1;44;44024;2;4;1.0;3.0;47,1691570000; -1,7201920000;
202100046674.0;1;74;74026;2;1;1.0;7.0;45,9584940000;6,0414040000;
202100046675.0;1;21;21485;2;4;1.0;6.0;47,3371580000;4,9693270000;
202100046676.0;1;83;83097;1;1;1.0;3.0;43,4963220000;5,7291900000;
202100046677.0;2;30;30117;1;1;8.0;1.0;43,6976970000;4,5853330000;
202100046678.0;1;56;56189;1;1;5.0;2.0;47,9551470000; -2,7215020000;
202100046679.0;1;76;76159;1;1;3.0;7.0;49,7833837276;0,6481970846;
202100046680.0;1;79;79290;2;1;1.0;7.0;46,4382860000; -0,5964700000;
202100046681.0;3;2A;2A006;1;1;1.0;6.0;41,9876502024;8,7220765850;
202100046682.0;3;2B;2B236;1;1;1.0;6.0;42,0527660000;9,2954210000;
202100046683.0;1;2B;2B341;1;1;1.0;;42,2238460000;9,1796780000;
202100046684.0;1;32;32053;1;1;1.0;7.0;43,3890200000;0,6070380000;
202100046685.0;1;11;11257;1;1;1.0;3.0;43,1511130000;2,4747240000;
202100046686.0;1;41;41235;1;2;1.0;5.0;47,9125020000;0,8378150000;
202100046687.0;1;39;39408;1;1;1.0;3.0;46,5894460000;5,7119070000;
202100046688.0;1;73;73188;2;3;1.0;3.0;45,6268390000;6,3420080000;
202100046689.0;3;40;40317;2;1;1.0;6.0;43,6880930000; -1,3408900000;
202100046690.0;3;17;17243;1;1;1.0;6.0;45,2521270000; -0,2711820000;
202100046691.0;1;48;48155;2;1;1.0;6.0;44,2191160000;3,8088440000;
202100046692.0;1;52;52354;1;1;1.0;6.0;47,7881910000;5,3627230000;
202100046693.0;1;08;08491;2;1;1.0;6.0;49,7372750000;4,8550570000;
202100046694.0;1;35;35275;1;1;1.0;6.0;48,1618990000; -1,8557560000;
202100046695.0;1;13;13037;1;1;1.0;1.0;43,5387030000;5,2015760000;
202100046696.0;1;34;34327;1;1;1.0;3.0;43,6541490000;3,9899360000;
202100046697.0;1;34;34199;2;1;1.0;3.0;43,4671350000;3,4296980000;
202100046698.0;1;13;13107;2;1;1.0;3.0;43,4447330000;5,4405710000;
202100046699.0;1;52;52449;1;1;1.0;6.0;47,8357950000;5,3223290000;
202100046700.0;1;54;54305;1;1;1.0;4.0;48,7426717382;6,1853162744;
202100046701.0;1;26;26064;1;1;8.0;6.0;44,9074410000;5,0172760000;
202100046702.0;1;17;17336;1;2;1.0;1.0;45,7917320000; -0,7275030000;
202100046703.0;3;27;27474;1;1;1.0;6.0;49,3027400000;1,2381720000;
202100046704.0;1;27;27022;2;1;1.0;7.0;49,1701410000;1,3473760000;
202100046705.0;1;59;59357;1;9;1.0;7.0;50,2963030000;3,8433270000;
202100046706.0;1;13;13055;1;1;1.0;4.0;43,3050959432;5,4255037307;
202100046707.0;1;13;13210;1;1;1.0;4.0;43,2849900000;5,4282600000;
202100046708.0;1;13;13071;1;1;1.0;6.0;43,3962430000;5,2988550000;
202100046709.0;1;13;13071;1;1;1.0;2.0;43,3793900000;5,3171000000;
202100046710.0;1;13;13211;1;1;1.0;4.0;43,2880000000;5,5011600000;
202100046711.0;1;13;13055;1;1;1.0;2.0;43,3299000000;5,4031000000;
202100046712.0;1;33;33281;1;1;1.0;2.0;44,8486970000; -0,6688910000;
202100046713.0;1;33;33162;1;1;1.0;4.0;44,8635600000; -0,6552840000;
202100046714.0;1;78;78217;1;1;1.0;2.0;48,9632060000;1,8373680000;
202100046715.0;2;93;93078;1;1;2.0;5.0;48,9637000000;2,5509000000;
202100046716.0;1;77;77294;1;1;1.0;2.0;48,9725900000;2,5756600000;
202100046717.0;1;94;94017;1;1;2.0;3.0;48,8264762717;2,5200291693;
202100046718.0;1;94;94033;1;1;1.0;6.0;48,8491700000;2,4904700000;
202100046719.0;1;94;94017;1;1;1.0;2.0;48,8267111767;2,5225882774;
202100046720.0;1;92;92025;2;2;1.0;6.0;48,9237840543;2,2595961392;
202100046721.0;1;25;25056;2;6;1.0;6.0;47,2179500000;5,9644300000;
202100046722.0;1;976;97611;2;1;1.0;2.0; -12,7880000000;45,2196600000;
202100046723.0;5;974;97407;2;1;1.0;7.0; -20,9346780202;55,2960067415;
202100046724.0;1;973;97302;2;1;1.0;6.0;4,8970192500; -52,3288035278;
202100046725.0;1;69;69387;2;1;1.0;6.0;45,7508800000;4,8555500000;
202100046726.0;1;69;69199;2;3;1.0;3.0;45,7055600000;4,8563000000;
202100046727.0;1;69;69386;2;3;1.0;3.0;45,7700800000;4,8591500000;
202100046728.0;1;972;97213;2;1;1.0;7.0;14,6180500000; -61,0013900000;
202100046729.0;1;69;69385;2;2;1.0;3.0;45,7516662059;4,8216889501;
202100046730.0;1;69;69389;2;3;1.0;3.0;45,7634000000;4,8005100000;
202100046731.0;5;95;95063;2;1;1.0;3.0;48,9233337997;2,2079441103;
202100046732.0;1;91;91425;2;9;1.0;3.0;48,6399100000;2,2680700000;
202100046733.0;1;91;91421;1;1;1.0;5.0;48,7066900000;2,4431200000;
202100046734.0;1;91;91691;2;3;1.0;3.0;48,7149000000;2,4929000000;
202100046735.0;1;91;91027;2;3;7.0;6.0;48,7107850000;2,3883830000;
202100046736.0;1;91;91432;2;3;1.0;3.0;48,6959030000;2,3346160000;
202100046737.0;1;91;91433;1;9;1.0;2.0;48,4621300000;2,1797500000;
202100046738.0;1;87;87085;2;1;1.0;6.0;45,8439200000;1,2861000000;
202100046739.0;1;85;85191;2;2;1.0;3.0;46,6713700000; -1,4211700000;
202100046740.0;1;85;85191;1;1;1.0;4.0;46,6846100000; -1,3849500000;
202100046741.0;1;76;76540;2;1;1.0;6.0;49,4296000000;1,0717000000;
202100046742.0;1;76;76108;2;1;2.0;7.0;49,4652310612;1,1127137750;
202100046743.0;1;76;76540;2;1;2.0;1.0;49,4603340000;1,1331140000;
202100046744.0;1;72;72181;2;1;1.0;3.0;48,0143700000;0,1586400000;
202100046745.0;1;70;70550;2;1;1.0;6.0;47,6239400000;6,1595000000;
202100046746.0;1;70;70550;2;2;1.0;3.0;47,6179500000;6,1581000000;
202100046747.0;5;69;69275;2;8;1.0;6.0;45,7699851862;4,9527901411;
202100046748.0;1;69;69264;2;3;1.0;3.0;45,9946951520;4,7393156290;
202100046749.0;5;64;64445;2;3;1.0;3.0;43,2983100000; -0,3713200000;
202100046750.0;2;62;62617;2;6;1.0;7.0;50,4776400000;2,6778900000;
202100046751.0;1;59;59368;2;2;7.0;6.0;50,6491900000;3,0787400000;
202100046752.0;1;59;59155;2;9;1.0;6.0;51,0187300000;2,3793700000;
202100046753.0;1;57;57463;2;4;1.0;3.0;49,1346400000;6,1766900000;
202100046754.0;1;51;51454;2;1;1.0;2.0;49,2464529106;4,0316386922;
202100046755.0;1;51;51108;2;2;1.0;3.0;48,9493862988;4,3411262126;
202100046756.0;1;42;42218;2;2;1.0;3.0;45,4426275764;4,3821565658;
202100046757.0;1;37;37261;2;1;1.0;7.0;47,3966817456;0,6861305236;
202100046758.0;1;37;37261;2;1;1.0;2.0;47,3638100628;0,6969374041;
202100046759.0;1;34;34172;2;1;1.0;1.0;43,6069900000;3,8831300000;
202100046760.0;1;31;31555;2;3;1.0;3.0;43,5927600000;1,4123700000;
202100046761.0;1;28;28134;2;2;1.0;1.0;48,7343162063;1,3731864095;
202100046762.0;1;26;26198;2;2;1.0;3.0;44,5581650000;4,7453160000;
202100046763.0;1;24;24037;2;1;1.0;6.0;44,8437200000;0,4928600000;
202100046764.0;1;17;17300;1;1;1.0;3.0;46,1739200000; -1,2019540000;
202100046765.0;1;14;14030;2;1;1.0;3.0;49,2036600000; -0,4220700000;
202100046766.0;1;13;13201;2;3;1.0;3.0;43,2970441863;5,3742201626;
202100046767.0;1;13;13211;2;1;1.0;2.0;43,2901752356;5,4712360875;
202100046768.0;1;13;13215;2;6;1.0;3.0;43,3395100000;5,3726000000;
202100046769.0;1;13;13208;2;3;1.0;1.0;43,2400000000;5,3700000000;
202100046770.0;2;13;13075;2;3;1.0;3.0;43,3376000000;5,4528100000;
202100046771.0;1;13;13001;1;1;1.0;6.0;43,5419706408;5,4056230058;
202100046772.0;1;09;09122;2;1;1.0;3.0;42,9653600000;1,5949400000;
202100046773.0;1;06;06088;2;2;1.0;3.0;43,7016940000;7,2898040000;
202100046774.0;2;06;06030;2;9;1.0;6.0;43,5775200000;6,9981800000;
202100046775.0;1;75;75112;2;1;1.0;4.0;48,8313440000;2,4040780000;
202100046776.0;1;75;75112;2;4;1.0;3.0;48,8268910000;2,3897310000;
202100046777.0;5;75;75120;2;3;1.0;1.0;48,8733870000;2,4102650000;
202100046778.0;5;75;75117;2;2;1.0;3.0;48,8878400000;2,3070880000;
202100046779.0;1;75;75117;2;1;1.0;6.0;48,8840760000;2,3198990000;
202100046780.0;1;75;75116;2;2;1.0;6.0;48,8676250000;2,2770170000;
202100046781.0;1;75;75116;2;2;1.0;3.0;48,8749270000;2,2711050000;
202100046782.0;1;75;75116;2;2;1.0;3.0;48,8623762066;2,2706119716;
202100046783.0;1;75;75115;2;2;1.0;6.0;48,8415180000;2,3140180000;
202100046784.0;1;75;75115;2;2;1.0;3.0;48,8372320000;2,2964360000;
202100046785.0;2;75;75114;2;1;1.0;6.0;48,8205480000;2,3374220000;
202100046786.0;1;75;75113;2;2;1.0;3.0;48,8241760000;2,3768090000;
202100046787.0;2;75;75113;2;4;1.0;7.0;48,8226810000;2,3728550000;
202100046788.0;5;75;75112;2;4;1.0;3.0;48,8448310000;2,3804470000;
202100046789.0;1;75;75112;2;2;1.0;2.0;48,8468962641;2,4111604630;
202100046790.0;1;75;75109;2;5;7.0;6.0;48,8729440000;2,3332450000;
202100046791.0;1;75;75104;2;3;1.0;1.0;48,8547760000;2,3624180000;
202100046792.0;1;75;75103;2;3;1.0;1.0;48,8651440000;2,3622450000;
202100046793.0;2;75;75103;2;2;1.0;6.0;48,8654593987;2,3560798849;
202100046794.0;5;94;94080;2;1;1.0;3.0;48,8450050000;2,4342860000;
202100046795.0;1;94;94021;2;9;1.0;6.0;48,7674200000;2,3598000000;
202100046796.0;1;94;94033;2;9;1.0;6.0;48,8529500000;2,4840800000;
202100046797.0;1;94;94077;2;1;1.0;3.0;48,7344000000;2,4194600000;
202100046798.0;1;94;94022;2;1;1.0;2.0;48,7597750000;2,4085770000;
202100046799.0;1;94;94077;2;1;7.0;7.0;48,7295600000;2,4362100000;
202100046800.0;1;94;94022;2;9;1.0;4.0;48,7706910000;2,4136640000;
202100046801.0;1;93;93070;2;1;1.0;6.0;48,9131011350;2,3351097107;
202100046802.0;1;93;93077;2;2;1.0;3.0;48,8825900000;2,5182200000;
202100046803.0;1;93;93051;2;1;1.0;6.0;48,8301200000;2,5604000000;
202100046804.0;1;93;93051;2;2;1.0;3.0;48,8302500000;2,5848100000;
202100046805.0;1;93;93050;2;3;1.0;3.0;48,8715800000;2,5313100000;
202100046806.0;1;93;93063;2;9;1.0;6.0;48,8770009682;2,4489748478;
202100046807.0;1;93;93029;2;1;1.0;6.0;48,9173716653;2,4463261626;
202100046808.0;1;93;93014;2;2;1.0;3.0;48,9085817364;2,5450769974;
202100046809.0;1;93;93001;2;1;1.0;6.0;48,9121752435;2,3837490489;
202100046810.0;1;92;92073;2;1;1.0;2.0;48,8669915941;2,2291007638;
202100046811.0;1;92;92035;2;2;1.0;6.0;48,9070144980;2,2434478998;
202100046812.0;1;92;92026;2;1;1.0;6.0;48,9007562968;2,2604594461;
202100046813.0;1;92;92024;2;3;1.0;3.0;48,9120400000;2,3104300000;
202100046814.0;1;43;43117;1;1;1.0;3.0;45,2380910000;3,4598780000;
202100046815.0;2;34;34042;1;1;1.0;6.0;43,8770460000;3,7424760000;
202100046816.0;3;60;60257;2;1;2.0;6.0;49,2520220000;1,9881070000;
202100046817.0;1;67;67084;1;3;1.0;2.0;48,3444790000;7,3824960000;
202100046818.0;1;974;97412;2;1;1.0;1.0; -21,3747990000;55,6262740000;
202100046819.0;1;42;42253;2;2;7.0;3.0;46,0442140000;3,9976070000;
202100046820.0;5;83;83070;1;1;1.0;1.0;43,1501820000;6,4031840000;
202100046821.0;1;74;74043;1;2;1.0;6.0;46,2618290000;6,3568460000;
202100046822.0;1;19;19135;1;3;7.0;5.0;45,5101400000;2,3068180000;
202100046823.0;3;78;78291;1;1;2.0;1.0;48,9706330000;1,7403410000;
202100046824.0;1;31;31541;2;6;1.0;6.0;43,6804820000;1,3627500000;
202100046825.0;1;80;80620;1;1;1.0;1.0;49,9349250000;2,9499580000;
202100046826.0;2;71;71191;1;1;1.0;6.0;46,8175656141;4,5467948915;
202100046827.0;1;61;61358;1;1;1.0;7.0;48,7375900000;0,0153420000;
202100046828.0;5;42;42323;2;2;1.0;3.0;45,5716270000;4,2739120000;
202100046829.0;1;46;46127;2;1;1.0;6.0;44,7384540000;1,3738910000;
202100046830.0;1;86;86083;1;1;1.0;1.0;46,4968490000;0,2003290000;
202100046831.0;1;68;68082;1;6;1.0;3.0;47,8679480000;7,3608830000;
202100046832.0;3;44;44152;1;1;1.0;6.0;47,4670310000; -2,0052140000;
202100046833.0;4;44;44213;1;1;1.0;1.0;47,3785630000; -1,0262780000;
202100046834.0;1;02;02361;1;1;1.0;3.0;49,9061370000;3,5990420000;
202100046835.0;1;50;50467;1;1;1.0;7.0;49,4978170000; -1,3602880000;
202100046836.0;1;10;10019;1;2;1.0;3.0;48,3947180000;4,3663790000;
202100046837.0;5;16;16195;1;1;1.0;6.0;45,8615380000;0,4615520000;
202100046838.0;1;07;07349;2;3;1.0;6.0;44,8128130000;4,7915250000;
202100046839.0;3;40;40150;1;1;1.0;6.0;43,8207110000; -1,2560780000;
202100046840.0;1;17;17203;1;3;1.0;2.0;46,0733760000; -0,8715650000;
202100046841.0;1;37;37097;2;2;1.0;2.0;47,1634876241;0,8905484510;
202100046842.0;1;973;97309;2;3;1.0;1.0;4,8934860000; -52,2738080000;
202100046843.0;1;37;37226;2;6;1.0;3.0;47,1154704125;0,6187105411;
202100046844.0;1;34;34329;1;1;1.0;2.0;43,2506110000;3,2571890000;
202100046845.0;2;04;04143;1;2;1.0;3.0;43,8847950000;5,9084130000;
202100046846.0;1;13;13034;1;1;1.0;3.0;43,7700160000;4,9571070000;
202100046847.0;1;13;13035;2;3;1.0;3.0;43,6883910000;5,0359600000;
202100046848.0;3;42;42251;1;1;1.0;6.0;45,6865550000;4,2569310000;
202100046849.0;1;33;33243;2;6;1.0;6.0;44,9030508084; -0,2222075062;
202100046850.0;1;33;33449;2;6;1.0;3.0;44,8811710000; -0,6971960000;
202100046851.0;1;33;33019;1;1;1.0;3.0;44,7309270000; -0,8941200000;
202100046852.0;2;85;85092;2;6;8.0;3.0;46,4674160000; -0,8250800000;
202100046853.0;3;60;60398;2;1;1.0;6.0;49,1855710000;2,2853120000;
202100046854.0;1;62;62073;1;1;1.0;6.0;50,3353400000;2,8410010000;
202100046855.0;1;13;13210;1;1;1.0;3.0;43,2846410172;5,4071831703;
202100046856.0;1;33;33090;1;1;1.0;3.0;44,7764580000; -0,6474250000;
202100046857.0;1;33;33013;1;1;1.0;4.0;44,8686420000; -0,5014520000;
202100046858.0;1;93;93010;1;1;1.0;4.0;48,9062500000;2,4721200000;
202100046859.0;1;81;81004;2;1;2.0;6.0;43,9266900000;2,1534640000;
202100046860.0;1;988;98818;2;3;1.0;6.0; -22,2661200000;166,3978700000;
202100046861.0;1;976;97611;2;1;1.0;2.0; -12,7793600000;45,2249100000;
202100046862.0;1;974;97411;2;1;1.0;3.0; -20,8886000000;55,4529000000;
202100046863.0;1;974;97411;2;1;1.0;2.0; -20,8939300000;55,5001200000;
202100046864.0;1;69;69383;2;3;1.0;3.0;45,7537900000;4,8719600000;
202100046865.0;1;69;69199;2;1;1.0;1.0;45,7052484267;4,8554965111;
202100046866.0;1;69;69383;2;3;1.0;3.0;45,7552900000;4,8726800000;
202100046867.0;1;972;97213;1;6;1.0;2.0;14,6276642369; -60,9892702103;
202100046868.0;2;972;97209;2;1;1.0;6.0;14,6068000000; -61,0521400000;
202100046869.0;1;69;69384;2;1;1.0;3.0;45,7796000000;4,8281000000;
202100046870.0;1;95;95572;2;1;1.0;6.0;49,0378729193;2,1458368951;
202100046871.0;1;91;91589;2;3;1.0;3.0;48,6903800000;2,3521500000;
202100046872.0;1;91;91286;2;2;1.0;3.0;48,6533200000;2,3874900000;
202100046873.0;3;91;91228;2;1;1.0;6.0;48,6443740000;2,4228050000;
202100046874.0;1;89;89387;2;1;1.0;3.0;48,2045800000;3,2889500000;
202100046875.0;1;87;87048;2;1;1.0;6.0;45,7910500000;1,2342500000;
202100046876.0;1;87;87085;2;3;2.0;2.0;45,8458500000;1,2605900000;
202100046877.0;1;86;86194;2;1;1.0;3.0;46,5747690000;0,3289000000;
202100046878.0;1;83;83137;2;1;1.0;2.0;43,1277930000;5,9207940000;
202100046879.0;1;83;83062;1;1;1.0;5.0;43,1377900000;6,0336600000;
202100046880.0;1;83;83069;2;1;1.0;3.0;43,0913200000;6,1425700000;
202100046881.0;1;80;80021;2;1;1.0;2.0;49,8713700000;2,2804200000;
202100046882.0;1;80;80021;2;1;1.0;6.0;49,9116400000;2,2965100000;
202100046883.0;1;80;80001;2;1;1.0;6.0;50,1082951229;1,8049335480;
202100046884.0;1;78;78367;2;1;1.0;6.0;48,8834500000;2,0717300000;
202100046885.0;2;77;77251;2;1;1.0;1.0;48,6289600000;2,5669200000;
202100046886.0;1;77;77186;1;9;1.0;5.0;48,3948000000;2,7606400000;
202100046887.0;1;76;76540;2;1;2.0;7.0;49,4392500000;1,0859800000;
202100046888.0;1;76;76165;2;1;1.0;1.0;49,2800620000;1,0153060000;
202100046889.0;1;76;76322;1;4;1.0;7.0;49,4132943316;1,0424894647;
202100046890.0;1;76;76351;2;2;1.0;6.0;49,4948700000;0,1544500000;
202100046891.0;1;76;76351;2;3;1.0;6.0;49,4910000000;0,1098400000;
202100046892.0;1;74;74012;2;1;1.0;6.0;46,1836000000;6,2466800000;
202100046893.0;1;69;69290;1;1;1.0;2.0;45,6897000000;4,9800000000;
202100046894.0;1;67;67482;2;3;1.0;3.0;48,6008600000;7,7149100000;
202100046895.0;1;67;67482;2;3;1.0;3.0;48,5681500000;7,7095600000;
202100046896.0;1;66;66136;1;1;1.0;2.0;42,6733400000;2,8617700000;
202100046897.0;1;66;66136;2;1;1.0;6.0;42,7177800000;2,8789500000;
202100046898.0;1;65;65440;2;1;1.0;4.0;43,2371400000;0,0565800000;
202100046899.0;1;64;64483;2;1;1.0;1.0;43,4011300000; -1,6340500000;
202100046900.0;1;64;64189;2;1;1.0;1.0;43,3704270000; -1,6580790000;
202100046901.0;1;64;64445;2;6;7.0;3.0;43,3017600000; -0,3446400000;
202100046902.0;1;64;64024;2;3;1.0;3.0;43,4757000000; -1,5102300000;
202100046903.0;1;64;64024;2;1;1.0;6.0;43,4950800000; -1,5332700000;
202100046904.0;1;63;63113;2;1;1.0;3.0;45,7762306730;3,0957567147;
202100046905.0;1;63;63113;2;3;1.0;3.0;45,8083600000;3,1069400000;
202100046906.0;1;59;59009;2;4;1.0;3.0;50,6354300000;3,1216200000;
202100046907.0;1;59;59350;2;1;1.0;2.0;50,6280000000;3,0510900000;
202100046908.0;1;54;54329;2;3;1.0;3.0;48,5880800000;6,4952400000;
202100046909.0;1;51;51108;2;3;1.0;7.0;48,9513900000;4,3343600000;
202100046910.0;1;49;49353;2;1;1.0;1.0;47,4571852773; -0,5118915439;
202100046911.0;1;44;44184;2;2;1.0;3.0;47,2796700000; -2,2058000000;
202100046912.0;1;37;37214;2;6;1.0;6.0;47,4005452795;0,6787405015;
202100046913.0;1;35;35238;2;1;1.0;3.0;48,1257300000; -1,6550200000;
202100046914.0;1;35;35238;2;1;1.0;3.0;48,1183100000; -1,6693500000;
202100046915.0;3;35;35238;1;1;1.0;6.0;48,0778600000; -1,6625600000;
202100046916.0;1;33;33063;2;1;1.0;3.0;44,8852300000; -0,5499100000;
202100046917.0;2;31;31555;1;1;1.0;4.0;43,5545300000;1,4922800000;
202100046918.0;1;31;31555;2;1;1.0;7.0;43,6084300000;1,4108300000;
202100046919.0;5;31;31555;2;1;1.0;3.0;43,6385500000;1,4652600000;
202100046920.0;1;31;31555;2;1;1.0;6.0;43,6334100000;1,4596700000;
202100046921.0;5;31;31555;2;3;1.0;3.0;43,6052500000;1,4799300000;
202100046922.0;3;31;31555;2;1;1.0;5.0;43,5739500000;1,4098600000;
202100046923.0;1;31;31555;2;1;1.0;3.0;43,6297500000;1,4338100000;
202100046924.0;1;31;31555;2;1;1.0;6.0;43,6005300567;1,4473789930;
202100046925.0;3;31;31555;1;1;1.0;4.0;43,6469500000;1,4428500000;
202100046926.0;1;31;31555;1;1;1.0;3.0;43,6506400000;1,4222900000;
202100046927.0;1;29;29019;1;6;1.0;6.0;48,3817832726; -4,5462808013;
202100046928.0;1;27;27562;1;1;1.0;7.0;49,0940200000;1,4180100000;
202100046929.0;1;27;27681;2;2;1.0;6.0;49,0894900000;1,4823000000;
202100046930.0;1;27;27681;2;2;1.0;3.0;49,0850800000;1,4987000000;
202100046931.0;1;27;27375;2;6;1.0;6.0;49,2151000000;1,1683600000;
202100046932.0;1;25;25462;2;1;1.0;2.0;46,9088520000;6,3491640000;
202100046933.0;1;17;17274;1;1;1.0;7.0;46,1554360000; -1,1154980000;
202100046934.0;1;17;17028;2;3;7.0;3.0;46,1313520000; -1,1005210000;
202100046935.0;1;14;14118;2;4;1.0;6.0;49,1737600000; -0,3942000000;
202100046936.0;1;13;13201;2;1;1.0;3.0;43,2968790000;5,3812270000;
202100046937.0;1;13;13209;2;3;1.0;5.0;43,2723219898;5,4063074165;
202100046938.0;2;13;13209;2;1;1.0;1.0;43,2388240000;5,4358680000;
202100046939.0;1;13;13004;2;3;1.0;3.0;43,6666600000;4,6333300000;
202100046940.0;2;13;13001;1;3;1.0;3.0;43,4997900000;5,4016600000;
202100046941.0;2;11;11262;2;1;1.0;3.0;43,1806200000;3,0285990000;
202100046942.0;1;06;06004;2;1;1.0;3.0;43,5649300000;7,1374600000;
202100046943.0;1;05;05061;2;3;1.0;3.0;44,5514100000;6,0704400000;
202100046944.0;1;05;05061;2;3;1.0;3.0;44,5641800000;6,0893300000;
202100046945.0;1;02;02691;2;1;1.0;6.0;49,8431446000;3,2799450000;
202100046946.0;1;75;75105;2;2;1.0;6.0;48,8384730000;2,3570280000;
202100046947.0;5;75;75119;2;3;1.0;6.0;48,8912160000;2,3688190000;
202100046948.0;1;75;75119;2;3;1.0;3.0;48,8830950000;2,3714740000;
202100046949.0;1;75;75119;2;2;8.0;7.0;48,8788510000;2,4018860000;
202100046950.0;1;75;75118;2;1;1.0;3.0;48,8979180000;2,3594090000;
202100046951.0;1;75;75116;2;7;1.0;2.0;48,8698000000;2,2855870000;
202100046952.0;1;75;75112;2;4;1.0;6.0;48,8465030000;2,4000210000;
202100046953.0;1;75;75112;2;2;1.0;3.0;48,8373080000;2,3912080000;
202100046954.0;1;75;75111;2;3;1.0;3.0;48,8570560000;2,3712030000;
202100046955.0;2;75;75104;2;4;1.0;2.0;48,8468734163;2,3652607708;
202100046956.0;1;75;75103;2;3;1.0;3.0;48,8592422772;2,3676878214;
202100046957.0;1;94;94076;2;9;1.0;3.0;48,7879080000;2,3734960000;
202100046958.0;1;94;94043;2;1;1.0;6.0;48,8148100000;2,3609900000;
202100046959.0;1;94;94076;2;1;1.0;6.0;48,7886200000;2,3642300000;
202100046960.0;2;94;94011;2;1;1.0;6.0;48,7673200000;2,4793100000;
202100046961.0;1;94;94028;2;1;1.0;2.0;48,7910620000;2,4646220000;
202100046962.0;5;94;94054;2;2;1.0;3.0;48,7485963508;2,4121642113;
202100046963.0;1;93;93066;2;1;1.0;6.0;48,9370292078;2,3549021940;
202100046964.0;1;93;93066;2;1;1.0;6.0;48,9307000000;2,3501500000;
202100046965.0;1;93;93027;2;1;1.0;3.0;48,9313904889;2,3809862137;
202100046966.0;1;92;92049;2;1;1.0;6.0;48,8208329483;2,3137242031;
202100046967.0;1;92;92049;2;1;1.0;3.0;48,8192900000;2,3200900000;
202100046968.0;1;92;92012;2;2;1.0;3.0;48,8319147090;2,2382014990;
202100046969.0;2;92;92012;2;1;1.0;6.0;48,8351600000;2,2418300000;
202100046970.0;1;33;33294;2;1;1.0;6.0;44,6125250000; -0,0889510000;
202100046971.0;1;46;46063;1;1;1.0;3.0;44,2782690000;1,3546550000;
202100046972.0;2;01;01194;2;1;1.0;5.0;45,9872070000;4,7573260000;
202100046973.0;1;83;83019;2;9;1.0;3.0;43,1395019700;6,3576006400;
202100046974.0;1;974;97413;2;3;1.0;1.0; -21,2218310000;55,3142420000;
202100046975.0;1;23;23176;2;1;1.0;6.0;46,2399690000;1,4790450000;
202100046976.0;1;79;79162;1;2;1.0;7.0;46,3183380000; -0,5627250000;
202100046977.0;1;2B;2B342;1;1;1.0;7.0;41,9413810000;9,3916310000;
202100046978.0;1;80;80440;2;1;1.0;7.0;50,1942780000;2,0726500000;
202100046979.0;1;81;81175;1;1;1.0;7.0;43,9534700000;1,5858620000;
202100046980.0;3;49;49080;1;1;1.0;6.0;47,7341640000; -0,4467920000;
202100046981.0;1;41;41180;1;2;1.0;5.0;47,3950700000;1,1882830000;
202100046982.0;1;86;86030;1;1;7.0;1.0;46,7178260000;0,2165050000;
202100046983.0;1;39;39202;1;1;1.0;6.0;46,9311660000;5,9471120000;
202100046984.0;1;29;29160;2;1;1.0;2.0;48,4980770000; -4,4277460000;
202100046985.0;1;31;31587;1;1;1.0;1.0;43,7965390000;1,4531890000;
202100046986.0;1;03;03118;2;3;1.0;3.0;46,0878470000;3,1974630000;
202100046987.0;1;50;50484;2;1;1.0;6.0;48,5809280000; -1,0918330000;
202100046988.0;1;28;28192;1;1;1.0;6.0;48,3282620000;1,1233630000;
202100046989.0;1;28;28116;2;3;1.0;3.0;48,4496990000;1,2497700000;
202100046990.0;1;17;17465;2;1;1.0;1.0;45,9715550000; -0,5635540000;
202100046991.0;4;37;37050;1;6;2.0;6.0;47,3322231740;0,7461172030;
202100046992.0;1;38;38553;2;1;1.0;6.0;45,6191930000;5,1523490000;
202100046993.0;1;01;01099;1;1;1.0;2.0;45,9081880000;5,2396140000;
202100046994.0;1;74;74010;2;3;1.0;3.0;45,8596210000;6,0792800000;
202100046995.0;1;51;51454;2;1;1.0;4.0;49,2274140000;4,0534080000;
202100046996.0;1;58;58225;2;1;1.0;2.0;46,9276270000;3,0737020000;
202100046997.0;1;76;76484;1;1;1.0;7.0;49,3429360000;1,0600950000;
202100046998.0;1;78;78368;2;1;1.0;2.0;48,8947600000;1,8677510000;