Num_Acc;lum;departement;commune;agglomeration;intersection;meteo;type_collision;lat;long;date
202100047326.0;1;972;97209;2;1;1.0;6.0;14,6084100000; -61,0711800000;
202100047327.0;1;2A;2A004;1;1;1.0;7.0;41,9558316062;8,7826905963;
202100047328.0;1;80;80021;2;1;2.0;6.0;49,8957200000;2,2778100000;
202100047329.0;5;76;76498;2;2;1.0;3.0;49,4289000000;1,0695800000;
202100047330.0;1;76;76217;2;2;1.0;3.0;49,9245200000;1,1036900000;
202100047331.0;1;73;73029;1;1;1.0;2.0;45,5595414551;5,9489827548;
202100047332.0;1;73;73011;2;1;7.0;6.0;45,6621566195;6,3729677537;
202100047333.0;1;72;72181;2;1;1.0;2.0;47,9959500000;0,1958600000;
202100047334.0;1;71;71486;1;1;1.0;5.0;46,6397600000;4,3278200000;
202100047335.0;1;66;66136;2;1;1.0;6.0;42,6852300000;2,8637400000;
202100047336.0;1;64;64445;2;1;1.0;2.0;43,3044600000; -0,3489500000;
202100047337.0;1;64;64122;2;3;1.0;2.0;43,4637330000; -1,5439600000;
202100047338.0;1;64;64102;2;2;1.0;3.0;43,4913380000; -1,4915820000;
202100047339.0;1;63;63113;2;1;1.0;6.0;45,7844800000;3,1098000000;
202100047340.0;1;59;59512;2;1;1.0;6.0;50,6767400000;3,1934400000;
202100047341.0;2;56;56121;2;4;1.0;6.0;47,7568000000; -3,3719800000;
202100047342.0;1;54;54304;2;3;1.0;3.0;48,6945917202;6,1280208081;
202100047343.0;1;54;54395;2;1;1.0;3.0;48,6967728706;6,1939193308;
202100047344.0;5;54;54395;2;1;1.0;6.0;48,6968348337;6,1491988599;
202100047345.0;1;51;51454;2;1;1.0;7.0;49,2644285691;4,0270185426;
202100047346.0;1;49;49099;2;1;1.0;7.0;47,0617200000; -0,8864900000;
202100047347.0;1;49;49007;2;1;1.0;6.0;47,4733770000; -0,5944780000;
202100047348.0;5;49;49007;2;1;1.0;2.0;47,4506514590; -0,5526323554;
202100047349.0;2;49;49353;2;1;1.0;6.0;47,4463100000; -0,5016000000;
202100047350.0;1;49;49353;2;1;1.0;6.0;47,4492856108; -0,5044368176;
202100047351.0;1;45;45302;2;1;1.0;2.0;47,9356140000;1,8809960000;
202100047352.0;1;37;37214;2;1;1.0;7.0;47,4016938921;0,6681063855;
202100047353.0;1;37;37261;2;1;1.0;7.0;47,3913754603;0,6961941720;
202100047354.0;1;35;35206;1;1;1.0;2.0;48,0814800000; -1,6542400000;
202100047355.0;1;33;33063;2;2;1.0;3.0;44,8550300000; -0,5821000000;
202100047356.0;1;33;33063;2;3;1.0;3.0;44,8588500000; -0,6280200000;
202100047357.0;1;33;33200;2;1;1.0;3.0;44,8714700000; -0,6737400000;
202100047358.0;1;33;33063;2;6;2.0;6.0;44,8363100000; -0,5870600000;
202100047359.0;2;33;33200;2;6;2.0;6.0;44,8581130000; -0,6777220000;
202100047360.0;1;33;33249;2;3;1.0;3.0;44,8800300000; -0,5150000000;
202100047361.0;1;31;31555;2;1;2.0;6.0;43,5638900000;1,3864900000;
202100047362.0;1;31;31555;2;1;1.0;3.0;43,6257900000;1,4316300000;
202100047363.0;1;29;29039;1;4;1.0;3.0;47,8692000000; -3,8945600000;
202100047364.0;1;27;27229;2;1;1.0;3.0;49,0114100000;1,1715600000;
202100047365.0;1;26;26198;2;6;1.0;2.0;44,5579630000;4,7337880000;
202100047366.0;1;26;26198;2;9;1.0;6.0;44,5611193000;4,7528420000;
202100047367.0;1;25;25056;2;1;2.0;6.0;47,2529430000;6,0385380000;
202100047368.0;1;17;17306;2;3;1.0;3.0;45,6252530000; -1,0227440000;
202100047369.0;1;14;14118;2;1;1.0;1.0;49,1698700000; -0,3845500000;
202100047370.0;2;13;13213;2;1;1.0;2.0;43,3311500000;5,4181400000;
202100047371.0;1;13;13201;2;1;2.0;2.0;43,2977367051;5,3769316430;
202100047372.0;1;13;13204;2;1;2.0;1.0;43,3029730000;5,4012570000;
202100047373.0;1;13;13209;2;1;2.0;3.0;43,2489924495;5,4229801562;
202100047374.0;1;13;13213;2;1;2.0;3.0;43,3192377161;5,4115030945;
202100047375.0;5;13;13207;2;3;1.0;3.0;43,2777400000;5,3566100000;
202100047376.0;5;13;13205;2;9;1.0;3.0;43,2970000000;5,3900000000;
202100047377.0;1;13;13028;2;1;1.0;3.0;43,1857100000;5,6081000000;
202100047378.0;1;11;11069;2;9;2.0;6.0;43,2110000000;2,3305000000;
202100047379.0;1;10;10333;2;1;1.0;4.0;48,2748800000;4,0591600000;
202100047380.0;1;10;10362;2;3;1.0;3.0;48,2923900000;4,0429600000;
202100047381.0;1;06;06083;2;1;1.0;2.0;43,7701980000;7,4932930000;
202100047382.0;5;75;75119;2;1;2.0;2.0;48,8960210000;2,3943510000;
202100047383.0;1;75;75113;2;1;1.0;5.0;48,8178840000;2,3535100000;
202100047384.0;5;75;75119;2;1;1.0;2.0;48,8827350000;2,4006030000;
202100047385.0;1;75;75111;2;7;1.0;3.0;48,8481760000;2,3990890000;
202100047386.0;1;75;75120;2;2;1.0;3.0;48,8504970000;2,4064020000;
202100047387.0;2;75;75119;2;4;1.0;3.0;48,8782980000;2,3729010000;
202100047388.0;1;75;75118;2;3;1.0;6.0;48,8979600000;2,3525310000;
202100047389.0;5;75;75116;2;2;1.0;6.0;48,8702130000;2,2828070000;
202100047390.0;1;75;75116;2;3;1.0;3.0;48,8568020000;2,2740290000;
202100047391.0;1;75;75116;2;2;1.0;2.0;48,8578480000;2,2629390000;
202100047392.0;1;75;75115;2;2;1.0;6.0;48,8476950000;2,2841320000;
202100047393.0;1;75;75112;2;2;1.0;3.0;48,8473420000;2,3867900000;
202100047394.0;1;75;75112;2;1;1.0;3.0;48,8312474507;2,3852190826;
202100047395.0;1;75;75108;2;2;1.0;3.0;48,8717190000;2,3220720000;
202100047396.0;1;75;75104;2;3;1.0;7.0;48,8552829614;2,3458742304;
202100047397.0;1;94;94078;2;1;1.0;3.0;48,7289060000;2,4504870000;
202100047398.0;1;94;94078;2;9;2.0;3.0;48,7549610000;2,4450980000;
202100047399.0;1;94;94078;2;1;1.0;2.0;48,7479973968;2,4459171295;
202100047400.0;1;94;94046;2;2;1.0;3.0;48,8028060000;2,4340200000;
202100047401.0;2;93;93066;2;1;2.0;2.0;48,9232000000;2,3429000000;
202100047402.0;5;93;93066;2;1;2.0;2.0;48,9194300000;2,3609600000;
202100047403.0;1;93;93049;2;1;1.0;3.0;48,8616924912;2,5097945498;
202100047404.0;1;93;93045;2;1;1.0;6.0;48,8800000000;2,4169400000;
202100047405.0;5;93;93031;2;1;2.0;6.0;48,9542151688;2,3101088405;
202100047406.0;1;93;93010;2;1;1.0;3.0;48,9062807055;2,4839734111;
202100047407.0;5;93;93001;2;9;1.0;1.0;48,9109855924;2,3792242828;
202100047408.0;1;92;92064;2;3;1.0;2.0;48,8566416960;2,2232843935;
202100047409.0;5;92;92064;2;1;9.0;6.0;48,8425700000;2,2180200000;
202100047410.0;1;92;92063;2;3;1.0;3.0;48,8722300000;2,1925800000;
202100047411.0;1;92;92044;2;3;1.0;6.0;48,8904200000;2,2936600000;
202100047412.0;1;92;92036;2;1;1.0;2.0;48,9347254644;2,3044507205;
202100047413.0;1;92;92024;2;3;1.0;6.0;48,9031476256;2,3026952147;
202100047414.0;1;92;92002;2;1;1.0;6.0;48,7435100000;2,2963190000;
202100047415.0;1;974;97415;1;1;1.0;6.0; -20,9833790000;55,2927410000;
202100047416.0;1;973;97362;2;2;1.0;3.0;3,8087930000; -54,1488590000;
202100047417.0;1;49;49192;1;1;1.0;1.0;47,0254683566; -0,7880483642;
202100047418.0;1;83;83085;1;1;1.0;3.0;43,4854130000;6,5408750000;
202100047419.0;1;26;26145;1;1;1.0;2.0;44,4156660000;4,7315030000;
202100047420.0;1;67;67437;2;2;1.0;3.0;48,7398050000;7,3711660000;
202100047421.0;1;62;62307;1;1;1.0;3.0;50,9232050000;1,7156480000;
202100047422.0;1;85;85065;1;2;1.0;3.0;46,8816230000; -1,2826540000;
202100047423.0;1;63;63055;1;1;4.0;7.0;45,8212694518;2,7804170686;
202100047424.0;1;62;62323;2;1;1.0;6.0;50,2972390000;2,8735260000;
202100047425.0;1;11;11085;1;1;1.0;3.0;43,1782950000;2,3248600000;
202100047426.0;1;55;55073;1;1;1.0;2.0;49,2065456542;5,3780697851;
202100047427.0;3;46;46051;1;1;1.0;6.0;44,6226280000;1,9106500000;
202100047428.0;1;34;34239;2;4;1.0;3.0;43,6504230000;3,5021070000;
202100047429.0;1;39;39458;1;2;1.0;3.0;46,6163000000;5,6096533000;
202100047430.0;1;31;31144;2;1;1.0;2.0;42,9146900000;0,6455110000;
202100047431.0;3;01;01351;1;1;1.0;7.0;46,1540770000;4,8652270000;
202100047432.0;2;50;50082;1;1;1.0;1.0;49,5074990000; -1,6203220000;
202100047433.0;3;90;90023;2;1;1.0;7.0;47,7021950000;6,8356960000;
202100047434.0;1;85;85114;2;6;1.0;1.0;46,4189100000; -1,5828900000;
202100047435.0;2;87;87154;1;1;9.0;6.0;45,9221430000;0,9379900000;
202100047436.0;5;973;97309;2;1;1.0;7.0;4,8966770000; -52,2739900000;
202100047437.0;1;74;74010;2;6;1.0;3.0;45,8822230000;6,0998960000;
202100047438.0;2;79;79246;1;1;1.0;6.0;46,4141030000; -0,1250980000;
202100047439.0;1;72;72031;1;1;1.0;4.0;48,0873970000;0,5038690000;
202100047440.0;1;45;45008;1;1;1.0;1.0;48,0643140000;1,8462180000;
202100047441.0;1;13;13103;1;1;1.0;2.0;43,6559190000;5,1049950000;
202100047442.0;2;988;98808;1;1;1.0;6.0; -21,2988510000;165,4703770000;
202100047443.0;5;977;97701;2;1;1.0;3.0;17,8948030000; -62,8496020000;
202100047444.0;1;44;44020;2;1;1.0;6.0;47,1737830000; -1,5851410000;
202100047445.0;1;77;77382;2;2;1.0;3.0;48,8976670000;2,8801020000;
202100047446.0;1;91;91411;1;9;1.0;3.0;48,6723020000;2,0862010000;
202100047447.0;1;91;91041;2;1;1.0;6.0;48,5753760000;2,2374130000;
202100047448.0;1;34;34022;2;9;1.0;2.0;43,6578610000;4,0114720000;
202100047449.0;1;34;34090;1;1;1.0;2.0;43,6594930000;3,9378770000;
202100047450.0;1;13;13015;2;1;2.0;1.0;43,4571400000;5,4129120000;
202100047451.0;1;73;73232;1;1;4.0;3.0;45,5465905053;6,9074658715;
202100047452.0;1;79;79049;1;1;1.0;7.0;46,8883770000; -0,4944380000;
202100047453.0;1;33;33056;2;3;1.0;1.0;44,9299940000; -0,6427910000;
202100047454.0;5;29;29022;2;3;1.0;6.0;48,2754380000; -4,6033470000;
202100047455.0;1;59;59391;1;1;1.0;6.0;50,2997230000;3,3078720000;
202100047456.0;1;13;13214;1;1;1.0;1.0;43,3428060000;5,3758080000;
202100047457.0;1;13;13106;1;1;1.0;3.0;43,3920800000;5,3510100000;
202100047458.0;3;69;69297;1;1;2.0;2.0;45,6019460469;4,7967413069;
202100047459.0;1;33;33063;1;1;1.0;4.0;44,8830600000; -0,5532440000;
202100047460.0;1;33;33039;1;1;2.0;7.0;44,8058500000; -0,5318570000;
202100047461.0;1;92;92047;1;1;1.0;2.0;48,8350835791;2,1757683191;
202100047462.0;1;92;92036;1;1;1.0;3.0;48,9353674804;2,2648550687;
202100047463.0;1;95;95392;1;1;1.0;2.0;49,0679800000;2,2181400000;
202100047464.0;3;92;92036;1;1;2.0;6.0;48,9464800000;2,2827900000;
202100047465.0;1;94;94065;1;1;1.0;2.0;48,7543494698;2,3490106533;
202100047466.0;1;93;93051;1;1;1.0;6.0;48,8367400000;2,5439200000;
202100047467.0;1;976;97611;2;1;1.0;2.0; -12,7670000000;45,2247700000;
202100047468.0;3;974;97416;1;1;1.0;1.0; -21,2985500000;55,4380400000;
202100047469.0;1;974;97407;2;1;2.0;1.0; -20,9345600000;55,3197600000;
202100047470.0;1;973;97302;2;1;1.0;3.0;4,9372600000; -52,3350600000;
202100047471.0;1;69;69387;2;2;1.0;1.0;45,7538900000;4,8469700000;
202100047472.0;1;69;69383;2;2;1.0;6.0;45,7493656902;4,8840694609;
202100047473.0;1;69;69388;2;3;2.0;3.0;45,7307529651;4,8714481338;
202100047474.0;1;972;97209;1;1;1.0;7.0;14,6132300000; -61,0786400000;
202100047475.0;1;69;69034;2;3;1.0;3.0;45,8117100000;4,8590800000;
202100047476.0;1;95;95539;2;6;8.0;6.0;48,9913000000;2,3619100000;
202100047477.0;5;91;91377;2;1;1.0;1.0;48,7164000000;2,2962000000;
202100047478.0;1;83;83069;1;1;1.0;5.0;43,1604280000;6,1258360000;
202100047479.0;5;78;78586;2;8;1.0;3.0;48,9391400000;2,1921400000;
202100047480.0;1;76;76474;2;1;1.0;3.0;49,4899500000;1,0493100000;
202100047481.0;1;76;76540;2;1;1.0;7.0;49,4398900000;1,1019000000;
202100047482.0;1;76;76575;2;2;1.0;3.0;49,3947900000;1,0735500000;
202100047483.0;1;73;73065;2;1;2.0;6.0;45,5668000000;5,9206500000;
202100047484.0;1;67;67447;2;3;2.0;3.0;48,6068800000;7,7305000000;
202100047485.0;1;66;66136;2;1;1.0;2.0;42,6986542280;2,9058569670;
202100047486.0;1;64;64269;2;1;1.0;1.0;43,2956600000; -0,3066900000;
202100047487.0;1;64;64445;2;6;8.0;3.0;43,3002200000; -0,3771600000;
202100047488.0;1;64;64024;2;3;1.0;2.0;43,4755107101; -1,5288830365;
202100047489.0;1;64;64024;2;1;1.0;3.0;43,4770843401; -1,5101668239;
202100047490.0;1;64;64024;2;1;1.0;7.0;43,4811700000; -1,5112600000;
202100047491.0;1;63;63014;2;2;1.0;3.0;45,7553800000;3,1294100000;
202100047492.0;1;63;63113;2;2;1.0;3.0;45,7854400000;3,0646400000;
202100047493.0;1;63;63113;2;2;1.0;3.0;45,8101800000;3,1141500000;
202100047494.0;1;59;59350;2;2;1.0;3.0;50,6053400000;3,0532500000;
202100047495.0;1;57;57221;2;1;1.0;5.0;49,3282400000;6,1169700000;
202100047496.0;1;56;56121;2;6;1.0;7.0;47,7483500000; -3,3744200000;
202100047497.0;2;41;41018;2;2;1.0;5.0;47,6001400000;1,3197000000;
202100047498.0;1;37;37122;1;1;1.0;7.0;47,3283291083;0,6412776347;
202100047499.0;1;35;35238;2;1;1.0;3.0;48,1052700000; -1,6660000000;
202100047500.0;2;34;34301;2;1;8.0;6.0;43,4100260000;3,7059900000;
202100047501.0;1;33;33069;2;2;1.0;3.0;44,8593800000; -0,5894700000;
202100047502.0;1;33;33039;2;1;1.0;3.0;44,8047890000; -0,5722280000;
202100047503.0;1;29;29232;2;1;1.0;2.0;47,9774000000; -4,1240000000;
202100047504.0;1;29;29039;1;1;1.0;2.0;47,9021100000; -3,9134400000;
202100047505.0;1;29;29019;2;1;1.0;6.0;48,3774040000; -4,5137600000;
202100047506.0;1;17;17415;2;1;1.0;2.0;45,7361160000; -0,6734100000;
202100047507.0;1;17;17306;2;9;1.0;3.0;45,6246100000; -1,0240500000;
202100047508.0;5;14;14366;2;2;8.0;6.0;49,1435800000;0,2267700000;
202100047509.0;1;14;14118;2;7;1.0;3.0;49,1839000000; -0,3567000000;
202100047510.0;1;13;13208;2;1;1.0;2.0;43,2400000000;5,3900000000;
202100047511.0;1;13;13208;2;1;1.0;3.0;43,2654196200;5,3802530169;
202100047512.0;1;13;13208;2;1;1.0;3.0;43,2471155781;5,3739470297;
202100047513.0;1;11;11069;2;1;1.0;2.0;43,2093500000;2,3604100000;
202100047514.0;1;10;10387;2;9;2.0;6.0;48,3053400000;4,0522000000;
202100047515.0;1;06;06069;2;1;8.0;7.0;43,6555380000;6,9192300000;
202100047516.0;1;05;05061;2;3;1.0;3.0;44,5425400000;6,0595800000;
202100047517.0;1;05;05061;2;1;1.0;6.0;44,5514684021;6,0704924629;
202100047518.0;1;04;04112;2;1;1.0;2.0;43,8380300000;5,8051800000;
202100047519.0;1;75;75115;2;1;1.0;7.0;48,8352620000;2,2707120000;
202100047520.0;1;75;75101;2;2;2.0;6.0;48,8585060000;2,3424870000;
202100047521.0;1;75;75120;2;3;2.0;3.0;48,8515280000;2,3995260000;
202100047522.0;1;75;75119;2;1;2.0;6.0;48,8795255996;2,4015881769;
202100047523.0;1;75;75117;2;3;2.0;3.0;48,8750106642;2,2911515254;
202100047524.0;1;75;75117;2;5;8.0;6.0;48,8872150000;2,3007610000;
202100047525.0;1;75;75117;2;4;2.0;3.0;48,8798221238;2,2947910762;
202100047526.0;1;75;75117;2;1;8.0;2.0;48,8933810000;2,3199460000;
202100047527.0;2;75;75114;2;2;2.0;3.0;48,8375390000;2,3229500000;
202100047528.0;5;75;75113;2;4;1.0;3.0;48,8359330000;2,3587470000;
202100047529.0;5;75;75112;2;1;1.0;3.0;48,8304660000;2,3862130000;
202100047530.0;5;75;75110;2;3;2.0;3.0;48,8757849495;2,3564869165;
202100047531.0;1;75;75110;2;7;1.0;3.0;48,8780710000;2,3513170000;
202100047532.0;1;75;75108;2;1;8.0;3.0;48,8760070000;2,3004070000;
202100047533.0;1;75;75101;2;2;2.0;3.0;48,8604170000;2,3423470000;
202100047534.0;1;75;75102;2;2;1.0;6.0;48,8691920000;2,3458540000;
202100047535.0;1;94;94068;2;1;8.0;6.0;48,8072800000;2,4712600000;
202100047536.0;1;94;94052;2;1;1.0;1.0;48,8377000000;2,4878400000;
202100047537.0;1;94;94028;2;3;1.0;2.0;48,7830330000;2,4640480000;
202100047538.0;1;93;93031;2;1;2.0;6.0;48,9527200000;2,3159700000;
202100047539.0;1;93;93072;2;1;2.0;6.0;48,9480716713;2,3770772780;
202100047540.0;5;93;93007;2;2;2.0;3.0;48,9404715785;2,4657011032;
202100047541.0;5;93;93001;2;1;2.0;3.0;48,9095332019;2,3784734882;
202100047542.0;5;92;92020;2;9;2.0;1.0;48,8049540153;2,2900785721;
202100047543.0;1;92;92044;2;2;2.0;3.0;48,8938069592;2,2834798694;
202100047544.0;1;92;92035;2;5;8.0;6.0;48,9111523202;2,2546301883;
202100047545.0;1;92;92004;2;3;1.0;7.0;48,9098081991;2,2726544738;
202100047546.0;1;92;92004;2;3;1.0;3.0;48,9139413675;2,2805542499;
202100047547.0;1;86;86289;1;1;1.0;3.0;46,2402660000;0,6700590000;
202100047548.0;1;86;86007;1;3;1.0;6.0;46,8525390000;0,5292090000;
202100047549.0;3;80;80446;1;1;1.0;6.0;50,0267617454;1,7360588984;
202100047550.0;1;33;33385;1;1;1.0;6.0;45,0727330000; -0,0132610000;
202100047551.0;3;81;81078;1;1;8.0;6.0;43,6757420000;1,9944680000;
202100047552.0;1;974;97414;2;1;1.0;5.0; -21,2779780000;55,4139690000;
202100047553.0;1;04;04033;1;1;8.0;6.0;44,4482210000;6,3709600000;
202100047554.0;1;56;56075;2;1;1.0;1.0;47,9110560000; -2,1271930000;
202100047555.0;2;2B;2B251;1;1;1.0;7.0;41,9982040000;9,3376490000;
202100047556.0;3;12;12153;1;1;2.0;6.0;44,0739780000;2,9310030000;
202100047557.0;1;25;25318;2;4;1.0;6.0;46,7656950000;6,3863560000;
202100047558.0;1;01;01263;1;1;1.0;4.0;46,0714306292;4,7704307735;
202100047559.0;3;72;72331;1;1;1.0;6.0;48,1078868189;0,5830435752;
202100047560.0;1;14;14570;2;1;1.0;5.0;49,0662470000;0,3352220000;
202100047561.0;1;14;14563;1;1;7.0;1.0;49,3195280000;0,3052140000;
202100047562.0;1;05;05040;1;3;1.0;3.0;44,5304360000;6,3146600000;
202100047563.0;1;27;27246;1;1;2.0;1.0;49,3560340000;1,3594830000;
202100047564.0;1;23;23131;1;1;2.0;7.0;45,8877780000;2,4874190000;
202100047565.0;1;68;68037;1;1;2.0;7.0;47,9677080000;7,3709030000;
202100047566.0;1;13;13050;1;1;2.0;1.0;43,6501280000;5,2269820000;
202100047567.0;1;973;97309;2;1;1.0;1.0;4,9205470000; -52,2797300000;
202100047568.0;3;64;64102;1;1;2.0;7.0;43,4961780000; -1,4468310000;
202100047569.0;1;34;34213;1;9;1.0;2.0;43,4799540000;3,6737680000;
202100047570.0;1;988;98817;2;1;1.0;6.0; -22,2789410000;166,5760480000;
202100047571.0;1;974;97408;1;1;1.0;4.0; -20,9146640000;55,3505210000;
202100047572.0;1;77;77453;1;1;1.0;3.0;48,5330610000;2,7252960000;
202100047573.0;1;42;42005;2;1;1.0;3.0;45,5198230000;4,2800750000;
202100047574.0;3;38;38349;1;3;2.0;3.0;45,3138520000;4,7895130000;
202100047575.0;3;26;26170;1;9;1.0;6.0;44,8971670000;4,9568510000;
202100047576.0;1;69;69116;2;1;1.0;1.0;45,8365283811;4,7714487841;
202100047577.0;1;81;81158;1;1;5.0;1.0;43,8168790000;2,5407600000;
202100047578.0;1;86;86163;1;1;1.0;1.0;46,6221900000;0,4432930000;
202100047579.0;3;60;60148;1;1;2.0;7.0;49,0989790000;2,8530340000;
202100047580.0;1;60;60612;2;1;1.0;6.0;49,2033130000;2,5824040000;
202100047581.0;2;59;59289;1;1;1.0;5.0;50,2174060000;3,5023860000;
202100047582.0;1;13;13215;1;1;1.0;2.0;43,3694000000;5,3611000000;
202100047583.0;1;13;13055;1;1;1.0;2.0;43,2924850000;5,4243020000;
202100047584.0;3;13;13001;1;1;1.0;3.0;43,5104696924;5,4172675398;
202100047585.0;2;13;13005;1;1;1.0;2.0;43,2860900000;5,5336400000;
202100047586.0;1;13;13215;2;1;1.0;4.0;43,3693100000;5,3609300000;
202100047587.0;1;33;33192;1;1;1.0;2.0;44,7899710000; -0,6084480000;
202100047588.0;1;91;91589;1;1;1.0;5.0;48,6769200000;2,3385500000;
202100047589.0;1;94;94034;1;1;1.0;4.0;48,7597200000;2,3228400000;
202100047590.0;1;91;91434;1;1;1.0;4.0;48,6659200000;2,3621400000;
202100047591.0;3;78;78073;1;1;2.0;7.0;48,8031530000;2,0483080000;
202100047592.0;3;93;93078;1;1;2.0;6.0;48,9582800000;2,5292400000;
202100047593.0;1;93;93007;1;1;2.0;3.0;48,9548500000;2,4575100000;
202100047594.0;1;75;75112;1;1;1.0;4.0;48,8247895956;2,4633968001;
202100047595.0;3;77;77373;1;1;2.0;2.0;48,7876800000;2,6176100000;
202100047596.0;5;62;62498;2;3;2.0;3.0;50,4456100000;2,8285300000;
202100047597.0;1;976;97611;1;1;1.0;1.0; -12,7859300000;45,2187100000;
202100047598.0;1;973;97302;2;1;1.0;3.0;4,9304297005; -52,3048764983;
202100047599.0;1;69;69386;2;2;2.0;6.0;45,7644817421;4,8461030405;
202100047600.0;1;69;69381;2;1;2.0;3.0;45,7724746629;4,8393112421;
202100047601.0;1;69;69034;2;7;1.0;2.0;45,7944987558;4,8494720766;
202100047602.0;1;69;69382;2;1;8.0;2.0;45,7629000000;4,8320500000;
202100047603.0;1;971;97101;2;1;1.0;3.0;16,2585500000; -61,5191400000;
202100047604.0;1;971;97120;1;9;1.0;6.0;16,2241625630; -61,5266346931;
202100047605.0;5;971;97113;1;1;1.0;1.0;16,2237676693; -61,4817237854;
202100047606.0;1;95;95427;2;3;3.0;3.0;48,9759879479;2,3519870564;
202100047607.0;1;87;87114;2;2;1.0;3.0;45,8295100000;1,3131600000;
202100047608.0;5;87;87085;2;2;1.0;6.0;45,8334800000;1,2577200000;
202100047609.0;1;87;87085;2;1;1.0;7.0;45,8263400000;1,2482500000;
202100047610.0;1;87;87085;2;1;1.0;7.0;45,8415600000;1,2646300000;
202100047611.0;3;86;86194;2;1;2.0;3.0;46,6000990000;0,3220430000;
202100047612.0;1;83;83137;2;1;1.0;6.0;43,1229690000;5,9295380000;
202100047613.0;1;79;79259;1;2;1.0;1.0;46,9538400000; -0,2150800000;
202100047614.0;1;78;78498;2;9;1.0;3.0;48,9298400000;2,0471700000;
202100047615.0;1;77;77445;2;2;1.0;3.0;48,5957900000;2,5865600000;
202100047616.0;1;76;76447;1;6;1.0;6.0;49,5348695336;0,1786079783;
202100047617.0;1;71;71306;2;1;1.0;3.0;46,6650291344;4,3680605292;
202100047618.0;2;69;69092;2;3;2.0;3.0;45,9987100000;4,7064400000;
202100047619.0;1;64;64249;2;1;2.0;6.0;43,4250030000; -1,6043810000;
202100047620.0;1;63;63113;2;3;1.0;6.0;45,7942986104;3,1174167633;
202100047621.0;1;62;62065;2;1;8.0;3.0;50,4197600000;2,8442700000;
202100047622.0;1;59;59350;2;3;2.0;3.0;50,6111281419;3,0457822894;
202100047623.0;1;59;59165;2;3;2.0;3.0;50,3836300000;3,0578100000;
202100047624.0;1;54;54184;2;3;2.0;3.0;48,7052752680;6,2297566608;
202100047625.0;1;51;51454;2;1;1.0;7.0;49,2735000000;4,0266200000;
202100047626.0;1;37;37214;2;6;1.0;6.0;47,4303720994;0,6727194785;
202100047627.0;1;35;35238;2;1;1.0;6.0;48,1108100000; -1,7118080000;
202100047628.0;1;34;34172;2;1;1.0;5.0;43,5939300000;3,8605300000;
202100047629.0;1;33;33192;2;6;1.0;3.0;44,7657400000; -0,6389200000;
202100047630.0;1;32;32013;2;3;1.0;3.0;43,6470300000;0,5874600000;
202100047631.0;1;30;30189;2;1;1.0;6.0;43,8075400000;4,3252000000;
202100047632.0;2;27;27456;1;1;8.0;1.0;49,2006100000;1,2044000000;
202100047633.0;1;17;17300;2;3;1.0;6.0;46,1493500000; -1,1446600000;
202100047634.0;1;14;14301;2;1;1.0;7.0;49,1850000000; -0,2946900000;
202100047635.0;1;14;14118;2;1;1.0;2.0;49,1952800000; -0,4027400000;
202100047636.0;1;13;13205;2;1;1.0;6.0;43,2910797616;5,3999451553;
202100047637.0;1;13;13211;2;3;1.0;3.0;43,2887260000;5,4583420000;
202100047638.0;1;13;13211;2;3;1.0;3.0;43,2967000000;5,4765000000;
202100047639.0;1;13;13215;2;1;1.0;3.0;43,3592660000;5,3650130000;
202100047640.0;1;13;13206;2;1;1.0;3.0;43,2830633511;5,3866535425;
202100047641.0;1;13;13201;2;1;1.0;6.0;43,2994130000;5,3864120000;
202100047642.0;1;10;10387;2;1;2.0;7.0;48,2946400000;4,0653100000;
202100047643.0;1;06;06069;2;1;1.0;4.0;43,6529760000;6,9463200000;
202100047644.0;1;06;06123;1;1;1.0;3.0;43,6916480000;7,1854540000;
202100047645.0;1;02;02691;2;2;1.0;3.0;49,8435400000;3,2787500000;
202100047646.0;1;75;75115;2;1;1.0;2.0;48,8347800000;2,2667970000;
202100047647.0;1;75;75113;2;1;2.0;2.0;48,8257910000;2,3865890000;
202100047648.0;1;75;75113;2;1;1.0;3.0;48,8177380000;2,3673380000;
202100047649.0;1;75;75110;2;7;2.0;3.0;48,8679510000;2,3623910000;
202100047650.0;1;75;75120;2;2;2.0;6.0;48,8760040000;2,4025500000;
202100047651.0;2;75;75116;2;3;2.0;3.0;48,8668700000;2,2718220000;
202100047652.0;1;75;75115;2;1;2.0;7.0;48,8414640000;2,3185980000;
202100047653.0;1;75;75111;2;1;3.0;3.0;48,8561900000;2,3932640000;
202100047654.0;1;75;75111;2;3;1.0;2.0;48,8606690000;2,3673300000;