Num_Acc;lum;departement;commune;agglomeration;intersection;meteo;type_collision;lat;long;date
202100047983.0;1;80;80807;1;1;1.0;6.0;49,9665840000;2,6310320000;
202100047984.0;1;32;32107;2;3;1.0;3.0;43,9591250000;0,3676880000;
202100047985.0;2;55;55557;2;1;8.0;6.0;49,1285340000;5,6280640000;
202100047986.0;2;46;46176;1;1;1.0;1.0;44,6474240000;1,8440350000;
202100047987.0;1;14;14431;2;2;1.0;5.0;49,0755250000; -0,0778620000;
202100047988.0;1;14;14494;2;1;1.0;6.0;49,2562520000; -0,0814780000;
202100047989.0;1;14;14393;1;2;1.0;3.0;49,0850099000; -0,4797950000;
202100047990.0;1;14;14098;1;2;1.0;3.0;49,1770490000; -0,5132960000;
202100047991.0;1;18;18124;1;1;1.0;6.0;47,0762160000;2,0954700000;
202100047992.0;1;06;06088;1;1;1.0;7.0;43,6728540000;7,2002720000;
202100047993.0;1;77;77195;1;1;2.0;6.0;48,5812170000;2,7792030000;
202100047994.0;1;84;84141;1;6;1.0;3.0;43,9538300000;4,8941990000;
202100047995.0;1;03;03316;1;1;2.0;1.0;46,6517250000;3,2658590000;
202100047996.0;1;09;09185;2;1;1.0;2.0;43,2428270000;1,6783820000;
202100047997.0;1;14;14762;2;3;1.0;3.0;48,8386930000; -0,8706990000;
202100047998.0;3;60;60065;1;1;8.0;6.0;49,3409920000;2,2090110000;
202100047999.0;1;59;59482;2;9;1.0;6.0;50,7103260000;2,9972930000;
202100048000.0;3;13;13026;1;1;1.0;7.0;43,3756000000;5,1753000000;
202100048001.0;1;13;13001;1;1;1.0;6.0;43,4949400000;5,4066400000;
202100048002.0;5;13;13055;1;1;1.0;6.0;43,2886390000;5,4244970000;
202100048003.0;1;83;83137;1;1;1.0;2.0;43,1209136994;5,9434640408;
202100048004.0;5;59;59009;2;1;2.0;6.0;50,6493160000;3,1402080000;
202100048005.0;1;91;91689;1;1;1.0;7.0;48,7375100000;2,3183800000;
202100048006.0;1;78;78402;1;1;3.0;6.0;48,9651910000;1,8035520000;
202100048007.0;1;92;92062;1;1;3.0;3.0;48,8936740000;2,2327890000;
202100048008.0;1;60;60505;1;1;1.0;6.0;49,1678900000;2,5992700000;
202100048009.0;1;93;93006;1;1;2.0;2.0;48,8617000000;2,4140700000;
202100048010.0;1;95;95277;1;1;1.0;2.0;48,9774300000;2,4675200000;
202100048011.0;3;974;97409;1;9;1.0;7.0; -20,9427400000;55,6482900000;
202100048012.0;2;973;97302;2;1;2.0;7.0;4,9393739445; -52,3009164334;
202100048013.0;5;69;69387;2;1;1.0;3.0;45,7426900661;4,8497020253;
202100048014.0;1;69;69388;2;1;1.0;6.0;45,7398500000;4,8587900000;
202100048015.0;1;69;69386;2;1;1.0;6.0;45,7677830350;4,8424252868;
202100048016.0;1;69;69388;2;3;1.0;2.0;45,7273770634;4,8538169637;
202100048017.0;1;69;69389;2;2;1.0;3.0;45,7781200000;4,8057400000;
202100048018.0;2;95;95428;2;2;2.0;3.0;48,9708837172;2,3153257370;
202100048019.0;1;91;91687;2;6;1.0;6.0;48,6791800000;2,3749600000;
202100048020.0;1;83;83069;1;1;1.0;6.0;43,0801600000;6,1263600000;
202100048021.0;5;78;78481;2;1;2.0;7.0;48,8971100000;2,1071300000;
202100048022.0;1;69;69256;2;1;1.0;6.0;45,7825300000;4,9110600000;
202100048023.0;5;51;51454;2;1;9.0;4.0;49,2388091770;4,0453351600;
202100048024.0;1;17;17300;2;3;1.0;3.0;46,1584500000; -1,1465300000;
202100048025.0;1;13;13206;2;9;1.0;1.0;43,2904874162;5,3861980240;
202100048026.0;1;13;13208;2;1;1.0;2.0;43,2626600000;5,3767700000;
202100048027.0;2;13;13215;2;6;1.0;6.0;43,3750000000;5,3655230000;
202100048028.0;1;13;13004;1;1;1.0;2.0;43,7150700000;4,6434600000;
202100048029.0;1;07;07102;2;2;1.0;4.0;44,9249900000;4,8702800000;
202100048030.0;5;75;75112;2;1;2.0;6.0;48,8267115795;2,3918280632;
202100048031.0;5;75;75113;2;3;1.0;6.0;48,8209780000;2,3673030000;
202100048032.0;1;75;75119;2;3;1.0;3.0;48,8878730000;2,3735200000;
202100048033.0;1;75;75119;2;7;1.0;3.0;48,8819880000;2,3932650000;
202100048034.0;5;75;75117;2;2;1.0;2.0;48,8918310000;2,3015860000;
202100048035.0;1;75;75116;2;7;1.0;3.0;48,8648910000;2,2940410000;
202100048036.0;1;75;75116;2;5;1.0;3.0;48,8581720000;2,2743530000;
202100048037.0;1;75;75114;2;5;1.0;3.0;48,8375380000;2,3229420000;
202100048038.0;2;75;75110;2;4;1.0;3.0;48,8794840000;2,3531970000;
202100048039.0;1;75;75110;2;3;1.0;6.0;48,8792450000;2,3629010000;
202100048040.0;5;75;75110;2;9;3.0;3.0;48,8715110000;2,3603470000;
202100048041.0;5;75;75107;2;3;2.0;6.0;48,8485220000;2,3067890000;
202100048042.0;1;75;75103;2;2;1.0;2.0;48,8585660000;2,3678340000;
202100048043.0;5;94;94065;2;1;1.0;7.0;48,7475660000;2,3496450000;
202100048044.0;1;94;94033;2;6;1.0;2.0;48,8526700000;2,4904400000;
202100048045.0;1;94;94028;2;1;1.0;2.0;48,7690000000;2,4333400000;
202100048046.0;5;93;93047;2;1;2.0;6.0;48,9031887648;2,5740596652;
202100048047.0;5;93;93008;2;9;2.0;3.0;48,9069600222;2,4587189555;
202100048048.0;5;93;93005;2;1;2.0;3.0;48,9330762053;2,4893204504;
202100048049.0;1;93;93001;2;1;1.0;2.0;48,9156367127;2,3925400993;
202100048050.0;1;92;92064;2;1;1.0;2.0;48,8359104531;2,2018790245;
202100048051.0;1;92;92004;2;3;8.0;6.0;48,9151100000;2,3060100000;
202100048052.0;1;92;92014;2;1;1.0;1.0;48,7870252648;2,3111575842;
202100048053.0;1;974;97415;1;1;1.0;3.0; -21,0161070000;55,2642180000;
202100048054.0;1;24;24157;1;1;2.0;1.0;45,0964210000;0,4366800000;
202100048055.0;1;28;28041;1;1;1.0;6.0;48,3017670000;1,2935540000;
202100048056.0;1;974;97412;1;9;1.0;5.0; -21,3794620000;55,6587770000;
202100048057.0;1;55;55458;1;1;1.0;3.0;49,1637610000;5,7462360000;
202100048058.0;3;64;64295;1;1;9.0;7.0;43,5485710000; -0,6269720000;
202100048059.0;1;29;29075;1;1;1.0;6.0;48,4408460000; -4,4120510000;
202100048060.0;1;34;34095;1;2;1.0;4.0;43,5158050000;3,7698450000;
202100048061.0;1;74;74263;1;1;1.0;6.0;46,3148060000;6,3812540000;
202100048062.0;1;76;76260;1;1;2.0;1.0;49,4948210000;1,7666320000;
202100048063.0;1;2B;2B252;1;1;1.0;1.0;42,4287550000;9,4446000000;
202100048064.0;1;89;89384;2;1;3.0;6.0;47,9114099802;3,3588435540;
202100048065.0;1;61;61110;1;1;1.0;7.0;48,7148080000;0,1869389900;
202100048066.0;1;68;68006;1;1;1.0;7.0;47,6882150000;7,2020750000;
202100048067.0;3;22;22354;1;3;2.0;7.0;48,5683833582; -3,2689641947;
202100048068.0;1;02;02820;1;1;1.0;7.0;49,6344350000;3,2282530000;
202100048069.0;1;54;54394;1;1;2.0;1.0;49,3415904696;5,8306850876;
202100048070.0;4;83;83046;1;9;1.0;6.0;43,5016180000;6,1453750000;
202100048071.0;1;83;83145;1;1;1.0;7.0;43,5921560000;5,9575280000;
202100048072.0;1;53;53030;1;1;1.0;6.0;47,9531590000; -0,6189470000;
202100048073.0;1;21;21229;2;2;2.0;6.0;47,1823550000;4,3611540000;
202100048074.0;2;85;85006;1;1;1.0;7.0;46,7851790000; -1,7520370000;
202100048075.0;1;85;85089;2;3;1.0;5.0;46,7100410000; -1,3196630000;
202100048076.0;1;27;27679;2;6;1.0;2.0;48,7381810000;0,9201640000;
202100048077.0;1;48;48178;1;1;1.0;6.0;44,2720620000;3,8516950000;
202100048078.0;1;978;97801;2;1;1.0;1.0;18,0799370000; -63,0273630000;
202100048079.0;1;01;01237;1;1;4.0;7.0;46,2025570000;5,5934140000;
202100048080.0;1;33;33527;1;1;8.0;6.0;44,6119180000; -1,0297110000;
202100048081.0;1;13;13040;1;1;1.0;2.0;43,4719200000;5,5656700000;
202100048082.0;3;971;97103;1;1;1.0;1.0;16,2591130000; -61,6130550000;
202100048083.0;1;987;98747;1;1;1.0;1.0; -17,7503220000; -149,1922760000;
202100048084.0;3;973;97303;2;6;2.0;7.0;5,4801760000; -53,2116530000;
202100048085.0;2;971;97111;1;1;1.0;2.0;16,3247420000; -61,7852100000;
202100048086.0;2;77;77415;2;1;2.0;2.0;48,9509470000;3,0238100000;
202100048087.0;1;13;13082;1;1;7.0;7.0;43,6579760000;5,3616500000;
202100048088.0;1;13;13100;2;6;1.0;3.0;43,7922950000;4,8394720000;
202100048089.0;3;89;89189;1;1;1.0;6.0;48,2947070000;3,2623260000;
202100048090.0;1;88;88196;2;6;1.0;6.0;48,0672830000;6,8735520000;
202100048091.0;1;55;55122;2;1;1.0;6.0;48,7608710000;5,5903670000;
202100048092.0;1;55;55569;1;1;1.0;7.0;48,8899096431;5,0881826878;
202100048093.0;1;73;73119;1;1;4.0;3.0;45,2002260000;6,5955280000;
202100048094.0;1;26;26064;1;3;2.0;3.0;44,8836070000;4,9898960000;
202100048095.0;1;09;09246;2;1;1.0;7.0;42,9943760000;1,2782980000;
202100048096.0;1;22;22035;1;2;1.0;3.0;48,4448185716; -1,9755488634;
202100048097.0;1;22;22273;2;1;1.0;6.0;48,5583880000; -2,5340650000;
202100048098.0;1;27;27598;1;1;1.0;1.0;49,2263420000;1,2120370000;
202100048099.0;1;13;13215;1;1;1.0;4.0;43,3698100000;5,3610200000;
202100048100.0;2;13;13215;1;1;1.0;5.0;43,3810100000;5,3528200000;
202100048101.0;1;13;13005;1;1;1.0;6.0;43,3148180000;5,5907340000;
202100048102.0;1;13;13070;2;1;1.0;2.0;43,2851800000;5,5167900000;
202100048103.0;3;13;13215;2;1;1.0;4.0;43,3784000000;5,3556000000;
202100048104.0;1;13;13214;1;1;1.0;2.0;43,3318000000;5,3777000000;
202100048105.0;1;69;69091;1;1;1.0;2.0;45,5797800000;4,7365100000;
202100048106.0;5;33;33550;1;1;2.0;4.0;44,7781350000; -0,5553950000;
202100048107.0;3;94;94021;1;1;1.0;6.0;48,7617000000;2,3405000000;
202100048108.0;3;91;91161;1;1;1.0;7.0;48,7042100000;2,3062100000;
202100048109.0;1;94;94021;1;1;1.0;3.0;48,7601000000;2,3385000000;
202100048110.0;3;92;92047;1;1;3.0;6.0;48,8335133603;2,1626128206;
202100048111.0;1;93;93039;1;1;1.0;2.0;48,9283400000;2,3311600000;
202100048112.0;1;93;93066;1;1;1.0;3.0;48,9130400000;2,3580400000;
202100048113.0;1;95;95582;1;1;1.0;2.0;48,9768200000;2,2412400000;
202100048114.0;3;93;93066;1;1;2.0;2.0;48,9342200000;2,3722500000;
202100048115.0;3;94;94017;1;1;3.0;4.0;48,8300800000;2,4869800000;
202100048116.0;1;94;94011;1;1;1.0;6.0;48,7613000000;2,4935100000;
202100048117.0;1;988;98818;2;1;1.0;4.0; -22,2265500000;166,4646400000;
202100048118.0;5;69;69387;2;1;2.0;6.0;45,7310100000;4,8347000000;
202100048119.0;1;69;69386;2;2;1.0;3.0;45,7673800000;4,8507200000;
202100048120.0;1;69;69142;2;3;1.0;3.0;45,7253700000;4,8167200000;
202100048121.0;1;69;69152;2;2;1.0;3.0;45,7008100000;4,8240900000;
202100048122.0;1;971;97101;2;9;1.0;3.0;16,2893400000; -61,4807500000;
202100048123.0;5;971;97101;1;1;1.0;6.0;16,2543300000; -61,5388300000;
202100048124.0;1;91;91027;2;1;2.0;6.0;48,7140000000;2,3958800000;
202100048125.0;1;91;91027;2;1;1.0;4.0;48,7048370000;2,3715860000;
202100048126.0;1;91;91223;2;3;1.0;6.0;48,4291200000;2,1484200000;
202100048127.0;1;83;83141;2;6;1.0;3.0;43,5004400000;6,4851700000;
202100048128.0;1;82;82121;2;3;1.0;3.0;43,9892000000;1,3089900000;
202100048129.0;1;78;78502;2;1;1.0;2.0;48,8811400000;2,1086700000;
202100048130.0;5;77;77014;2;1;8.0;7.0;48,4132900000;2,7218300000;
202100048131.0;5;69;69266;2;1;1.0;6.0;45,7600682719;4,8983520269;
202100048132.0;1;64;64102;2;1;1.0;7.0;43,4801200000; -1,4868400000;
202100048133.0;5;59;59367;1;1;1.0;6.0;50,6660010331;3,2219915092;
202100048134.0;1;50;50002;1;1;2.0;7.0;49,1181970000; -1,1488840000;
202100048135.0;1;49;49007;2;1;1.0;7.0;47,4702500000; -0,5628200000;
202100048136.0;1;47;47323;2;9;1.0;3.0;44,3974900000;0,7074800000;
202100048137.0;1;35;35238;2;2;1.0;6.0;48,1320700000; -1,6352200000;
202100048138.0;5;33;33529;2;1;1.0;6.0;44,6132800000; -1,1280600000;
202100048139.0;1;29;29151;2;1;1.0;6.0;48,5743864696; -3,8149058819;
202100048140.0;1;29;29039;1;1;1.0;6.0;47,8941480000; -3,9140490000;
202100048141.0;2;18;18267;2;1;1.0;5.0;47,0541500000;2,3807600000;
202100048142.0;1;13;13209;2;1;1.0;2.0;43,2503400000;5,3971300000;
202100048143.0;1;13;13213;2;1;1.0;3.0;43,3173500000;5,4052500000;
202100048144.0;1;06;06088;2;1;1.0;1.0;43,6815800000;7,2313600000;
202100048145.0;1;06;06029;2;1;1.0;6.0;43,5541880000;7,0285420000;
202100048146.0;1;06;06027;2;9;1.0;3.0;43,6602400000;7,1441500000;
202100048147.0;5;75;75120;2;2;1.0;3.0;48,8552470000;2,4014720000;
202100048148.0;2;75;75120;2;2;2.0;3.0;48,8547790000;2,4089710000;
202100048149.0;1;75;75118;2;7;1.0;3.0;48,8848910000;2,3593460000;
202100048150.0;1;75;75115;2;2;1.0;3.0;48,8311120000;2,2924450000;
202100048151.0;1;75;75114;2;2;8.0;7.0;48,8329450000;2,3162510000;
202100048152.0;5;75;75114;2;2;1.0;1.0;48,8359960000;2,3276250000;
202100048153.0;1;75;75113;2;4;2.0;6.0;48,8250770000;2,3572650000;
202100048154.0;1;75;75111;2;2;2.0;3.0;48,8655910000;2,3670600000;
202100048155.0;1;75;75110;2;7;2.0;3.0;48,8685190000;2,3630150000;
202100048156.0;1;94;94076;2;1;1.0;2.0;48,7923300000;2,3696200000;
202100048157.0;1;94;94038;2;1;1.0;2.0;48,7812400000;2,3411600000;
202100048158.0;1;94;94002;2;1;8.0;6.0;48,7908300000;2,4240300000;
202100048159.0;1;93;93015;2;1;1.0;3.0;48,9155925190;2,5786896526;
202100048160.0;1;93;93063;2;1;2.0;2.0;48,8778018310;2,4413949251;
202100048161.0;1;93;93045;2;1;2.0;6.0;48,8812194103;2,4206728853;
202100048162.0;1;93;93031;2;3;2.0;3.0;48,9600400000;2,2919000000;
202100048163.0;3;93;93047;2;2;1.0;3.0;48,9064626635;2,5878556697;
202100048164.0;1;92;92022;2;1;2.0;6.0;48,8104472545;2,1902422607;
202100048165.0;1;92;92076;2;1;1.0;2.0;48,8374262692;2,1537494659;
202100048166.0;5;92;92062;2;1;2.0;2.0;48,8853420000;2,2392220000;
202100048167.0;5;92;92051;2;1;1.0;2.0;48,8813700000;2,2713900000;
202100048168.0;5;92;92050;2;1;1.0;3.0;48,8866557137;2,2063690424;
202100048169.0;1;92;92044;2;3;2.0;3.0;48,8915538541;2,2941429913;
202100048170.0;5;92;92035;2;1;2.0;7.0;48,9073000000;2,2388900000;
202100048171.0;5;92;92062;2;9;2.0;7.0;48,8909620000;2,2410910000;
202100048172.0;1;50;50493;1;2;1.0;4.0;48,8368040000; -1,4777950000;
202100048173.0;1;01;01248;1;1;1.0;1.0;45,8819420000;4,9020480000;
202100048174.0;1;68;68112;2;3;2.0;1.0;47,9028080000;7,2267510000;
202100048175.0;3;84;84099;2;6;1.0;6.0;43,8559980000;5,1024700000;
202100048176.0;1;26;26341;1;1;1.0;2.0;45,1428810000;4,8230840000;
202100048177.0;5;83;83019;2;1;1.0;6.0;43,1439470000;6,3557090000;
202100048178.0;1;44;44113;1;1;6.0;6.0;47,5796560000; -1,6288410000;
202100048179.0;1;58;58086;1;1;8.0;2.0;47,3596410000;2,9236510000;
202100048180.0;1;76;76595;1;2;2.0;3.0;49,6363330000;0,1621270000;
202100048181.0;1;65;65231;2;1;1.0;7.0;43,0522070000;0,3708640000;
202100048182.0;1;32;32405;1;1;6.0;6.0;43,8487150000;0,5932780000;
202100048183.0;1;41;41181;1;1;8.0;7.0;47,3219600000;1,2876530000;
202100048184.0;5;39;39500;2;1;2.0;6.0;46,9476040000;5,8822590000;
202100048185.0;3;02;02718;1;1;2.0;6.0;49,1917730000;3,1438920000;
202100048186.0;3;01;01138;1;1;2.0;6.0;45,8309220000;5,7892370000;
202100048187.0;1;50;50003;1;1;1.0;6.0;49,0483500000; -1,5856420000;
202100048188.0;1;64;64273;1;1;8.0;6.0;43,2672690000; -1,2140750000;
202100048189.0;1;64;64256;1;9;1.0;7.0;43,3823430000; -1,3128710000;
202100048190.0;1;73;73154;1;2;1.0;3.0;45,6865570000;6,3729420000;
202100048191.0;1;18;18156;1;1;1.0;6.0;47,2684990000;2,5957990000;
202100048192.0;1;10;10287;1;1;2.0;7.0;48,3626900000;4,3528280000;
202100048193.0;1;07;07172;1;1;1.0;7.0;45,2777780000;4,7397250000;
202100048194.0;1;85;85289;1;1;8.0;6.0;46,6658500000; -0,6862140000;
202100048195.0;1;30;30352;1;1;1.0;1.0;43,8032210000;4,0875580000;
202100048196.0;2;88;88481;2;3;9.0;3.0;48,0990175406;6,3899713755;
202100048197.0;5;973;97307;2;1;1.0;1.0;4,8787500000; -52,3201350000;
202100048198.0;1;57;57659;1;1;4.0;6.0;49,2019950000;6,9492170000;
202100048199.0;1;51;51097;1;1;6.0;7.0;49,0293706362;4,5377403849;
202100048200.0;1;34;34172;1;1;1.0;4.0;43,5918300000;3,9012620000;
202100048201.0;5;77;77483;2;1;2.0;6.0;49,0062960000;2,9321900000;
202100048202.0;1;83;83035;1;1;1.0;1.0;43,2448430000;5,7946440000;
202100048203.0;1;14;14737;2;3;1.0;3.0;48,9168200000; -0,1794400000;
202100048204.0;1;14;14488;2;3;1.0;6.0;49,2828020000; -0,2572130000;
202100048205.0;1;13;13215;1;1;1.0;3.0;43,3660070982;5,3606522083;
202100048206.0;1;13;13015;1;1;1.0;7.0;43,4511500000;5,3961600000;
202100048207.0;1;13;13202;1;1;1.0;3.0;43,3233400000;5,3635000000;
202100048208.0;4;33;33063;1;1;2.0;6.0;44,8841340000; -0,5594790000;
202100048209.0;3;33;33063;1;1;2.0;6.0;44,8837320000; -0,5607450000;
202100048210.0;1;33;33249;1;1;2.0;7.0;44,8849196000; -0,5110737000;
202100048211.0;1;91;91064;1;1;2.0;2.0;48,7491300000;2,2123900000;
202100048212.0;2;91;91617;1;1;2.0;7.0;48,6352600000;2,5357000000;
202100048213.0;1;91;91377;1;1;1.0;2.0;48,7229040000;2,2970610000;
202100048214.0;1;92;92036;1;1;2.0;4.0;48,9343469166;2,2696675005;
202100048215.0;1;92;92047;1;1;2.0;2.0;48,8353909775;2,1783346513;
202100048216.0;1;95;95351;1;1;1.0;2.0;49,0279700000;2,5054600000;
202100048217.0;1;95;95572;1;1;2.0;3.0;49,0282100000;2,1283400000;
202100048218.0;3;93;93053;1;1;2.0;2.0;48,8876600000;2,4740500000;
202100048219.0;3;93;93027;1;1;2.0;6.0;48,9283900000;2,4029400000;
202100048220.0;1;988;98818;2;1;1.0;2.0; -22,3028000000;166,4432200000;
202100048221.0;1;974;97416;1;1;1.0;7.0; -21,2741506926;55,4987015979;
202100048222.0;1;974;97407;2;2;1.0;3.0; -20,9418500000;55,2885600000;
202100048223.0;4;973;97302;1;1;2.0;7.0;4,9116000000; -52,3080000000;
202100048224.0;5;69;69388;2;2;1.0;3.0;45,7390400000;4,8665700000;
202100048225.0;2;69;69386;2;1;1.0;2.0;45,7720700000;4,8545700000;
202100048226.0;5;69;69387;2;2;2.0;3.0;45,7473055972;4,8479866042;
202100048227.0;3;972;97213;1;6;1.0;1.0;14,6195900000; -60,9941400000;
202100048228.0;1;69;69389;2;1;1.0;6.0;45,7665101810;4,8095915536;
202100048229.0;5;69;69034;2;1;8.0;3.0;45,8106700000;4,8453900000;
202100048230.0;1;971;97101;1;1;1.0;1.0;16,2324200000; -61,5214000000;
202100048231.0;5;971;97120;1;1;1.0;6.0;16,2206400000; -61,5280700000;
202100048232.0;5;91;91103;2;9;2.0;1.0;48,6075000000;2,3094620000;
202100048233.0;1;91;91589;2;2;3.0;3.0;48,6768690000;2,3498160000;
202100048234.0;1;87;87085;2;1;2.0;4.0;45,8296000000;1,2467900000;
202100048235.0;5;87;87085;2;1;2.0;3.0;45,8628400000;1,2736700000;
202100048236.0;1;87;87085;2;2;1.0;3.0;45,9074897000;1,2953673000;
202100048237.0;1;83;83137;2;1;1.0;6.0;43,1134975002;5,9478467278;
202100048238.0;1;83;83129;2;3;7.0;1.0;43,0715900000;5,8086700000;
202100048239.0;1;79;79191;2;2;1.0;1.0;46,3213800000; -0,4758000000;
202100048240.0;1;77;77258;2;1;1.0;3.0;48,8371640000;2,6309680000;
202100048241.0;1;76;76540;2;3;2.0;5.0;49,4462380000;1,1070460000;
202100048242.0;1;76;76540;2;9;1.0;7.0;49,4509030000;1,0914190000;
202100048243.0;1;76;76540;2;1;1.0;2.0;49,4333700000;1,0752000000;
202100048244.0;1;76;76305;2;1;1.0;3.0;49,4972900000;0,2112000000;
202100048245.0;1;71;71270;2;1;2.0;6.0;46,2981500000;4,8195400000;
202100048246.0;1;69;69266;2;1;1.0;4.0;45,7639304647;4,9101161957;
202100048247.0;2;69;69256;2;1;1.0;6.0;45,7838300000;4,9168300000;
202100048248.0;1;65;65440;2;3;2.0;3.0;43,2185400000;0,0577400000;
202100048249.0;1;65;65286;2;1;8.0;6.0;43,1025070000; -0,0434710000;
202100048250.0;1;64;64445;2;2;2.0;3.0;43,2990130000; -0,3630740000;
202100048251.0;1;64;64132;2;1;1.0;2.0;43,2866300000; -0,3406300000;
202100048252.0;1;64;64024;2;6;1.0;2.0;43,4971420000; -1,5089200000;
202100048253.0;1;64;64102;2;1;1.0;2.0;43,4867000000; -1,4637100000;
202100048254.0;5;62;62051;2;2;1.0;6.0;50,5176040000;2,7789090000;
202100048255.0;5;57;57240;2;5;8.0;3.0;49,1429100000;6,8136900000;
202100048256.0;1;56;56260;2;6;1.0;3.0;47,6640912781; -2,7553930879;
202100048257.0;1;51;51454;2;1;1.0;2.0;49,2634760999;4,0372328460;
202100048258.0;1;50;50129;2;4;1.0;6.0;49,6306900000; -1,6045600000;
202100048259.0;1;49;49328;2;1;1.0;3.0;47,2365000000; -0,0706700000;
202100048260.0;1;49;49007;2;1;1.0;3.0;47,4737823441; -0,5744015589;
202100048261.0;1;49;49007;2;1;1.0;2.0;47,4667430000; -0,5939480000;
202100048262.0;1;49;49015;2;1;1.0;6.0;47,5040000000; -0,5711800000;
202100048263.0;1;49;49007;1;1;1.0;2.0;47,4672800000; -0,5840200000;
202100048264.0;1;45;45004;2;1;8.0;7.0;47,9707610000;2,7693340000;
202100048265.0;1;45;45004;2;3;1.0;3.0;47,9981300000;2,7703800000;
202100048266.0;2;42;42207;2;4;1.0;6.0;45,4729500000;4,5098000000;
202100048267.0;1;42;42207;2;2;1.0;3.0;45,4921700000;4,5250800000;
202100048268.0;1;40;40192;2;2;1.0;3.0;43,8870100000; -0,5140000000;
202100048269.0;5;38;38423;2;2;1.0;3.0;45,2201000000;5,6915200000;
202100048270.0;1;35;35238;2;2;2.0;3.0;48,0947130000; -1,6901730000;
202100048271.0;1;35;35238;2;1;1.0;6.0;48,1102150000; -1,6763120000;
202100048272.0;1;35;35206;2;1;1.0;4.0;48,0803160000; -1,6961000000;
202100048273.0;1;33;33249;2;1;1.0;2.0;44,8799940000; -0,5160480000;
202100048274.0;1;30;30189;2;2;1.0;6.0;43,8384372571;4,3724750876;
202100048275.0;2;30;30007;2;3;1.0;3.0;44,1196546067;4,1031893492;
202100048276.0;2;27;27229;2;1;2.0;7.0;49,0292400000;1,1862300000;
202100048277.0;1;17;17291;2;1;2.0;6.0;46,1747600000; -1,1302600000;
202100048278.0;1;17;17028;1;1;1.0;4.0;46,1308340000; -1,0918070000;
202100048279.0;1;13;13211;2;1;1.0;6.0;43,2871250000;5,4586140000;
202100048280.0;1;13;13202;2;1;1.0;6.0;43,3016900000;5,3698000000;
202100048281.0;1;13;13028;2;2;1.0;3.0;43,1844000000;5,6049000000;
202100048282.0;1;10;10297;2;3;1.0;3.0;48,3221100000;4,1056000000;
202100048283.0;5;06;06088;2;1;1.0;6.0;43,7174300000;7,2568980000;
202100048284.0;1;06;06029;2;1;1.0;6.0;43,5559680000;7,0170380000;
202100048285.0;1;01;01014;2;6;1.0;3.0;46,2849200000;5,6617600000;
202100048286.0;2;75;75105;2;5;2.0;3.0;48,8384760000;2,3506940000;
202100048287.0;5;75;75119;2;3;2.0;3.0;48,8851770000;2,3793890000;
202100048288.0;2;75;75117;2;2;1.0;3.0;48,8922960000;2,3010140000;
202100048289.0;1;75;75115;2;1;1.0;3.0;48,8430370000;2,3100970000;
202100048290.0;5;75;75115;2;3;1.0;2.0;48,8327442633;2,2787457705;
202100048291.0;1;75;75115;2;4;1.0;3.0;48,8522580000;2,2991930000;
202100048292.0;5;75;75113;2;2;2.0;3.0;48,8305530000;2,3767550000;
202100048293.0;1;75;75112;2;2;1.0;6.0;48,8349200000;2,4054650000;
202100048294.0;1;75;75112;2;3;1.0;7.0;48,8408630358;2,3738380618;
202100048295.0;1;75;75112;2;3;1.0;3.0;48,8361860000;2,4127280000;
202100048296.0;1;75;75110;2;7;1.0;3.0;48,8692660000;2,3557200000;
202100048297.0;5;75;75109;2;2;2.0;6.0;48,8772160000;2,3490160000;
202100048298.0;1;75;75104;2;4;2.0;6.0;48,8528949434;2,3684336768;
202100048299.0;1;94;94081;2;1;1.0;6.0;48,7955200000;2,3916300000;
202100048300.0;1;94;94081;2;3;2.0;3.0;48,7940800000;2,4005900000;
202100048301.0;5;94;94044;2;1;3.0;6.0;48,7513900000;2,4881900000;
202100048302.0;1;94;94068;2;2;2.0;3.0;48,7897796651;2,5149464607;
202100048303.0;1;94;94065;2;1;1.0;2.0;48,7478500000;2,3575900000;
202100048304.0;1;94;94028;2;1;1.0;6.0;48,7976200000;2,4641700000;
202100048305.0;1;94;94017;2;1;8.0;2.0;48,8135300000;2,5375500000;
202100048306.0;1;93;93072;2;1;8.0;6.0;48,9480468698;2,3771272868;
202100048307.0;1;93;93070;2;3;1.0;6.0;48,9023800000;2,3460000000;
202100048308.0;1;93;93053;2;4;2.0;2.0;48,8890704096;2,4712443352;
202100048309.0;1;93;93048;2;3;1.0;3.0;48,8684000000;2,4427000000;
202100048310.0;1;93;93032;2;1;1.0;6.0;48,8835392564;2,5294854574;