Num_Acc;lum;departement;commune;agglomeration;intersection;meteo;type_collision;lat;long;date
202100048311.0;1;93;93031;2;2;1.0;6.0;48,9527665359;2,3275417720;
202100048312.0;2;93;93007;2;2;2.0;3.0;48,9383600078;2,4687538530;
202100048313.0;1;93;93005;2;3;1.0;4.0;48,9602146259;2,5022955582;
202100048314.0;1;92;92035;2;1;1.0;2.0;48,9052150000;2,2342970000;
202100048315.0;1;92;92025;2;2;8.0;1.0;48,9311294560;2,2592043456;
202100048316.0;1;92;92025;2;9;1.0;4.0;48,9310004733;2,2439119220;
202100048317.0;1;92;92004;2;1;1.0;3.0;48,9237495337;2,2756095976;
202100048318.0;3;31;31364;1;1;1.0;6.0;43,7239670000;1,4944730000;
202100048319.0;2;972;97227;1;1;1.0;1.0;14,4685180000; -60,9233520000;
202100048320.0;3;972;97234;1;1;1.0;6.0;14,6780030000; -61,1652390000;
202100048321.0;3;62;62124;1;3;6.0;6.0;50,4941820000;1,7264530000;
202100048322.0;1;56;56058;2;6;3.0;2.0;47,4820630000; -2,3467210000;
202100048323.0;1;76;76750;1;1;2.0;3.0;49,4600630000;0,8351970000;
202100048324.0;3;2B;2B050;1;1;1.0;3.0;42,5493580000;8,7868040000;
202100048325.0;1;11;11235;2;1;1.0;7.0;43,0057690000;2,3703430000;
202100048326.0;1;71;71135;2;2;1.0;3.0;46,4335260000;4,8307520000;
202100048327.0;1;49;49041;1;2;2.0;3.0;47,2882250000;0,0477220000;
202100048328.0;1;12;12224;2;2;2.0;3.0;44,4682710000;2,9851650000;
202100048329.0;1;34;34233;1;1;1.0;6.0;43,7987300000;3,2376410000;
202100048330.0;1;60;60471;2;1;1.0;7.0;49,5779220000;2,9983660000;
202100048331.0;1;18;18087;1;3;1.0;3.0;46,8846260000;2,5356420000;
202100048332.0;1;36;36088;2;1;1.0;2.0;46,9434290000;1,9896220000;
202100048333.0;2;16;16223;1;1;1.0;6.0;45,6801820000;0,5032790000;
202100048334.0;3;07;07129;1;1;1.0;7.0;44,9950140000;4,6016760000;
202100048335.0;1;85;85128;2;6;7.0;6.0;46,4584890000; -1,1469450000;
202100048336.0;1;48;48075;1;4;1.0;1.0;44,3627040000;3,5663080000;
202100048337.0;5;971;97103;2;1;1.0;6.0;16,2612340000; -61,5882290000;
202100048338.0;1;988;98808;1;1;1.0;7.0; -21,2915940000;165,5124180000;
202100048339.0;1;988;98804;1;1;1.0;7.0; -21,5221640000;165,9090390000;
202100048340.0;3;21;21038;1;1;1.0;6.0;47,2119235765;5,4069364071;
202100048341.0;1;57;57521;1;9;1.0;3.0;49,1755350000;6,8962120000;
202100048342.0;1;74;74158;1;1;6.0;2.0;46,2471820000;6,3311880000;
202100048343.0;5;38;38341;1;3;1.0;3.0;45,5670330000;5,4142450000;
202100048344.0;3;01;01191;1;1;3.0;7.0;46,0561980000;5,5232480000;
202100048345.0;2;65;65335;1;1;1.0;7.0;43,1070110000;0,1372440000;
202100048346.0;1;29;29091;1;1;2.0;7.0;48,6307877853; -4,3593240350;
202100048347.0;1;35;35334;1;3;1.0;2.0;48,1410230000; -1,5720070000;
202100048348.0;1;69;69290;1;1;1.0;4.0;45,6909024662;4,9663058018;
202100048349.0;1;33;33039;1;1;1.0;3.0;44,8016900000; -0,5341400000;
202100048350.0;1;33;33249;1;1;1.0;4.0;44,8778500000; -0,5090450000;
202100048351.0;1;91;91161;1;1;1.0;5.0;48,6957700000;2,3172600000;
202100048352.0;1;92;92002;1;1;1.0;6.0;48,7623785299;2,3018771410;
202100048353.0;1;91;91477;1;1;1.0;1.0;48,7202000000;2,2269600000;
202100048354.0;5;92;92063;1;1;2.0;7.0;48,8902900000;2,1706600000;
202100048355.0;1;78;78362;1;1;1.0;3.0;48,9728500000;1,7302300000;
202100048356.0;5;92;92036;1;1;1.0;3.0;48,9357640852;2,2872224731;
202100048357.0;1;95;95394;1;1;2.0;6.0;49,0511120200;2,1848964539;
202100048358.0;3;95;95256;1;1;1.0;6.0;49,0553100000;2,2022100000;
202100048359.0;1;95;95527;1;1;2.0;6.0;49,0006197694;2,5221065481;
202100048360.0;3;95;95580;1;1;2.0;2.0;49,0834667578;2,5513659504;
202100048361.0;2;95;95018;1;1;1.0;5.0;48,9536544878;2,2789686464;
202100048362.0;1;988;98818;2;1;1.0;6.0; -22,2317300000;166,4600000000;
202100048363.0;1;988;98818;2;6;1.0;2.0; -22,2427000000;166,4608500000;
202100048364.0;5;976;97611;2;2;1.0;1.0; -12,8024000000;45,2132300000;
202100048365.0;1;974;97416;2;1;7.0;6.0; -21,3484262010;55,5013775497;
202100048366.0;1;974;97416;2;2;1.0;3.0; -21,2895500000;55,4646900000;
202100048367.0;1;974;97411;2;9;1.0;1.0; -20,8924000000;55,4711400000;
202100048368.0;5;69;69387;2;2;2.0;4.0;45,7490700000;4,8534600000;
202100048369.0;2;69;69259;2;2;3.0;6.0;45,7267900000;4,8625600000;
202100048370.0;1;69;69199;2;3;1.0;6.0;45,7080402974;4,8610136054;
202100048371.0;1;69;69388;2;1;1.0;3.0;45,7297300666;4,8758409668;
202100048372.0;1;972;97213;2;6;1.0;6.0;14,6145700000; -60,9940200000;
202100048373.0;1;972;97209;1;1;1.0;2.0;14,6285000000; -61,0720000000;
202100048374.0;1;69;69286;2;1;1.0;6.0;45,8192000000;4,8827000000;
202100048375.0;1;2B;2B037;2;1;1.0;3.0;42,6256700000;9,4371300000;
202100048376.0;1;2B;2B033;2;6;1.0;3.0;42,6710789074;9,4424310304;
202100048377.0;5;2A;2A004;2;8;1.0;7.0;41,9324343276;8,7408516077;
202100048378.0;1;91;91333;1;1;1.0;6.0;48,6144600000;2,2595200000;
202100048379.0;5;91;91434;2;2;1.0;3.0;48,6524200000;2,3526400000;
202100048380.0;1;91;91687;2;1;1.0;1.0;48,6672700000;2,3654400000;
202100048381.0;1;87;87065;2;1;1.0;6.0;45,8129000000;1,3313200000;
202100048382.0;2;83;83123;1;1;1.0;1.0;43,1451200000;5,8102300000;
202100048383.0;1;80;80021;2;1;1.0;3.0;49,8998800000;2,2686300000;
202100048384.0;3;80;80021;2;1;1.0;6.0;49,8864205722;2,2775816917;
202100048385.0;1;80;80021;2;1;1.0;2.0;49,9133855244;2,2537754775;
202100048386.0;1;79;79191;2;1;2.0;6.0;46,3252900000; -0,4657100000;
202100048387.0;1;77;77108;2;3;1.0;2.0;48,8728130000;2,5793570000;
202100048388.0;1;77;77394;2;3;1.0;3.0;48,5575383115;2,6768444510;
202100048389.0;1;76;76575;2;3;1.0;6.0;49,3984500000;1,0782300000;
202100048390.0;5;76;76351;2;2;1.0;5.0;49,5005620000;0,1391800000;
202100048391.0;5;72;72181;2;1;1.0;6.0;47,9859400000;0,2098600000;
202100048392.0;1;69;69266;2;2;1.0;3.0;45,7601000000;4,8807500000;
202100048393.0;1;67;67482;2;3;1.0;3.0;48,5819000000;7,7035100000;
202100048394.0;1;67;67482;2;3;1.0;3.0;48,5917946107;7,7530195650;
202100048395.0;1;67;67482;2;1;1.0;2.0;48,5814493263;7,7073773053;
202100048396.0;1;64;64102;2;3;2.0;3.0;43,4966390000; -1,4561870000;
202100048397.0;1;64;64102;2;2;1.0;2.0;43,4908600000; -1,4627400000;
202100048398.0;1;64;64024;2;6;1.0;3.0;43,4803100000; -1,5091500000;
202100048399.0;1;63;63193;2;4;1.0;6.0;45,7699982828;3,1897557165;
202100048400.0;1;63;63113;2;1;1.0;6.0;45,7813778118;3,0880955381;
202100048401.0;1;59;59350;2;2;6.0;3.0;50,6228200000;3,0612600000;
202100048402.0;1;57;57240;1;1;1.0;1.0;49,1535800000;6,7870200000;
202100048403.0;5;56;56121;2;1;2.0;1.0;47,7454200000; -3,3675900000;
202100048404.0;1;54;54395;2;2;1.0;6.0;48,6869863372;6,1950405644;
202100048405.0;1;51;51454;2;1;2.0;7.0;49,2190000000;4,0319900000;
202100048406.0;1;50;50147;2;1;1.0;6.0;49,0501740000; -1,4398670000;
202100048407.0;1;44;44109;2;1;2.0;6.0;47,2250200000; -1,5215000000;
202100048408.0;1;43;43041;2;3;8.0;3.0;45,0480000000;3,9199000000;
202100048409.0;1;37;37261;2;1;1.0;6.0;47,3816049025;0,6702306572;
202100048410.0;1;37;37122;2;1;1.0;6.0;47,3584999299;0,6978648402;
202100048411.0;1;35;35238;2;1;1.0;2.0;48,0934200000; -1,6686400000;
202100048412.0;1;35;35238;1;1;2.0;2.0;48,1137700000; -1,7187300000;
202100048413.0;1;30;30007;2;1;1.0;4.0;44,1373300000;4,1048200000;
202100048414.0;1;28;28220;1;1;1.0;4.0;48,4160855447;1,4689314364;
202100048415.0;4;18;18033;1;1;1.0;3.0;47,0464200000;2,3377200000;
202100048416.0;1;14;14118;2;2;1.0;3.0;49,1728100000; -0,3409600000;
202100048417.0;1;14;14137;1;1;1.0;6.0;49,1831300000; -0,4627700000;
202100048418.0;1;30;30032;1;2;1.0;3.0;43,7853300000;4,5702100000;
202100048419.0;3;13;13209;2;1;1.0;3.0;43,2471920000;5,4014120000;
202100048420.0;2;13;13208;2;1;1.0;3.0;43,2753800000;5,3843300000;
202100048421.0;1;13;13212;2;9;1.0;6.0;43,3181483117;5,4347625644;
202100048422.0;1;13;13213;2;1;1.0;2.0;43,3452930000;5,4160370000;
202100048423.0;1;13;13207;2;2;1.0;1.0;43,2893720000;5,3663820000;
202100048424.0;1;13;13204;2;1;1.0;6.0;43,3043000000;5,4010700000;
202100048425.0;1;13;13005;2;1;1.0;1.0;43,2951700827;5,5668466420;
202100048426.0;1;10;10333;2;1;1.0;2.0;48,2823100000;4,0590500000;
202100048427.0;1;06;06123;1;1;1.0;3.0;43,6930060000;7,1851590000;
202100048428.0;2;03;03185;2;1;1.0;6.0;46,3431800000;2,5900900000;
202100048429.0;2;75;75119;2;1;8.0;2.0;48,9006060000;2,3739330000;
202100048430.0;1;75;75117;2;1;1.0;5.0;48,8818110000;2,2828840000;
202100048431.0;1;75;75119;2;2;8.0;6.0;48,8819920000;2,4025010000;
202100048432.0;1;75;75117;2;1;1.0;3.0;48,8773020000;2,2976020000;
202100048433.0;1;75;75117;2;1;2.0;6.0;48,8926090000;2,3193500000;
202100048434.0;5;75;75115;2;1;2.0;2.0;48,8404050000;2,2713730000;
202100048435.0;1;75;75114;2;7;2.0;3.0;48,8344870000;2,3325860000;
202100048436.0;1;75;75113;2;2;2.0;3.0;48,8349620000;2,3449970000;
202100048437.0;1;75;75112;2;2;1.0;3.0;48,8362400000;2,3946520000;
202100048438.0;2;75;75112;2;1;2.0;3.0;48,8434290000;2,4098950000;
202100048439.0;1;75;75108;2;1;2.0;3.0;48,8650250000;2,3180530000;
202100048440.0;1;75;75108;2;2;1.0;5.0;48,8677830000;2,3139050000;
202100048441.0;1;75;75107;2;2;2.0;3.0;48,8550422217;2,2961157560;
202100048442.0;1;75;75107;2;2;1.0;7.0;48,8609770000;2,3149650000;
202100048443.0;1;75;75101;2;7;2.0;1.0;48,8621540000;2,3370180000;
202100048444.0;1;75;75103;2;2;8.0;6.0;48,8644660000;2,3515520000;
202100048445.0;1;94;94078;2;1;1.0;6.0;48,7276900000;2,4454100000;
202100048446.0;5;94;94073;2;1;8.0;3.0;48,7668300000;2,4003400000;
202100048447.0;1;94;94034;2;1;2.0;6.0;48,7549500000;2,3272700000;
202100048448.0;1;94;94018;2;3;8.0;3.0;48,8252700000;2,4097000000;
202100048449.0;1;94;94004;2;1;1.0;4.0;48,7596600000;2,5003500000;
202100048450.0;2;93;93070;2;3;2.0;6.0;48,9036200000;2,3311500000;
202100048451.0;3;93;93066;2;1;1.0;6.0;48,9268450337;2,3701110749;
202100048452.0;1;93;93066;2;1;1.0;3.0;48,9321290403;2,3650419694;
202100048453.0;1;93;93066;2;9;2.0;3.0;48,9097587174;2,3624416674;
202100048454.0;1;93;93066;2;1;1.0;6.0;48,9371617424;2,3561525829;
202100048455.0;2;93;93053;2;1;2.0;6.0;48,8935356979;2,4718893836;
202100048456.0;1;93;93010;2;1;2.0;2.0;48,9011380224;2,4897923522;
202100048457.0;1;93;93005;2;2;1.0;3.0;48,9400207317;2,5047978424;
202100048458.0;1;92;92064;2;1;1.0;2.0;48,8451400000;2,2128800000;
202100048459.0;1;06;06114;2;1;1.0;6.0;43,7344100000;7,2866280000;
202100048460.0;1;40;40133;1;1;1.0;2.0;43,5818870000; -1,4308620000;
202100048461.0;5;10;10381;1;1;1.0;7.0;48,2885400000;3,9849150000;
202100048462.0;1;35;35226;1;1;1.0;2.0;48,4283530000; -1,9136380000;
202100048463.0;1;22;22004;1;1;4.0;7.0;48,6185270000; -3,3077480000;
202100048464.0;3;34;34163;1;1;1.0;6.0;43,6293120000;3,7124450000;
202100048465.0;1;58;58193;1;1;1.0;7.0;47,5513830000;2,8864970000;
202100048466.0;3;83;83021;1;1;1.0;1.0;43,4603490000;5,9282930000;
202100048467.0;2;59;59525;1;1;1.0;6.0;50,0780570000;4,0196760000;
202100048468.0;1;79;79057;1;1;2.0;3.0;46,1442800000; -0,1911070000;
202100048469.0;1;80;80410;2;1;7.0;6.0;49,7474690000;3,0608830000;
202100048470.0;1;33;33020;1;1;8.0;6.0;44,7410260000;0,0620120000;
202100048471.0;1;11;11255;1;1;1.0;3.0;43,1857522800;2,9269743700;
202100048472.0;1;63;63291;2;5;1.0;6.0;45,9598375370;3,4742770325;
202100048473.0;1;55;55181;1;1;1.0;7.0;49,2359083998;5,6624704599;
202100048474.0;1;31;31499;1;6;1.0;3.0;43,5258100000;1,2052080000;
202100048475.0;1;01;01068;1;1;1.0;6.0;46,0820460000;5,4772910000;
202100048476.0;1;70;70326;1;1;1.0;3.0;47,4427320000;6,0752460000;
202100048477.0;1;26;26365;1;1;1.0;5.0;44,7829320000;5,0240140000;
202100048478.0;1;06;06010;1;1;1.0;5.0;43,6849470000;6,9748540000;
202100048479.0;1;16;16073;2;1;7.0;2.0;45,2757661000;0,0517980000;
202100048480.0;2;85;85182;1;2;1.0;3.0;46,7570340000; -0,8684350000;
202100048481.0;1;52;52392;1;1;1.0;3.0;47,9074840000;5,4986490000;
202100048482.0;1;71;71143;1;1;1.0;6.0;46,4618244130;5,2959042478;
202100048483.0;1;987;98738;2;3;1.0;3.0; -17,6124470000; -149,6141340000;
202100048484.0;1;33;33284;1;1;2.0;4.0;44,6464918098; -0,8379931839;
202100048485.0;1;06;06088;1;1;1.0;7.0;43,6729930000;7,1998320000;
202100048486.0;2;45;45024;1;9;6.0;3.0;47,8170050000;1,6785960000;
202100048487.0;1;95;95199;2;1;8.0;2.0;49,0394746478;2,3398316592;
202100048488.0;1;05;05167;1;1;1.0;7.0;44,4591400000;5,7256150000;
202100048489.0;1;07;07097;1;1;1.0;1.0;45,0133890000;4,8363310000;
202100048490.0;1;69;69154;1;1;1.0;3.0;45,7516543527;4,6444702148;
202100048491.0;1;13;13071;1;1;1.0;2.0;43,4047700000;5,3192600000;
202100048492.0;1;13;13071;1;1;1.0;2.0;43,4097000000;5,3639000000;
202100048493.0;1;13;13019;1;1;1.0;3.0;43,4244500000;5,3757500000;
202100048494.0;3;69;69286;1;1;1.0;2.0;45,8209700000;4,9185100000;
202100048495.0;1;91;91687;1;1;1.0;3.0;48,6607000000;2,3714000000;
202100048496.0;1;78;78672;1;1;1.0;2.0;48,9297750000;1,9842580000;
202100048497.0;4;93;93005;1;1;1.0;2.0;48,9278700000;2,4814800000;
202100048498.0;1;94;94017;1;1;1.0;4.0;48,8296100000;2,4987800000;
202100048499.0;1;94;94018;1;1;1.0;3.0;48,8176679679;2,4148114130;
202100048500.0;1;93;93051;1;1;2.0;2.0;48,8360700000;2,5403600000;
202100048501.0;1;74;74281;2;8;1.0;6.0;46,3843700000;6,5044900000;
202100048502.0;1;974;97411;2;1;1.0;1.0; -20,8898700000;55,4483000000;
202100048503.0;1;974;97411;2;9;1.0;3.0; -20,9023400000;55,5031200000;
202100048504.0;1;69;69259;2;3;1.0;2.0;45,7120080336;4,8747754097;
202100048505.0;1;69;69387;2;1;1.0;6.0;45,7508469538;4,8359751105;
202100048506.0;1;69;69259;2;6;1.0;2.0;45,6988300000;4,8860000000;
202100048507.0;3;69;69034;2;1;1.0;2.0;45,7877264497;4,8529314995;
202100048508.0;2;69;69381;2;3;1.0;3.0;45,7706900000;4,8358200000;
202100048509.0;1;971;97101;2;1;1.0;6.0;16,2513200000; -61,5325100000;
202100048510.0;1;95;95585;2;1;1.0;6.0;48,9889172285;2,3779499531;
202100048511.0;1;95;95019;2;1;1.0;4.0;48,9830804648;2,4201934040;
202100048512.0;1;95;95018;2;1;2.0;6.0;48,9398089529;2,2340271360;
202100048513.0;1;91;91114;2;1;1.0;6.0;48,6992600000;2,5059400000;
202100048514.0;1;91;91691;2;9;1.0;2.0;48,7325500000;2,5122400000;
202100048515.0;1;91;91434;2;1;1.0;2.0;48,6566950000;2,3389560000;
202100048516.0;1;87;87085;2;2;1.0;3.0;45,8672100000;1,2692700000;
202100048517.0;1;78;78372;2;1;2.0;2.0;48,8665100000;2,0936500000;
202100048518.0;1;77;77374;1;1;1.0;1.0;48,8078220265;2,6975868912;
202100048519.0;4;76;76540;2;1;8.0;7.0;49,4531900000;1,0976800000;
202100048520.0;1;74;74010;2;2;1.0;3.0;45,9033000000;6,1260300000;
202100048521.0;1;72;72181;2;1;1.0;5.0;47,9795700000;0,1939800000;
202100048522.0;1;69;69290;2;1;1.0;1.0;45,6926558224;4,9361202121;
202100048523.0;1;69;69275;2;3;1.0;3.0;45,7474000000;4,9363100000;
202100048524.0;1;68;68166;2;1;1.0;3.0;47,7804400000;7,3293000000;
202100048525.0;1;67;67267;2;3;1.0;3.0;48,5570400000;7,6894800000;
202100048526.0;1;67;67482;2;8;1.0;3.0;48,5919600000;7,7040500000;
202100048527.0;1;65;65417;2;1;1.0;1.0;43,2259182988;0,0917664170;
202100048528.0;1;64;64335;1;6;1.0;5.0;43,3442700000; -0,4305700000;
202100048529.0;1;64;64445;2;2;1.0;3.0;43,3001400000; -0,3670200000;
202100048530.0;1;64;64284;2;3;1.0;3.0;43,2778500000; -0,3871800000;
202100048531.0;1;64;64284;2;2;1.0;3.0;43,2930500000; -0,3867500000;
202100048532.0;1;64;64122;2;1;1.0;3.0;43,4702400000; -1,5545400000;
202100048533.0;1;64;64024;2;6;1.0;2.0;43,4803700000; -1,5091200000;
202100048534.0;1;64;64102;2;9;1.0;3.0;43,4858100000; -1,4717900000;
202100048535.0;1;63;63113;2;1;1.0;3.0;45,7924900000;3,1467500000;
202100048536.0;1;63;63113;2;3;1.0;4.0;45,8118800000;3,1072300000;
202100048537.0;1;62;62525;2;2;1.0;3.0;50,7401600000;2,2763580000;
202100048538.0;1;59;59183;2;3;1.0;1.0;51,0410900000;2,3469300000;
202100048539.0;5;59;59017;2;2;1.0;3.0;50,6913860000;2,8731150000;
202100048540.0;5;57;57221;2;1;1.0;6.0;49,3325000000;6,1351700000;
202100048541.0;1;56;56260;2;1;1.0;3.0;47,6656800000; -2,7703200000;
202100048542.0;1;56;56121;2;3;1.0;6.0;47,7549000000; -3,3632400000;
202100048543.0;2;56;56121;2;1;1.0;6.0;47,7533100000; -3,3722500000;
202100048544.0;1;51;51454;2;1;1.0;4.0;49,2555154035;4,0153124928;
202100048545.0;1;47;47001;2;4;1.0;6.0;44,1955800000;0,6319500000;
202100048546.0;2;37;37195;1;1;1.0;6.0;47,3832563131;0,6509827023;
202100048547.0;1;35;35238;2;2;2.0;3.0;48,1296492366; -1,6429993179;
202100048548.0;1;34;34032;2;1;8.0;1.0;43,3338100000;3,2556700000;
202100048549.0;5;33;33039;2;3;2.0;3.0;44,8094300000; -0,5373700000;
202100048550.0;1;29;29232;2;6;3.0;3.0;47,9946500000; -4,0729900000;
202100048551.0;1;29;29019;2;1;1.0;6.0;48,3868290000; -4,4777800000;
202100048552.0;1;26;26362;2;2;1.0;3.0;44,9161900000;4,9109960000;
202100048553.0;1;26;26198;2;1;1.0;2.0;44,5693000000;4,7841100000;
202100048554.0;1;17;17028;1;1;1.0;4.0;46,1306650000; -1,0895110000;
202100048555.0;1;15;15014;2;1;1.0;6.0;44,9109160000;2,4508410000;
202100048556.0;1;13;13201;2;1;1.0;6.0;43,2989900000;5,3870800000;
202100048557.0;1;13;13206;2;2;1.0;6.0;43,2927300000;5,3875200000;
202100048558.0;1;13;13063;2;3;1.0;3.0;43,5779500000;4,9987300000;
202100048559.0;1;06;06069;2;1;1.0;6.0;43,6371120000;6,9107790000;
202100048560.0;1;75;75120;2;2;1.0;3.0;48,8534070000;2,3984430000;
202100048561.0;1;75;75120;2;4;1.0;6.0;48,8539980000;2,4057370000;
202100048562.0;5;75;75119;2;2;2.0;7.0;48,8905699980;2,3768772413;
202100048563.0;1;75;75118;2;3;1.0;6.0;48,8825500000;2,3419280000;
202100048564.0;1;75;75117;2;3;1.0;3.0;48,8835420000;2,2881630000;
202100048565.0;1;75;75117;2;2;1.0;3.0;48,8884210000;2,3172610000;
202100048566.0;5;75;75116;2;2;1.0;3.0;48,8601450000;2,2781200000;
202100048567.0;1;75;75115;2;5;1.0;3.0;48,8499070000;2,3011300000;
202100048568.0;1;75;75114;2;2;1.0;7.0;48,8292940000;2,3226490000;
202100048569.0;1;75;75113;2;1;2.0;3.0;48,8266380000;2,3595420000;
202100048570.0;2;75;75112;2;1;2.0;3.0;48,8392810000;2,3927750000;
202100048571.0;1;75;75111;2;3;1.0;3.0;48,8539960000;2,3823160000;
202100048572.0;1;75;75110;2;1;1.0;3.0;48,8686140000;2,3580130000;
202100048573.0;1;75;75109;2;2;1.0;6.0;48,8761770000;2,3353670000;
202100048574.0;1;75;75107;2;2;1.0;2.0;48,8526800000;2,2997950000;
202100048575.0;1;75;75103;2;2;8.0;6.0;48,8616660000;2,3516680000;
202100048576.0;1;75;75103;2;2;1.0;3.0;48,8662380000;2,3525320000;
202100048577.0;1;75;75101;2;2;1.0;2.0;48,8639000000;2,3423590000;
202100048578.0;5;75;75101;2;7;1.0;3.0;48,8601180000;2,3333320000;
202100048579.0;1;94;94044;2;1;2.0;6.0;48,7518100000;2,4875300000;
202100048580.0;1;94;94068;2;2;1.0;3.0;48,7940440913;2,5073933601;
202100048581.0;1;94;94076;2;1;1.0;2.0;48,7842200000;2,3669000000;
202100048582.0;2;94;94041;2;1;2.0;6.0;48,8031300000;2,3949400000;
202100048583.0;1;94;94033;2;1;1.0;7.0;48,8590400000;2,4744700000;
202100048584.0;5;94;94022;2;1;2.0;6.0;48,7651700000;2,4076300000;
202100048585.0;1;94;94079;2;1;1.0;6.0;48,8264120000;2,5416120000;
202100048586.0;1;94;94079;2;1;1.0;6.0;48,8242800000;2,5340000000;
202100048587.0;5;94;94075;2;1;2.0;6.0;48,7285300000;2,5287800000;
202100048588.0;1;93;93059;2;1;1.0;6.0;48,9614266022;2,3656010628;
202100048589.0;1;93;93048;2;9;2.0;3.0;48,8687000000;2,4705800000;
202100048590.0;1;93;93031;2;1;1.0;3.0;48,9585200000;2,3010400000;
202100048591.0;1;93;93029;2;2;1.0;3.0;48,9224400000;2,4336400000;
202100048592.0;5;93;93027;2;2;2.0;3.0;48,9243976529;2,4016505441;
202100048593.0;5;93;93010;2;1;2.0;6.0;48,9032324638;2,4960384790;
202100048594.0;5;92;92062;2;1;2.0;3.0;48,8823024557;2,2346899752;
202100048595.0;2;92;92024;2;3;2.0;2.0;48,9002160440;2,3149207234;
202100048596.0;5;92;92002;2;2;1.0;3.0;48,7487932487;2,3040363193;
202100048597.0;1;974;97415;1;1;1.0;6.0; -21,0197380000;55,2707150000;
202100048598.0;3;974;97415;2;1;1.0;6.0; -21,0850290000;55,2720710000;
202100048599.0;2;51;51649;2;1;1.0;6.0;48,7273650000;4,5804940000;
202100048600.0;3;83;83072;2;1;1.0;7.0;43,4794480000;6,3534770000;
202100048601.0;5;972;97204;2;1;1.0;3.0;14,7125510000; -61,1841540000;
202100048602.0;2;68;68300;2;6;1.0;2.0;47,7795010000;7,3649950000;
202100048603.0;1;01;01419;1;6;1.0;3.0;46,2354800000;6,0078750000;
202100048604.0;1;74;74010;1;1;1.0;1.0;45,9588030000;6,1260370000;
202100048605.0;1;06;06109;1;1;1.0;7.0;43,8269110000;7,1988340000;
202100048606.0;1;01;01173;2;3;1.0;6.0;46,3370290000;6,0684230000;
202100048607.0;1;74;74256;2;1;1.0;2.0;45,9329160000;6,6327490000;
202100048608.0;1;74;74256;2;3;1.0;6.0;45,9327930000;6,6328830000;
202100048609.0;1;80;80078;2;3;6.0;7.0;50,0904010000;1,9106340000;
202100048610.0;1;80;80606;1;1;2.0;6.0;49,9476840000;1,7757240000;
202100048611.0;1;82;82058;1;2;1.0;3.0;43,9478210000;1,0028140000;
202100048612.0;3;55;55315;1;1;2.0;7.0;48,5196546788;5,3722729683;
202100048613.0;1;25;25345;1;1;1.0;6.0;47,4517950000;6,6528920000;
202100048614.0;1;29;29065;2;3;1.0;6.0;48,0180480000; -4,2681080000;
202100048615.0;1;03;03159;2;1;1.0;7.0;46,2999910000;2,7352390000;
202100048616.0;1;66;66105;1;1;1.0;7.0;42,5984260000;2,1319240000;
202100048617.0;1;36;36088;1;1;1.0;7.0;46,9426900000;2,0141190000;
202100048618.0;1;40;40080;1;3;1.0;2.0;43,7537290000; -0,2957190000;
202100048619.0;1;85;85039;1;1;1.0;3.0;47,0004390000; -1,1586830000;
202100048620.0;1;27;27214;1;1;1.0;6.0;49,3089070000;1,4106190000;
202100048621.0;1;24;24289;1;1;1.0;6.0;44,8522710000;0,0877780000;
202100048622.0;1;06;06152;1;1;1.0;2.0;43,6133350000;7,0449560000;
202100048623.0;1;42;42097;1;1;1.0;2.0;45,5214770000;4,2906920000;
202100048624.0;1;38;38052;2;1;1.0;6.0;45,0551612287;6,0425662994;
202100048625.0;1;51;51454;1;1;2.0;4.0;49,2274280000;4,0533860000;
202100048626.0;1;69;69006;1;1;1.0;3.0;45,9481704875;4,3473887444;
202100048627.0;1;95;95656;1;1;1.0;6.0;49,0615469749;1,7197723549;
202100048628.0;1;06;06048;2;4;1.0;3.0;43,7878400000;7,3323610000;
202100048629.0;1;13;13015;1;1;1.0;2.0;43,4381500000;5,4301640000;
202100048630.0;5;01;01249;2;3;1.0;3.0;45,8224330000;4,9491640000;
202100048631.0;1;69;69069;2;2;1.0;3.0;45,7458900000;4,7165140000;
202100048632.0;1;17;17232;1;4;1.0;1.0;45,6532430000; -0,8046410000;
202100048633.0;1;16;16146;1;1;3.0;6.0;45,6236800000;0,2828980000;
202100048634.0;1;56;56007;2;6;1.0;3.0;47,6638410000; -3,0096750000;
202100048635.0;1;13;13005;1;1;1.0;2.0;43,3192272008;5,5913721126;
202100048636.0;1;13;13211;1;1;1.0;5.0;43,2861860000;5,4304640000;
202100048637.0;1;38;38544;1;1;1.0;4.0;45,5411900000;4,8549400000;
202100048638.0;5;33;33143;1;1;1.0;6.0;44,9747860000; -0,4333190000;
202100048639.0;2;91;91471;1;1;1.0;4.0;48,6921260000;2,1815480000;