Num_Acc;lum;departement;commune;agglomeration;intersection;meteo;type_collision;lat;long;date
202100049625.0;2;67;67482;2;3;1.0;6.0;48,5645190000;7,7121860000;
202100049626.0;1;66;66136;2;1;1.0;4.0;42,6837400000;2,9093300000;
202100049627.0;1;66;66136;1;1;1.0;4.0;42,6814500000;2,8570300000;
202100049628.0;1;65;65226;1;3;1.0;3.0;43,2168370000;0,0162010000;
202100049629.0;1;64;64348;2;3;1.0;1.0;43,3260700000; -0,3892700000;
202100049630.0;1;64;64122;2;1;1.0;7.0;43,4576300000; -1,5530700000;
202100049631.0;1;64;64125;2;1;1.0;5.0;43,4312200000; -1,5962900000;
202100049632.0;1;63;63113;2;1;1.0;1.0;45,7802600000;3,0823000000;
202100049633.0;5;61;61001;2;1;1.0;6.0;48,4409100000;0,0927700000;
202100049634.0;5;59;59350;2;2;1.0;3.0;50,6358340000;3,0094830000;
202100049635.0;5;57;57143;2;1;1.0;;49,2610400000;6,0948300000;
202100049636.0;1;56;56121;2;1;1.0;6.0;47,7580600000; -3,3712600000;
202100049637.0;1;51;51454;2;2;1.0;3.0;49,2701184804;4,0222842238;
202100049638.0;1;49;49007;2;1;1.0;2.0;47,4742380000; -0,5532850000;
202100049639.0;1;44;44162;2;1;1.0;3.0;47,2080100000; -1,6375600000;
202100049640.0;1;41;41295;1;4;1.0;1.0;47,5968100000;1,3792300000;
202100049641.0;1;35;35238;2;1;1.0;6.0;48,1220300000; -1,7095700000;
202100049642.0;2;35;35055;1;6;1.0;3.0;48,0782000000; -1,6328000000;
202100049643.0;1;34;34108;1;1;1.0;5.0;43,4415000000;3,7169600000;
202100049644.0;2;34;34172;2;3;1.0;3.0;43,6176800000;3,8433800000;
202100049645.0;1;33;33281;2;9;1.0;3.0;44,8308600000; -0,6611400000;
202100049646.0;1;29;29019;2;6;1.0;3.0;48,4150200000; -4,4792400000;
202100049647.0;1;27;27375;2;3;1.0;3.0;49,2069700000;1,1880600000;
202100049648.0;1;22;22278;2;1;1.0;1.0;48,5063070000; -2,7324360000;
202100049649.0;5;21;21231;2;2;2.0;3.0;47,3003821972;5,0205346942;
202100049650.0;5;21;21231;2;5;1.0;3.0;47,3205040000;5,0504150000;
202100049651.0;1;16;16015;2;1;1.0;6.0;45,6493500000;0,1595400000;
202100049652.0;2;30;30032;1;3;5.0;3.0;43,7833700000;4,6257100000;
202100049653.0;1;13;13108;2;1;1.0;1.0;43,8064662105;4,6578073529;
202100049654.0;5;13;13208;2;1;1.0;2.0;43,2484900000;5,3885190000;
202100049655.0;1;13;13213;2;2;1.0;3.0;43,3435496350;5,4460892826;
202100049656.0;1;06;06029;2;1;1.0;7.0;43,5638700000;7,0129600000;
202100049657.0;1;75;75112;2;4;1.0;3.0;48,8278710002;2,3887270689;
202100049658.0;5;75;75114;2;1;1.0;7.0;48,8187880000;2,3317430000;
202100049659.0;1;75;75105;2;4;1.0;2.0;48,8391430000;2,3509750000;
202100049660.0;1;75;75118;2;2;1.0;3.0;48,8883500000;2,3496000000;
202100049661.0;1;75;75116;2;1;1.0;2.0;48,8584799404;2,2887879610;
202100049662.0;1;75;75115;2;3;1.0;3.0;48,8306920000;2,3062760000;
202100049663.0;1;75;75113;2;2;1.0;6.0;48,8191280000;2,3594520000;
202100049664.0;1;75;75107;2;2;1.0;3.0;48,8628270000;2,3134680000;
202100049665.0;1;75;75102;2;2;1.0;7.0;48,8670620000;2,3529610000;
202100049666.0;1;75;75103;2;2;1.0;2.0;48,8673313025;2,3633959497;
202100049667.0;1;75;75104;2;3;1.0;3.0;48,8529060000;2,3589840000;
202100049668.0;1;94;94058;2;1;1.0;2.0;48,8392700000;2,5127800000;
202100049669.0;1;94;94058;2;3;1.0;3.0;48,8404100000;2,5101400000;
202100049670.0;5;94;94046;2;2;1.0;3.0;48,8028400000;2,4342900000;
202100049671.0;2;94;94037;2;2;1.0;3.0;48,8101800000;2,3407600000;
202100049672.0;5;94;94041;2;3;1.0;3.0;48,8112700000;2,3840000000;
202100049673.0;1;94;94073;2;1;1.0;3.0;48,7621100000;2,3684600000;
202100049674.0;1;94;94028;2;1;1.0;6.0;48,7702800000;2,4566700000;
202100049675.0;1;94;94017;2;1;1.0;3.0;48,8138900000;2,5097400000;
202100049676.0;1;94;94071;2;6;1.0;6.0;48,7715300000;2,5275700000;
202100049677.0;5;93;93066;2;2;1.0;5.0;48,9372074100;2,3720722819;
202100049678.0;5;93;93066;2;1;1.0;2.0;48,9297900000;2,3615900000;
202100049679.0;1;93;93066;2;1;1.0;2.0;48,9294500000;2,3510100000;
202100049680.0;1;93;93062;2;1;1.0;3.0;48,8988665812;2,5187691159;
202100049681.0;5;93;93055;2;1;1.0;3.0;48,8998300000;2,4097000000;
202100049682.0;1;93;93053;2;1;1.0;3.0;48,8945417484;2,4469256401;
202100049683.0;5;93;93048;2;9;1.0;3.0;48,8552790284;2,4330239890;
202100049684.0;1;93;93071;2;3;1.0;3.0;48,9300600000;2,5258700000;
202100049685.0;1;93;93001;2;3;1.0;6.0;48,9037341491;2,3921227455;
202100049686.0;5;93;93001;2;1;1.0;6.0;48,9092658599;2,3783227513;
202100049687.0;1;92;92046;2;3;1.0;6.0;48,8147000000;2,2968400000;
202100049688.0;1;92;92062;2;1;1.0;3.0;48,8852318236;2,2255924344;
202100049689.0;1;92;92036;2;1;1.0;2.0;48,9205199889;2,3238394393;
202100049690.0;1;92;92023;2;6;1.0;6.0;48,7996196875;2,2601124644;
202100049691.0;1;92;92002;2;3;1.0;6.0;48,7545559949;2,2974015523;
202100049692.0;1;51;51649;2;1;1.0;7.0;48,7245190000;4,5842620000;
202100049693.0;3;67;67370;1;1;1.0;7.0;48,8785000000;7,2726090000;
202100049694.0;1;06;06149;2;1;1.0;3.0;43,7339920000;7,3008980000;
202100049695.0;1;31;31573;1;1;1.0;3.0;43,6573940000;1,6908220000;
202100049696.0;1;63;63004;1;1;1.0;1.0;45,9165200000;2,8028230000;
202100049697.0;1;14;14061;1;4;1.0;3.0;48,9631735340; -0,8163785935;
202100049698.0;1;76;76419;1;1;1.0;6.0;49,3951135110;0,8793877065;
202100049699.0;1;76;76543;1;1;1.0;7.0;49,6146030000;0,4878400000;
202100049700.0;1;79;79207;1;1;1.0;2.0;46,8910090000; -0,7424570000;
202100049701.0;1;79;79101;2;1;1.0;6.0;46,4788840000; -0,5993020000;
202100049702.0;1;69;69088;2;1;1.0;6.0;45,8354968349;4,8472755029;
202100049703.0;1;12;12120;1;1;1.0;1.0;44,3859860000;2,8248700000;
202100049704.0;1;47;47216;1;1;1.0;6.0;44,5175310000;0,3394600000;
202100049705.0;3;44;44164;1;1;1.0;6.0;47,1228110000; -1,8290900000;
202100049706.0;3;44;44107;1;1;1.0;7.0;47,4252420000; -1,3017510000;
202100049707.0;3;38;38287;1;3;1.0;3.0;45,4270320000;5,4770060000;
202100049708.0;1;15;15122;2;3;1.0;6.0;44,7111720000;2,1975500000;
202100049709.0;3;58;58262;1;1;1.0;7.0;47,0598170000;3,7992630000;
202100049710.0;3;64;64247;1;1;1.0;1.0;43,1873430000; -0,9031960000;
202100049711.0;5;04;04116;2;1;1.0;6.0;44,0331400000;5,9858380000;
202100049712.0;3;17;17350;1;1;1.0;2.0;45,9385900000; -0,4797240000;
202100049713.0;1;17;17197;2;1;1.0;6.0;45,4508620000; -0,4416560000;
202100049714.0;1;978;97801;2;1;1.0;1.0;18,0617970000; -63,1118850000;
202100049715.0;1;37;37003;2;1;1.0;6.0;47,4110810114;0,9796015086;
202100049716.0;3;2A;2A247;1;1;1.0;6.0;41,4905675930;9,2435349860;
202100049717.0;1;83;83047;1;1;1.0;3.0;43,1407348200;6,0517442900;
202100049718.0;3;63;63038;1;1;9.0;6.0;45,5085837865;2,9094536304;
202100049719.0;1;74;74140;1;1;1.0;6.0;46,2453560000;6,4678790000;
202100049720.0;1;38;38487;2;1;1.0;6.0;45,5599960000;4,8514080000;
202100049721.0;1;33;33056;2;3;1.0;6.0;44,9094820000; -0,6379850000;
202100049722.0;1;56;56152;1;1;1.0;1.0;47,3321330000; -3,1647380000;
202100049723.0;1;22;22324;1;1;2.0;6.0;48,7644920000; -3,4504800000;
202100049724.0;1;27;27270;1;1;1.0;6.0;49,2880570000;1,4139690000;
202100049725.0;1;60;60666;1;9;1.0;3.0;49,1034730000;2,6889900000;
202100049726.0;1;60;60504;2;1;1.0;1.0;49,3432260000;2,1982630000;
202100049727.0;1;62;62861;1;2;1.0;3.0;50,3777910000;2,8504480000;
202100049728.0;2;59;59400;2;3;1.0;6.0;50,6423240000;2,6389560000;
202100049729.0;1;59;59268;2;8;1.0;6.0;50,6377740136;2,7203600854;
202100049730.0;1;83;83144;1;1;1.0;4.0;43,1338388938;5,9861862659;
202100049731.0;1;91;91689;1;1;1.0;3.0;48,7220800000;2,3117000000;
202100049732.0;1;91;91689;1;1;1.0;2.0;48,7299400000;2,3145800000;
202100049733.0;1;93;93001;1;1;1.0;2.0;48,9208700000;2,3717500000;
202100049734.0;1;93;93066;1;1;1.0;2.0;48,9339100000;2,3820200000;
202100049735.0;3;94;94069;1;1;1.0;6.0;48,8175082166;2,4337587596;
202100049736.0;5;973;97302;2;1;1.0;5.0;4,9174600000; -52,3130100000;
202100049737.0;1;69;69259;2;1;1.0;1.0;45,7138700000;4,8731800000;
202100049738.0;1;69;69383;2;2;1.0;3.0;45,7583900000;4,8486800000;
202100049739.0;1;69;69386;2;2;1.0;3.0;45,7651248015;4,8532039134;
202100049740.0;1;69;69199;2;2;8.0;3.0;45,7055100000;4,8591100000;
202100049741.0;1;69;69387;2;2;1.0;1.0;45,7476600000;4,8502600000;
202100049742.0;1;972;97209;2;1;1.0;6.0;14,6323800000; -61,0677600000;
202100049743.0;1;2B;2B033;2;6;1.0;3.0;42,6650800000;9,4385600000;
202100049744.0;5;91;91665;2;1;1.0;5.0;48,6565180000;2,2746500000;
202100049745.0;5;83;83137;2;1;1.0;2.0;43,1250180000;5,9318870000;
202100049746.0;1;78;78624;1;1;1.0;7.0;48,9550600000;2,0156000000;
202100049747.0;1;69;69266;2;3;1.0;3.0;45,7678352871;4,8887399941;
202100049748.0;1;69;69271;2;2;1.0;5.0;45,7276600000;4,9632900000;
202100049749.0;1;69;69290;2;1;1.0;2.0;45,6895900000;4,9386800000;
202100049750.0;1;69;69092;1;1;1.0;7.0;45,9813500000;4,6697600000;
202100049751.0;1;64;64102;2;6;1.0;7.0;43,4918200000; -1,4536900000;
202100049752.0;1;64;64102;2;6;2.0;7.0;43,4909300000; -1,4535200000;
202100049753.0;2;62;62193;2;6;1.0;6.0;50,9470490000;1,9204720000;
202100049754.0;1;59;59220;2;1;1.0;3.0;50,5849225282;3,0844065729;
202100049755.0;5;59;59350;2;9;1.0;3.0;50,6381276311;3,0792802200;
202100049756.0;1;42;42270;2;1;1.0;2.0;45,3965566902;4,2352759127;
202100049757.0;1;29;29039;1;3;1.0;2.0;47,9151847386; -3,9455853745;
202100049758.0;1;27;27681;2;7;1.0;3.0;49,0831500000;1,4776900000;
202100049759.0;1;15;15012;2;1;1.0;6.0;44,9001000000;2,4597000000;
202100049760.0;1;13;13063;2;1;1.0;6.0;43,5883100000;4,9960700000;
202100049761.0;1;08;08409;2;1;7.0;6.0;49,7015800000;4,9375600000;
202100049762.0;1;02;02408;2;1;1.0;6.0;49,5499000000;3,6135000000;
202100049763.0;1;75;75116;2;4;1.0;2.0;48,8466750000;2,2545830000;
202100049764.0;4;75;75119;2;2;1.0;3.0;48,8851010000;2,3837770000;
202100049765.0;1;75;75118;2;1;1.0;2.0;48,9010760000;2,3452730000;
202100049766.0;1;75;75116;2;2;1.0;3.0;48,8407020000;2,2650160000;
202100049767.0;1;75;75116;2;2;1.0;3.0;48,8684990000;2,2653160000;
202100049768.0;1;75;75116;2;4;1.0;6.0;48,8672930000;2,2903330000;
202100049769.0;5;75;75115;2;3;1.0;3.0;48,8450600000;2,2974450000;
202100049770.0;1;75;75113;2;5;1.0;2.0;48,8368050000;2,3518570000;
202100049771.0;1;75;75112;2;1;1.0;2.0;48,8358680000;2,3791090000;
202100049772.0;1;75;75109;2;2;1.0;3.0;48,8714810000;2,3430500000;
202100049773.0;1;75;75107;2;3;1.0;7.0;48,8624630000;2,3054220000;
202100049774.0;1;75;75107;2;2;1.0;3.0;48,8502620000;2,3123550000;
202100049775.0;5;75;75104;2;3;1.0;6.0;48,8529060000;2,3589840000;
202100049776.0;1;75;75108;2;2;1.0;6.0;48,8640680000;2,3201250000;
202100049777.0;1;75;75104;2;2;1.0;6.0;48,8555280000;2,3577610000;
202100049778.0;1;75;75101;2;4;1.0;7.0;48,8649600000;2,3347570000;
202100049779.0;1;93;93073;2;2;1.0;5.0;48,9548900000;2,5670000000;
202100049780.0;1;93;93073;2;1;1.0;6.0;49,0028833603;2,5368793539;
202100049781.0;2;93;93064;2;1;1.0;6.0;48,8733047758;2,4978351089;
202100049782.0;5;93;93048;2;1;1.0;6.0;48,8528579488;2,4440410636;
202100049783.0;5;93;93053;2;2;1.0;3.0;48,8865527730;2,4720528424;
202100049784.0;1;93;93074;2;9;1.0;3.0;48,9344600000;2,5649700000;
202100049785.0;1;93;93029;2;1;1.0;6.0;48,9237464587;2,4556939561;
202100049786.0;5;93;93010;2;2;1.0;1.0;48,9059970237;2,4803187703;
202100049787.0;1;92;92064;2;1;1.0;6.0;48,8333116027;2,1943473816;
202100049788.0;1;11;11203;1;1;1.0;6.0;43,1696060000;2,7458580000;
202100049789.0;1;31;31082;2;9;8.0;3.0;43,5991017090;1,7123354245;
202100049790.0;1;67;67477;1;1;1.0;7.0;48,3662680000;7,2238460000;
202100049791.0;2;42;42182;1;2;1.0;3.0;46,0578360000;3,9289160000;
202100049792.0;1;37;37232;1;1;1.0;2.0;47,2911738562;0,2847406268;
202100049793.0;1;61;61497;1;1;1.0;6.0;48,4758840000;0,1235480000;
202100049794.0;5;59;59331;2;9;1.0;1.0;50,1195530000;3,6978600000;
202100049795.0;1;19;19187;1;3;1.0;3.0;45,3069650000;1,3609100000;
202100049796.0;1;56;56169;1;1;1.0;3.0;47,6890960000; -3,2975290000;
202100049797.0;1;56;56046;1;1;1.0;4.0;47,6318260000; -2,9905300000;
202100049798.0;1;74;74269;1;1;1.0;6.0;45,9726440000;5,8405530000;
202100049799.0;1;74;74225;2;2;1.0;6.0;45,8677610000;5,9385400000;
202100049800.0;5;82;82135;1;3;1.0;6.0;43,9026660000;1,4517890000;
202100049801.0;1;33;33348;1;2;1.0;4.0;45,3447980000; -1,0220640000;
202100049802.0;1;49;49135;2;1;1.0;7.0;47,5672110000; -0,6037350000;
202100049803.0;1;68;68374;1;1;7.0;3.0;48,0610980000;7,2348990000;
202100049804.0;1;25;25186;1;2;1.0;3.0;47,3139950000;5,9420910000;
202100049805.0;1;35;35250;2;1;1.0;7.0;48,0142500000; -1,5877660000;
202100049806.0;1;29;29259;2;1;1.0;2.0;48,6826840000; -3,9858970000;
202100049807.0;1;29;29102;1;1;1.0;6.0;48,2205823951; -3,7364197260;
202100049808.0;1;31;31582;1;1;1.0;3.0;43,4076040000;1,7306900000;
202100049809.0;1;31;31587;1;1;1.0;3.0;43,7823260000;1,4356240000;
202100049810.0;2;54;54594;2;1;1.0;6.0;48,9757090000;5,8563940000;
202100049811.0;1;53;53127;2;1;1.0;6.0;48,4381340000; -0,4971260000;
202100049812.0;1;21;21122;1;1;1.0;7.0;47,5568210000;4,5390060000;
202100049813.0;3;40;40083;1;4;1.0;1.0;43,6184620000; -0,3786050000;
202100049814.0;2;85;85142;1;2;1.0;3.0;46,7431300000; -1,2701400000;
202100049815.0;1;87;87081;1;1;1.0;6.0;45,7360360000;1,2005780000;
202100049816.0;3;37;37267;1;1;1.0;6.0;47,3473966588;0,8213405212;
202100049817.0;1;37;37151;1;1;1.0;2.0;47,4471245372;0,6328748366;
202100049818.0;3;67;67324;1;1;1.0;7.0;48,9256290000;7,6503040000;
202100049819.0;1;42;42279;2;2;1.0;3.0;45,4988586137;4,2426953866;
202100049820.0;1;06;06085;2;1;1.0;3.0;43,6024590000;6,9864140000;
202100049821.0;2;89;89339;1;1;1.0;2.0;47,5558650000;3,9512370000;
202100049822.0;1;971;97103;1;9;1.0;5.0;16,2554770000; -61,5708860000;
202100049823.0;1;29;29147;1;1;1.0;6.0;47,8705460000; -3,5967610000;
202100049824.0;1;77;77060;2;1;1.0;1.0;48,2874120000;2,4303900000;
202100049825.0;1;95;95039;1;6;1.0;3.0;49,0896420000;2,1461800000;
202100049826.0;1;78;78601;1;3;7.0;3.0;48,6202150000;1,8321740000;
202100049827.0;1;83;83052;1;1;1.0;6.0;43,6187980000;5,8439860000;
202100049828.0;1;04;04034;1;1;1.0;1.0;43,9304080000;5,8779320000;
202100049829.0;1;58;58121;1;1;1.0;6.0;47,0469850000;3,0725040000;
202100049830.0;1;88;88206;1;1;1.0;7.0;48,3016380000;5,9132620000;
202100049831.0;1;38;38344;2;2;1.0;6.0;45,3779820000;4,8183520000;
202100049832.0;1;33;33474;2;3;1.0;3.0;44,6710280000; -0,4839970000;
202100049833.0;1;33;33051;2;2;1.0;3.0;44,6369220000; -0,9603060000;
202100049834.0;1;60;60395;2;3;1.0;3.0;49,2253963622;2,1315443418;
202100049835.0;3;62;62474;1;1;1.0;6.0;50,6923590000;1,6393230000;
202100049836.0;3;13;13071;1;1;1.0;5.0;43,4052000000;5,3199000000;
202100049837.0;1;13;13215;1;1;2.0;4.0;43,3688500000;5,3608900000;
202100049838.0;1;13;13215;1;1;1.0;2.0;43,3672836313;5,3608345985;
202100049839.0;1;13;13211;1;1;2.0;2.0;43,2859600000;5,5100400000;
202100049840.0;1;67;67218;1;1;1.0;2.0;48,5324900000;7,6969600000;
202100049841.0;1;67;67482;1;1;1.0;4.0;48,5871600000;7,7134900000;
202100049842.0;1;91;91064;1;1;1.0;6.0;48,7502180000;2,2036640000;
202100049843.0;1;91;91161;1;1;1.0;4.0;48,7107500000;2,2993500000;
202100049844.0;1;92;92047;1;1;1.0;2.0;48,8345922746;2,1716273344;
202100049845.0;3;92;92025;1;1;1.0;6.0;48,9308200000;2,2440500000;
202100049846.0;5;92;92050;1;1;1.0;4.0;48,9145462162;2,2193848208;
202100049847.0;3;78;78217;1;1;1.0;2.0;48,9647170000;1,8214790000;
202100049848.0;3;92;92078;1;1;1.0;6.0;48,9311200000;2,3235200000;
202100049849.0;1;95;95500;1;1;1.0;3.0;49,0380491749;2,0889858295;
202100049850.0;1;93;93007;1;1;1.0;4.0;48,9422900000;2,4783100000;
202100049851.0;1;94;94028;1;1;1.0;2.0;48,7824279791;2,4407780170;
202100049852.0;1;94;94017;1;1;1.0;4.0;48,8265014578;2,5187302586;
202100049853.0;1;77;77373;1;1;1.0;2.0;48,7641416397;2,6152904050;
202100049854.0;1;988;98818;2;3;1.0;2.0; -22,2757100000;166,4420400000;
202100049855.0;1;974;97416;2;2;1.0;3.0; -21,3405800000;55,4691100000;
202100049856.0;1;69;69386;2;1;1.0;3.0;45,7734300000;4,8511700000;
202100049857.0;1;972;97213;1;1;1.0;4.0;14,5992400000; -60,9977300000;
202100049858.0;5;972;97213;1;1;1.0;2.0;14,6178800000; -61,0329500000;
202100049859.0;5;972;97209;1;1;1.0;6.0;14,6119400000; -61,0449700000;
202100049860.0;5;69;69389;2;1;1.0;7.0;45,7699394391;4,8008792213;
202100049861.0;2;69;69381;2;1;1.0;7.0;45,7717600000;4,8309600000;
202100049862.0;5;91;91347;2;3;1.0;3.0;48,6352640000;2,2856360000;
202100049863.0;1;91;91421;2;3;1.0;3.0;48,7080500000;2,4535100000;
202100049864.0;1;91;91286;2;1;1.0;6.0;48,6555400000;2,3905700000;
202100049865.0;5;91;91687;2;1;1.0;7.0;48,6535600000;2,3695800000;
202100049866.0;1;86;86194;2;1;1.0;6.0;46,5885500000;0,3700170000;
202100049867.0;1;78;78551;2;3;1.0;3.0;48,8928100000;2,0830500000;
202100049868.0;1;78;78440;2;1;1.0;6.0;48,9824180000;1,9136250000;
202100049869.0;1;77;77482;1;1;1.0;3.0;48,3610700000;2,9256800000;
202100049870.0;1;77;77445;2;1;1.0;2.0;48,5942100000;2,5838200000;
202100049871.0;1;72;72181;2;3;1.0;3.0;48,0092300000;0,1939300000;
202100049872.0;1;69;69013;2;6;1.0;3.0;46,0203003831;4,7207736969;
202100049873.0;1;64;64335;2;1;1.0;1.0;43,3152300000; -0,4298900000;
202100049874.0;1;64;64102;2;7;1.0;3.0;43,4894700000; -1,4720100000;
202100049875.0;1;59;59636;2;6;1.0;6.0;50,6932500000;3,0517300000;
202100049876.0;1;56;56260;2;2;1.0;3.0;47,6622800000; -2,7785700000;
202100049877.0;1;53;53130;2;5;1.0;3.0;48,0698200000; -0,7924800000;
202100049878.0;1;47;47201;2;1;1.0;2.0;44,1939700000;0,5992000000;
202100049879.0;1;44;44109;2;1;1.0;3.0;47,2247700000; -1,5296100000;
202100049880.0;1;37;37208;2;2;1.0;6.0;47,3585333919;0,7395126522;
202100049881.0;5;37;37214;2;1;1.0;7.0;47,4233917104;0,6627025009;
202100049882.0;1;35;35238;2;1;1.0;6.0;48,1022600000; -1,6576500000;
202100049883.0;3;35;35238;1;1;1.0;7.0;48,1421300000; -1,6453000000;
202100049884.0;5;33;33063;2;3;1.0;3.0;44,8432399893; -0,5864357582;
202100049885.0;1;33;33013;1;1;1.0;2.0;44,8685400000; -0,5037600000;
202100049886.0;1;32;32013;2;1;1.0;7.0;43,6495600000;0,5935000000;
202100049887.0;1;30;30189;2;1;1.0;3.0;43,8283700000;4,3532300000;
202100049888.0;3;29;29039;1;1;1.0;6.0;47,9212800000; -3,8924100000;
202100049889.0;1;29;29019;2;6;1.0;2.0;48,3907830000; -4,5374110000;
202100049890.0;2;29;29019;2;6;1.0;6.0;48,4017300000; -4,5021000000;
202100049891.0;5;29;29019;2;6;1.0;3.0;48,4145900000; -4,4803600000;
202100049892.0;1;17;17306;2;3;1.0;3.0;45,6279500000; -1,0160400000;
202100049893.0;1;17;17333;2;1;1.0;5.0;45,5947900000; -0,9741800000;
202100049894.0;5;17;17200;1;6;1.0;7.0;46,1792000000; -1,1523700000;
202100049895.0;3;13;13054;1;6;1.0;1.0;43,4240200000;5,2337700000;
202100049896.0;5;13;13203;2;1;2.0;2.0;43,3087872657;5,3806800346;
202100049897.0;1;13;13211;2;3;2.0;3.0;43,2835630000;5,5024450000;
202100049898.0;1;75;75116;2;1;1.0;3.0;48,8713380000;2,2731220000;
202100049899.0;1;75;75106;2;1;1.0;2.0;48,8581030000;2,3339850000;
202100049900.0;5;75;75117;2;1;1.0;6.0;48,8860620000;2,3262580000;
202100049901.0;1;75;75115;2;3;1.0;3.0;48,8333830000;2,3097950000;
202100049902.0;1;75;75107;2;5;1.0;3.0;48,8625910000;2,3190170000;
202100049903.0;1;94;94037;2;1;1.0;6.0;48,8108240000;2,3499620000;
202100049904.0;1;94;94028;2;1;1.0;6.0;48,7938400000;2,4605800000;
202100049905.0;1;94;94028;2;2;1.0;3.0;48,7943500000;2,4640600000;
202100049906.0;3;94;94073;2;9;1.0;2.0;48,7702951639;2,4015620670;
202100049907.0;1;93;93050;2;2;7.0;3.0;48,8648109808;2,5259247651;
202100049908.0;1;93;93027;2;1;1.0;1.0;48,9243300000;2,4086800000;
202100049909.0;5;92;92050;2;3;1.0;6.0;48,8852876900;2,2023162246;
202100049910.0;5;92;92048;2;3;1.0;3.0;48,8102968527;2,2331209196;
202100049911.0;1;92;92024;2;1;1.0;4.0;48,9074800000;2,3129200000;
202100049912.0;1;974;97415;1;1;1.0;6.0; -21,0991350000;55,2682580000;
202100049913.0;1;51;51649;2;1;1.0;7.0;48,7240957087;4,5815032095;
202100049914.0;1;83;83054;1;1;1.0;2.0;43,1573910000;6,0447120000;
202100049915.0;1;29;29043;1;1;1.0;6.0;48,3666710000; -4,2572020000;
202100049916.0;2;26;26041;2;3;1.0;3.0;45,2162570000;4,8290490000;
202100049917.0;1;62;62060;1;1;1.0;1.0;50,2041860000;2,1137210000;
202100049918.0;1;61;61341;1;1;1.0;6.0;48,5243790000;0,1532940000;
202100049919.0;1;74;74293;1;1;1.0;7.0;46,2669305516;6,2973453104;
202100049920.0;1;51;51052;2;1;1.0;7.0;49,2701637870;4,1461375831;
202100049921.0;1;51;51171;1;1;1.0;2.0;49,3780024577;3,8749670519;
202100049922.0;1;56;56032;1;1;1.0;6.0;47,9623420000; -2,2497940000;
202100049923.0;1;56;56111;1;1;1.0;5.0;47,6584430000; -2,3589920000;
202100049924.0;1;56;56194;1;4;7.0;3.0;47,6233231134; -2,1142975825;
202100049925.0;3;67;67278;1;1;1.0;6.0;48,9188540000;7,1820970000;
202100049926.0;1;76;76664;1;1;1.0;7.0;49,7852750000;0,6626880000;
202100049927.0;1;2B;2B043;1;1;1.0;3.0;42,7860200000;9,4835400000;
202100049928.0;1;69;69267;1;4;1.0;3.0;46,1713257360;4,6855291148;
202100049929.0;3;55;55217;1;1;1.0;7.0;48,4869280000;5,6823400000;
202100049930.0;1;49;49326;2;1;1.0;6.0;47,5017930000; -0,3766520000;
202100049931.0;1;34;34214;1;1;8.0;6.0;43,4748940000;3,2811570000;
202100049932.0;2;25;25196;2;2;1.0;1.0;47,4781670000;6,8952570000;
202100049933.0;1;29;29061;1;1;1.0;1.0;48,4495460000; -4,4715960000;
202100049934.0;1;02;02140;2;2;1.0;3.0;49,5250800000;3,1346440000;
202100049935.0;1;02;02461;1;2;1.0;3.0;49,5976870000;3,1315540000;
202100049936.0;1;15;15077;1;1;1.0;6.0;44,9328150000;2,8821950000;
202100049937.0;1;70;70176;2;1;1.0;2.0;47,8943860000;6,6249570000;
202100049938.0;3;70;70247;1;1;1.0;7.0;47,6542880000;5,6789230000;
202100049939.0;1;06;06136;1;1;1.0;7.0;43,8907260000;7,4855500000;
202100049940.0;1;14;14556;2;2;1.0;6.0;49,1163960000; -0,3744630000;
202100049941.0;1;90;90093;2;3;1.0;3.0;47,6907420000;6,8358400000;
202100049942.0;1;45;45025;1;1;1.0;7.0;48,1695770000;2,0317040000;
202100049943.0;1;36;36042;1;3;1.0;3.0;46,6326640000;1,4580380000;
202100049944.0;1;85;85024;1;1;1.0;7.0;46,9351950000; -1,8366960000;
202100049945.0;1;27;27587;1;9;1.0;1.0;49,2775490000;0,6245900000;
202100049946.0;5;30;30012;2;1;1.0;6.0;43,8920010000;4,6844400000;
202100049947.0;1;08;08482;1;1;1.0;7.0;49,6677530000;4,6689700000;
202100049948.0;1;08;08302;1;4;1.0;1.0;49,9211670000;4,7733450000;
202100049949.0;1;67;67388;2;1;1.0;7.0;48,9166440000;7,6579960000;
202100049950.0;1;38;38048;1;1;1.0;6.0;45,6003770000;5,1250790000;
202100049951.0;5;74;74010;2;1;1.0;6.0;45,8908880000;6,1014670000;
202100049952.0;3;33;33122;1;1;1.0;2.0;44,7126965714; -0,7463853351;