Num_Acc;lum;departement;commune;agglomeration;intersection;meteo;type_collision;lat;long;date
202100049953.0;1;13;13118;1;1;1.0;2.0;43,5545350000;5,2673650000;
202100049954.0;1;51;51409;1;1;1.0;7.0;48,8889806756;4,2890683031;
202100049955.0;2;973;97313;1;1;7.0;1.0;4,8003780000; -52,3860530000;
202100049956.0;1;971;97129;2;1;1.0;3.0;16,2847240000; -61,6688640000;
202100049957.0;1;977;97701;2;1;1.0;1.0;17,9099380000; -62,8067780000;
202100049958.0;1;33;33085;1;1;1.0;1.0;44,7647740000; -0,4491730000;
202100049959.0;3;91;91041;1;1;1.0;1.0;48,5667780000;2,2250530000;
202100049960.0;1;78;78120;1;2;7.0;3.0;48,6409980000;1,9871840000;
202100049961.0;1;2B;2B148;1;9;1.0;6.0;42,5518240000;9,4608270000;
202100049962.0;1;11;11429;1;1;1.0;3.0;43,2422350000;2,3679430000;
202100049963.0;1;68;68317;1;1;1.0;6.0;48,0663720000;7,0940240000;
202100049964.0;1;57;57714;2;1;1.0;2.0;49,0902420000;6,5470980000;
202100049965.0;3;74;74197;1;1;1.0;1.0;46,1357310000;6,3121390000;
202100049966.0;1;38;38155;2;3;1.0;3.0;45,4305700000;5,7486600000;
202100049967.0;3;07;07200;1;1;1.0;6.0;44,7204060000;4,1341450000;
202100049968.0;1;40;40278;1;1;1.0;6.0;44,2329620000; -1,1813740000;
202100049969.0;1;40;40123;1;1;1.0;7.0;43,7709080000; -1,0955430000;
202100049970.0;1;27;27023;1;1;1.0;7.0;48,9895110000;1,0556800000;
202100049971.0;5;59;59011;2;1;1.0;6.0;50,5356250000;2,9253220000;
202100049972.0;3;13;13005;1;1;8.0;5.0;43,2720100000;5,5888400000;
202100049973.0;1;91;91471;1;1;1.0;2.0;48,6953600000;2,1925400000;
202100049974.0;1;78;78640;1;1;1.0;4.0;48,7779050000;2,2155860000;
202100049975.0;1;92;92025;1;1;1.0;3.0;48,9189886921;2,2237886747;
202100049976.0;1;92;92047;1;1;1.0;4.0;48,8340850137;2,1663501200;
202100049977.0;3;93;93007;1;1;1.0;2.0;48,9234200000;2,4807300000;
202100049978.0;1;95;95351;1;1;1.0;2.0;49,0411700000;2,4822100000;
202100049979.0;1;93;93006;1;1;2.0;2.0;48,8659400000;2,4214700000;
202100049980.0;1;77;77258;1;1;1.0;2.0;48,8305927235;2,6321617785;
202100049981.0;1;988;98818;2;1;1.0;1.0; -22,2678900000;166,4321100000;
202100049982.0;5;976;97611;2;1;1.0;6.0; -12,7987200000;45,2015800000;
202100049983.0;1;974;97411;2;9;1.0;3.0; -20,8978900000;55,4759600000;
202100049984.0;1;974;97407;1;1;1.0;5.0; -20,9490900000;55,3172800000;
202100049985.0;1;69;69383;2;2;1.0;3.0;45,7497700000;4,8897800000;
202100049986.0;1;972;97213;1;1;1.0;3.0;14,6146100000; -61,0046300000;
202100049987.0;1;972;97209;2;1;2.0;6.0;14,6134600000; -61,0371200000;
202100049988.0;1;972;97209;2;1;1.0;6.0;14,6096100000; -61,0714600000;
202100049989.0;1;69;69202;2;1;1.0;6.0;45,7339022505;4,8038316316;
202100049990.0;1;69;69202;2;4;1.0;6.0;45,7473800000;4,8064700000;
202100049991.0;1;971;97120;2;9;1.0;6.0;16,2449100000; -61,5390000000;
202100049992.0;1;2A;2A004;2;1;1.0;2.0;41,9373200000;8,7380800000;
202100049993.0;1;95;95280;2;2;1.0;6.0;49,0349888583;2,4677932262;
202100049994.0;1;91;91549;2;2;1.0;3.0;48,6409100000;2,3458400000;
202100049995.0;5;91;91223;2;1;1.0;6.0;48,4366540000;2,1598190000;
202100049996.0;1;89;89236;1;1;1.0;5.0;48,1797600000;3,3001100000;
202100049997.0;5;87;87085;2;1;1.0;2.0;45,8552950190;1,2482732534;
202100049998.0;1;86;86194;2;1;1.0;6.0;46,5869420000;0,3650350000;
202100049999.0;1;83;83069;2;1;1.0;3.0;43,1153920000;6,1230660000;
202100050000.0;1;80;80021;2;1;1.0;2.0;49,9125400000;2,3171700000;
202100050001.0;1;76;76305;2;9;1.0;6.0;49,5065500000;0,2230500000;
202100050002.0;1;71;71040;2;1;1.0;7.0;46,6995582248;4,3873470717;
202100050003.0;1;69;69275;2;8;1.0;3.0;45,7743400000;4,9763600000;
202100050004.0;1;69;69266;2;3;1.0;3.0;45,7669100000;4,8935200000;
202100050005.0;1;68;68066;2;6;1.0;3.0;48,0652100000;7,3643200000;
202100050006.0;1;66;66136;2;1;1.0;6.0;42,7018900000;2,8955000000;
202100050007.0;2;66;66136;1;1;1.0;6.0;42,7451700000;2,8927300000;
202100050008.0;1;64;64284;2;2;1.0;3.0;43,2831900000; -0,3867700000;
202100050009.0;1;64;64284;2;1;1.0;1.0;43,2914430000; -0,3977960000;
202100050010.0;1;64;64122;2;1;1.0;3.0;43,4610000000; -1,5466800000;
202100050011.0;1;64;64102;2;1;1.0;3.0;43,4941700000; -1,4816800000;
202100050012.0;1;63;63113;2;3;1.0;3.0;45,7864628808;3,1076837416;
202100050013.0;1;63;63113;2;1;1.0;4.0;45,7769600000;3,0800800000;
202100050014.0;1;59;59350;2;1;1.0;6.0;50,6295142147;3,0854116536;
202100050015.0;1;59;59350;2;9;1.0;6.0;50,6185190000;3,0504590000;
202100050016.0;1;58;58194;2;3;1.0;3.0;47,0043600000;3,1538000000;
202100050017.0;1;57;57463;2;1;1.0;2.0;49,1298180000;6,1667911000;
202100050018.0;1;56;56162;2;6;1.0;3.0;47,7365600000; -3,4324900000;
202100050019.0;1;54;54395;2;2;1.0;6.0;48,6900317130;6,1718102172;
202100050020.0;1;54;54395;2;3;1.0;2.0;48,6828664178;6,2064794451;
202100050021.0;1;54;54526;2;9;1.0;6.0;48,6790900000;6,2254100000;
202100050022.0;1;51;51058;2;1;1.0;3.0;49,2202842989;4,0059215133;
202100050023.0;2;51;51454;2;2;1.0;3.0;49,2617632135;4,0295465460;
202100050024.0;1;42;42123;2;3;1.0;3.0;45,5102011266;4,5760288797;
202100050025.0;5;37;37261;2;3;1.0;3.0;47,3805991013;0,6985468716;
202100050026.0;1;37;37122;2;1;1.0;6.0;47,3380090960;0,6648101234;
202100050027.0;1;35;35238;2;9;1.0;5.0;48,1068200000; -1,7280900000;
202100050028.0;1;35;35281;2;1;1.0;3.0;48,0810600000; -1,7271100000;
202100050029.0;1;35;35238;2;1;1.0;6.0;48,1325300000; -1,7096600000;
202100050030.0;5;31;31555;2;1;1.0;7.0;43,5993100000;1,4386900000;
202100050031.0;1;29;29232;1;1;1.0;3.0;47,9757240193; -4,0195588158;
202100050032.0;5;29;29019;2;2;1.0;3.0;48,3962320000; -4,4839260000;
202100050033.0;1;26;26198;2;1;1.0;3.0;44,5519000000;4,7669800000;
202100050034.0;1;18;18279;2;1;1.0;1.0;47,2269100000;2,0753600000;
202100050035.0;1;17;17415;2;1;1.0;3.0;45,7538800000; -0,6545700000;
202100050036.0;3;17;17300;2;1;9.0;4.0;46,1691300000; -1,1208220000;
202100050037.0;1;17;17028;2;3;1.0;7.0;46,1357200000; -1,1121400000;
202100050038.0;1;17;17200;2;2;1.0;4.0;46,1830500000; -1,1523300000;
202100050039.0;2;16;16089;2;6;1.0;3.0;45,6814070000; -0,3285800000;
202100050040.0;3;13;13054;2;1;1.0;2.0;43,4241003772;5,2350525966;
202100050041.0;1;13;13216;2;1;1.0;1.0;43,3564728889;5,3441508987;
202100050042.0;1;13;13202;2;1;1.0;1.0;43,3011033669;5,3640507689;
202100050043.0;1;13;13001;1;1;1.0;6.0;43,5428200000;5,4726100000;
202100050044.0;1;13;13001;2;6;1.0;3.0;43,5174300000;5,4602700000;
202100050045.0;1;11;11069;2;1;8.0;6.0;43,2092000000;2,3297000000;
202100050046.0;5;10;10387;2;2;1.0;3.0;48,2727600000;4,0771300000;
202100050047.0;1;10;10387;2;9;1.0;3.0;48,2879900000;4,0743600000;
202100050048.0;1;06;06088;2;9;1.0;3.0;43,6991380000;7,2773530000;
202100050049.0;3;06;06069;1;1;1.0;2.0;43,6313200000;6,9470700000;
202100050050.0;1;06;06027;2;1;1.0;2.0;43,6568300000;7,1647000000;
202100050051.0;1;01;01451;1;2;1.0;3.0;46,2431200000;5,2244700000;
202100050052.0;5;75;75115;2;4;1.0;6.0;48,8348140000;2,2740630000;
202100050053.0;1;75;75115;2;1;1.0;3.0;48,8352620000;2,2707120000;
202100050054.0;1;75;75105;2;5;1.0;6.0;48,8537580000;2,3442830000;
202100050055.0;1;75;75120;2;2;1.0;6.0;48,8665320000;2,3998930000;
202100050056.0;2;75;75119;2;1;1.0;3.0;48,8849660000;2,3925630000;
202100050057.0;1;75;75116;2;5;1.0;3.0;48,8580870000;2,2883520000;
202100050058.0;1;75;75116;2;7;1.0;2.0;48,8732030000;2,2951270000;
202100050059.0;1;75;75115;2;1;1.0;6.0;48,8378420000;2,2950870000;
202100050060.0;1;75;75115;2;3;1.0;3.0;48,8424620000;2,3110800000;
202100050061.0;5;75;75114;2;1;1.0;6.0;48,8378520000;2,3191160000;
202100050062.0;1;75;75107;2;3;1.0;3.0;48,8482880000;2,3157760000;
202100050063.0;1;75;75107;2;1;1.0;7.0;48,8601510000;2,2974630000;
202100050064.0;1;75;75102;2;1;1.0;3.0;48,8689430000;2,3309050000;
202100050065.0;1;75;75102;2;2;1.0;2.0;48,8709700000;2,3341500000;
202100050066.0;1;94;94068;2;1;1.0;6.0;48,7985700000;2,4859000000;
202100050067.0;1;94;94068;2;1;1.0;3.0;48,8053770700;2,4756927118;
202100050068.0;2;94;94046;2;3;2.0;6.0;48,8156740000;2,4258710000;
202100050069.0;1;94;94021;2;1;1.0;6.0;48,7700000000;2,3380000000;
202100050070.0;1;94;94070;1;1;2.0;1.0;48,7164000000;2,5629000000;
202100050071.0;1;94;94079;2;3;1.0;4.0;48,8272424671;2,5295602710;
202100050072.0;5;93;93072;2;1;1.0;3.0;48,9495199900;2,3737666908;
202100050073.0;1;93;93071;2;2;1.0;3.0;48,9276451819;2,5193901999;
202100050074.0;1;93;93070;2;1;1.0;3.0;48,9147300000;2,3371400000;
202100050075.0;1;93;93066;2;1;1.0;4.0;48,9234789419;2,3710677616;
202100050076.0;1;93;93066;2;1;1.0;3.0;48,9473774146;2,3737489710;
202100050077.0;1;93;93033;2;2;1.0;6.0;48,8586300000;2,5816000000;
202100050078.0;1;93;93049;2;2;1.0;3.0;48,8708744603;2,5123502886;
202100050079.0;1;93;93031;1;9;1.0;6.0;48,9548320772;2,2997394619;
202100050080.0;1;93;93047;2;1;1.0;4.0;48,8992104582;2,5566697223;
202100050081.0;1;93;93071;2;3;1.0;6.0;48,9398609039;2,5234154178;
202100050082.0;3;93;93001;2;1;1.0;6.0;48,9179919316;2,3763272544;
202100050083.0;3;92;92022;2;1;1.0;6.0;48,8039400000;2,1991300000;
202100050084.0;1;92;92050;2;1;8.0;3.0;48,8959327163;2,1984499470;
202100050085.0;3;92;92025;2;9;2.0;3.0;48,9232124456;2,2566832602;
202100050086.0;1;92;92024;2;3;1.0;2.0;48,9017700000;2,3174600000;
202100050087.0;1;92;92024;2;1;1.0;2.0;48,9077300000;2,3012200000;
202100050088.0;5;92;92012;2;2;1.0;3.0;48,8336223419;2,2479861975;
202100050089.0;1;92;92007;2;3;1.0;3.0;48,7896050009;2,3135474324;
202100050090.0;1;11;11004;1;4;1.0;7.0;43,1016410000;2,0952670000;
202100050091.0;1;95;95134;1;1;1.0;2.0;49,1352968646;2,2552418194;
202100050092.0;1;33;33170;1;3;8.0;2.0;44,5603290000; -0,0266340000;
202100050093.0;1;06;06161;2;1;1.0;3.0;43,6258050000;7,1319330000;
202100050094.0;1;972;97221;2;6;1.0;6.0;14,5241370000; -60,9737990000;
202100050095.0;1;56;56221;2;2;1.0;3.0;47,6882800000; -2,2216280000;
202100050096.0;3;76;76580;1;2;1.0;6.0;49,5420480000;1,1963080000;
202100050097.0;1;82;82004;1;1;1.0;6.0;44,0144360000;0,9527060000;
202100050098.0;1;11;11262;1;1;1.0;1.0;43,1293500000;3,0572890000;
202100050099.0;1;63;63146;1;3;1.0;3.0;45,7157800000;3,3788000000;
202100050100.0;1;12;12288;2;3;1.0;2.0;44,4474230000;2,4420490000;
202100050101.0;1;39;39434;1;1;1.0;1.0;46,8508290000;5,7098440000;
202100050102.0;1;34;34192;1;1;1.0;2.0;43,5386750000;3,8998090000;
202100050103.0;1;38;38229;2;1;1.0;3.0;45,2238790000;5,7946340000;
202100050104.0;1;02;02095;2;1;1.0;2.0;49,9822720000;3,4528080000;
202100050105.0;1;26;26337;2;1;1.0;2.0;44,7038440000;4,7994110000;
202100050106.0;1;14;14371;2;4;1.0;3.0;49,0061550000;0,1507780000;
202100050107.0;1;09;09223;2;1;1.0;6.0;42,8642680683;1,2328940720;
202100050108.0;1;60;60513;2;1;1.0;1.0;49,2099427328;2,3709797501;
202100050109.0;1;45;45248;2;1;1.0;6.0;48,0479280000;1,6954860000;
202100050110.0;1;21;21139;1;3;1.0;3.0;47,2888320000;4,1711140000;
202100050111.0;3;21;21411;1;1;2.0;6.0;46,9865897625;4,9364590293;
202100050112.0;1;24;24142;2;3;1.0;1.0;44,8335660000;0,9722530000;
202100050113.0;1;24;24376;1;3;1.0;3.0;45,2067000000;0,1546670000;
202100050114.0;1;24;24156;2;3;1.0;6.0;45,0900850000;0,8555840000;
202100050115.0;1;68;68082;1;1;1.0;6.0;47,8619520000;7,3922970000;
202100050116.0;3;77;77305;1;1;1.0;2.0;48,3974430000;2,9782230000;
202100050117.0;1;13;13113;2;1;7.0;1.0;43,5800140000;5,4708110000;
202100050118.0;1;03;03097;1;1;1.0;4.0;46,3653800000;2,7445440000;
202100050119.0;3;11;11145;1;1;8.0;5.0;43,2381530153;3,1425619126;
202100050120.0;3;27;27340;1;1;1.0;2.0;49,3647210000;0,8205710000;
202100050121.0;2;11;11430;1;1;7.0;1.0;43,2880070857;1,9028019903;
202100050122.0;1;34;34240;1;1;1.0;6.0;43,6516230000;3,9805040000;
202100050123.0;1;13;13060;1;1;1.0;7.0;43,4892490000;5,4680370000;
202100050124.0;1;69;69243;2;1;1.0;2.0;45,8962990000;4,4381730000;
202100050125.0;1;85;85226;2;3;1.0;1.0;46,7162980000; -1,9618590000;
202100050126.0;1;27;27031;1;1;1.0;1.0;49,0596810000;1,1002420000;
202100050127.0;1;76;76743;2;1;1.0;6.0;49,5331610000;0,9209360000;
202100050128.0;1;13;13070;1;1;1.0;4.0;43,2851100000;5,5177000000;
202100050129.0;1;13;13055;1;1;1.0;3.0;43,2875452962;5,4247310448;
202100050130.0;1;13;13055;1;1;1.0;2.0;43,3304050000;5,3884850000;
202100050131.0;2;83;83144;1;1;1.0;3.0;43,1434000000;6,0142000000;
202100050132.0;1;69;69040;1;1;1.0;4.0;45,7993635023;4,7752428817;
202100050133.0;3;59;59044;1;1;1.0;2.0;50,6025540000;3,2336430000;
202100050134.0;1;94;94034;1;1;1.0;2.0;48,7602800000;2,3209500000;
202100050135.0;1;78;78291;1;1;1.0;2.0;48,9652800000;1,7561530000;
202100050136.0;1;78;78133;1;1;1.0;4.0;48,8909810000;2,0095770000;
202100050137.0;1;92;92025;1;1;1.0;2.0;48,9204600000;2,2249000000;
202100050138.0;1;78;78133;1;1;1.0;4.0;48,8919010000;2,0090140000;
202100050139.0;1;93;93064;1;1;1.0;2.0;48,8840600000;2,4715500000;
202100050140.0;1;95;95151;1;1;2.0;6.0;49,0639161254;2,2654956870;
202100050141.0;3;974;97411;1;1;1.0;1.0; -20,8880760000;55,4361400000;
202100050142.0;1;974;97407;1;1;1.0;4.0; -20,9355700000;55,3275100000;
202100050143.0;1;974;97407;2;6;1.0;3.0; -20,9422700000;55,2918700000;
202100050144.0;1;973;97302;2;9;1.0;3.0;4,9204000000; -52,3211000000;
202100050145.0;5;69;69388;2;2;1.0;1.0;45,7413200000;4,8741700000;
202100050146.0;5;69;69388;2;3;1.0;1.0;45,7373100000;4,8525500000;
202100050147.0;1;69;69388;2;1;1.0;6.0;45,7365500000;4,8861100000;
202100050148.0;1;69;69388;2;3;1.0;3.0;45,7361563750;4,8680073358;
202100050149.0;1;69;69386;2;2;1.0;6.0;45,7667000000;4,8519600000;
202100050150.0;1;972;97209;2;1;1.0;2.0;14,6068400000; -61,0665100000;
202100050151.0;1;972;97209;1;1;1.0;5.0;14,6147900000; -61,0481600000;
202100050152.0;1;69;69381;2;3;1.0;6.0;45,7702400000;4,8363500000;
202100050153.0;5;2B;2B033;2;9;1.0;3.0;42,6770700000;9,4347200000;
202100050154.0;1;91;91477;2;1;1.0;1.0;48,7197300000;2,2508300000;
202100050155.0;1;86;86194;2;2;1.0;3.0;46,5996000000;0,3213000000;
202100050156.0;1;85;85194;2;6;1.0;3.0;46,4997200000; -1,7565300000;
202100050157.0;5;83;83129;2;1;1.0;2.0;43,0924100000;5,8406400000;
202100050158.0;1;83;83069;2;9;1.0;6.0;43,1067000000;6,1283000000;
202100050159.0;2;79;79300;2;4;8.0;1.0;47,0097500000; -0,2487300000;
202100050160.0;1;77;77439;1;1;1.0;6.0;48,4171700000;3,0099700000;
202100050161.0;3;77;77186;1;1;1.0;2.0;48,3750000000;2,6872600000;
202100050162.0;1;77;77131;1;6;1.0;3.0;48,7979120221;3,0947086151;
202100050163.0;1;76;76540;2;2;1.0;3.0;49,4279600000;1,0934100000;
202100050164.0;1;74;74010;2;1;1.0;1.0;45,9218685755;6,1256021261;
202100050165.0;1;72;72181;2;3;1.0;1.0;47,9959700000;0,2075900000;
202100050166.0;1;71;71497;1;1;1.0;6.0;46,3372800000;4,8506200000;
202100050167.0;1;69;69029;2;2;1.0;3.0;45,7401200000;4,9146200000;
202100050168.0;1;69;69013;2;1;1.0;2.0;46,0024775635;4,7194701842;
202100050169.0;1;66;66136;2;1;1.0;6.0;42,6897800000;2,8790500000;
202100050170.0;1;64;64348;2;6;1.0;3.0;43,3011300000; -0,4102900000;
202100050171.0;1;64;64102;2;1;1.0;3.0;43,4867800000; -1,4681300000;
202100050172.0;1;62;62040;2;1;1.0;6.0;50,7271750000;2,2936620000;
202100050173.0;1;60;60175;2;1;1.0;2.0;49,2491600000;2,4575000000;
202100050174.0;1;59;59352;1;1;1.0;3.0;50,7317820000;3,0488350000;
202100050175.0;1;59;59178;2;2;1.0;5.0;50,3627500000;3,0841900000;
202100050176.0;5;56;56260;2;3;1.0;6.0;47,6465900000; -2,7839800000;
202100050177.0;4;56;56098;1;1;1.0;6.0;47,7737900000; -3,3101000000;
202100050178.0;5;56;56121;2;2;1.0;2.0;47,7451000000; -3,3746800000;
202100050179.0;1;56;56083;2;1;1.0;7.0;47,8011500000; -3,2714200000;
202100050180.0;1;50;50218;2;3;2.0;4.0;48,8384460000; -1,5989830000;
202100050181.0;5;49;49007;2;1;1.0;6.0;47,4781330619; -0,5551716685;
202100050182.0;5;49;49007;2;1;1.0;3.0;47,4518864178; -0,5219686031;
202100050183.0;1;45;45284;1;1;1.0;2.0;47,9249500000;1,9794700000;
202100050184.0;1;45;45234;2;1;1.0;3.0;47,8387566918;1,9251647155;
202100050185.0;1;44;44184;1;1;1.0;4.0;47,2858100000; -2,2576800000;
202100050186.0;3;44;44020;1;1;1.0;2.0;47,1626000000; -1,5622000000;
202100050187.0;1;44;44162;2;1;1.0;6.0;47,2314000000; -1,6448600000;
202100050188.0;1;37;37261;2;1;1.0;6.0;47,3985863492;0,6998610713;
202100050189.0;1;37;37261;2;2;1.0;6.0;47,3835975546;0,6961987280;
202100050190.0;1;33;33192;2;3;1.0;3.0;44,7780400000; -0,6041600000;
202100050191.0;1;33;33063;2;3;1.0;1.0;44,8372400000; -0,5811900000;
202100050192.0;1;33;33550;2;1;1.0;3.0;44,7919790000; -0,5671580000;
202100050193.0;1;30;30007;2;1;1.0;6.0;44,1249000000;4,0708200000;
202100050194.0;1;27;27229;2;1;1.0;1.0;49,0119800000;1,1684200000;
202100050195.0;1;21;21054;2;1;1.0;6.0;47,0278960000;4,8375720000;
202100050196.0;5;13;13077;2;1;1.0;3.0;43,4027649791;4,9781420658;
202100050197.0;1;13;13205;2;2;1.0;3.0;43,2928926270;5,3929338832;
202100050198.0;1;13;13214;2;1;8.0;4.0;43,3275750000;5,3877280000;
202100050199.0;5;13;13047;2;3;1.0;3.0;43,5048500000;4,9968300000;
202100050200.0;1;13;13047;2;1;1.0;3.0;43,5118390000;4,9836270000;
202100050201.0;1;13;13005;2;9;1.0;5.0;43,2863400000;5,5869100000;
202100050202.0;5;13;13001;2;1;1.0;2.0;43,5143430961;5,4388183355;
202100050203.0;5;13;13001;2;1;1.0;6.0;43,5288838629;5,4176920449;
202100050204.0;1;10;10333;2;1;1.0;6.0;48,2819400000;4,0593200000;
202100050205.0;1;06;06027;2;1;1.0;2.0;43,6528100000;7,1550400000;
202100050206.0;1;06;06027;2;3;1.0;2.0;43,6639200000;7,1524000000;
202100050207.0;5;75;75112;2;1;1.0;7.0;48,8283530000;2,3975960000;
202100050208.0;1;75;75120;2;1;1.0;3.0;48,8477777646;2,4142616987;
202100050209.0;1;75;75120;2;1;1.0;3.0;48,8720840000;2,3949430000;
202100050210.0;5;75;75119;2;7;1.0;7.0;48,9009566236;2,3872920871;
202100050211.0;1;75;75119;2;2;1.0;4.0;48,8863400000;2,3953010000;
202100050212.0;1;75;75118;2;1;1.0;6.0;48,8896770000;2,3433620000;
202100050213.0;5;75;75118;2;2;1.0;3.0;48,8900680000;2,3292910000;
202100050214.0;1;75;75117;2;2;1.0;3.0;48,8803550000;2,2867930000;
202100050215.0;1;75;75117;2;1;1.0;3.0;48,8803040000;2,2869950000;
202100050216.0;1;75;75116;2;2;8.0;3.0;48,8749250000;2,2711040000;
202100050217.0;1;75;75115;2;2;1.0;7.0;48,8372350000;2,2964330000;
202100050218.0;1;75;75113;2;1;1.0;6.0;48,8387593094;2,3609132993;
202100050219.0;1;75;75113;2;2;1.0;3.0;48,8374000000;2,3738510000;
202100050220.0;1;75;75112;2;3;1.0;2.0;48,8342050000;2,4107620000;
202100050221.0;1;75;75110;2;1;1.0;3.0;48,8773440000;2,3702960000;
202100050222.0;1;75;75101;2;2;1.0;3.0;48,8634020000;2,3509510000;
202100050223.0;1;94;94081;2;6;1.0;3.0;48,7925500000;2,3873900000;
202100050224.0;1;94;94067;2;1;1.0;4.0;48,8338570000;2,4127050000;
202100050225.0;1;94;94017;2;9;1.0;3.0;48,8171860000;2,4973220000;
202100050226.0;5;94;94022;2;1;1.0;2.0;48,7649920000;2,4049000000;
202100050227.0;1;94;94077;2;1;1.0;7.0;48,7288800000;2,4283500000;
202100050228.0;1;94;94079;2;1;1.0;2.0;48,8221200000;2,5539600000;
202100050229.0;1;93;93064;2;1;1.0;2.0;48,8778738953;2,4743745582;
202100050230.0;5;93;93048;2;2;1.0;3.0;48,8667164873;2,4451259719;
202100050231.0;1;93;93031;2;1;1.0;6.0;48,9499600000;2,3283600000;
202100050232.0;1;93;93031;2;1;1.0;6.0;48,9529100000;2,3156400000;
202100050233.0;2;93;93029;2;9;1.0;6.0;48,9185125016;2,4618333578;
202100050234.0;1;93;93008;2;1;1.0;3.0;48,8998599135;2,4489566883;
202100050235.0;1;93;93005;2;1;1.0;2.0;48,9330279198;2,4892441208;
202100050236.0;1;93;93005;2;3;1.0;3.0;48,9482775197;2,5136463541;
202100050237.0;1;92;92078;2;3;1.0;7.0;48,9400592270;2,3239110976;
202100050238.0;1;92;92051;2;1;1.0;3.0;48,8818900000;2,2687200000;
202100050239.0;1;92;92020;2;9;1.0;3.0;48,7991729134;2,2867501708;
202100050240.0;5;92;92025;2;2;1.0;2.0;48,9273809396;2,2470125556;
202100050241.0;1;92;92024;2;3;1.0;3.0;48,9015325937;2,2944340110;
202100050242.0;1;92;92012;2;3;1.0;6.0;48,8328842533;2,2413929504;
202100050243.0;1;92;92004;2;3;8.0;6.0;48,9053537495;2,2826985269;
202100050244.0;1;17;17438;1;1;1.0;7.0;45,5595120000; -0,6195260000;
202100050245.0;1;54;54371;1;1;2.0;6.0;49,1993792000;5,9324965000;
202100050246.0;1;28;28006;1;6;1.0;2.0;48,4362480000;1,4310980000;
202100050247.0;3;62;62060;1;1;5.0;6.0;50,2231860000;2,0801990000;
202100050248.0;1;56;56224;1;1;1.0;7.0;47,7940610000; -2,3145480000;
202100050249.0;1;56;56157;1;2;1.0;3.0;47,7983350000; -2,7293140000;
202100050250.0;1;74;74299;2;1;1.0;6.0;45,8742120000;6,1823310000;
202100050251.0;1;67;67165;1;1;9.0;1.0;48,5144560000;7,1570120000;
202100050252.0;1;76;76254;2;1;1.0;6.0;49,7070050000;0,2055640000;
202100050253.0;1;55;55500;2;1;1.0;4.0;49,3244720000;5,6621650000;
202100050254.0;1;55;55359;2;9;1.0;6.0;48,5763990000;5,2469020000;
202100050255.0;1;49;49180;1;2;1.0;3.0;47,3944060000; -0,1012910000;
202100050256.0;1;49;49018;2;7;1.0;7.0;47,5408920000; -0,1048030000;
202100050257.0;1;42;42034;1;1;1.0;1.0;45,8455580000;3,7657090000;
202100050258.0;1;44;44063;1;2;1.0;3.0;47,0802450000; -1,1907720000;
202100050259.0;1;73;73154;2;1;1.0;1.0;45,6655820000;6,3450070000;
202100050260.0;3;10;10063;1;1;1.0;7.0;48,3674840000;4,5320960000;
202100050261.0;1;10;10033;2;1;2.0;3.0;48,2304440000;4,7083070000;
202100050262.0;1;36;36220;1;1;1.0;7.0;46,6281940000;1,4159810000;
202100050263.0;1;36;36189;1;1;1.0;6.0;46,5505340000;1,8115590000;
202100050264.0;3;07;07181;1;1;1.0;3.0;44,7590460000;4,7444740000;
202100050265.0;3;21;21381;1;1;1.0;6.0;47,3922490000;4,4833450000;
202100050266.0;1;40;40209;1;3;1.0;1.0;43,5550330000; -1,4309160000;
202100050267.0;1;30;30352;2;1;1.0;6.0;43,7926690000;4,0870680000;
202100050268.0;2;24;24054;2;3;1.0;3.0;44,7559940000;0,5333840000;
202100050269.0;3;03;03297;1;1;1.0;6.0;46,5295913324;2,5628823513;
202100050270.0;2;06;06152;1;1;1.0;7.0;43,6106550000;7,0488240000;
202100050271.0;1;68;68253;1;1;1.0;6.0;47,7808160000;7,4927670000;
202100050272.0;1;57;57467;1;4;1.0;6.0;49,1406530000;6,2464790000;
202100050273.0;1;69;69043;1;1;1.0;3.0;45,7053298331;4,7677874565;
202100050274.0;2;971;97103;1;1;1.0;2.0;16,2558990000; -61,6012220000;
202100050275.0;3;27;27351;1;1;8.0;2.0;49,2521730000;1,1671260000;
202100050276.0;1;971;97119;1;1;1.0;2.0;16,3968180000; -61,4841060000;
202100050277.0;3;971;97117;1;1;1.0;6.0;16,3347410000; -61,3592260000;
202100050278.0;1;63;63200;2;6;1.0;3.0;45,8392960000;3,2154460000;
202100050279.0;2;69;69003;2;1;1.0;1.0;45,8730630000;4,8349010000;
202100050280.0;1;33;33494;1;1;1.0;5.0;44,9428860000; -0,8409260000;
202100050281.0;3;29;29032;1;1;1.0;6.0;47,9027070000; -4,0786740000;