Num_Acc;lum;departement;commune;agglomeration;intersection;meteo;type_collision;lat;long;date
202100050282.0;1;59;59571;2;1;1.0;5.0;50,1859360000;3,4971440000;
202100050283.0;1;59;59252;1;3;1.0;3.0;50,7196290000;2,9392260000;
202100050284.0;1;13;13071;1;1;1.0;2.0;43,4059320000;5,3225950000;
202100050285.0;1;13;13055;1;1;1.0;4.0;43,3299060000;5,3945700000;
202100050286.0;1;13;13055;1;1;1.0;2.0;43,3298240000;5,4122280000;
202100050287.0;1;67;67152;1;1;1.0;4.0;48,5225700000;7,6411900000;
202100050288.0;1;91;91589;1;1;1.0;5.0;48,6792700000;2,3340600000;
202100050289.0;1;94;94038;1;1;1.0;3.0;48,7845000000;2,3470000000;
202100050290.0;3;91;91064;1;1;1.0;2.0;48,7492600000;2,2120300000;
202100050291.0;3;94;94034;1;1;1.0;3.0;48,7558000000;2,3423000000;
202100050292.0;5;75;75116;1;1;1.0;2.0;48,8483770000;2,2473590000;
202100050293.0;1;92;92036;1;1;1.0;2.0;48,9348439651;2,2672648297;
202100050294.0;1;93;93078;1;1;1.0;4.0;48,9676800000;2,5108000000;
202100050295.0;3;95;95252;1;1;1.0;6.0;48,9867419467;2,2424224657;
202100050296.0;1;94;94028;1;1;1.0;4.0;48,7857570000;2,4403200000;
202100050297.0;1;77;77083;1;1;1.0;4.0;48,8310075078;2,6062787316;
202100050298.0;1;974;97416;1;1;1.0;3.0; -21,2914100000;55,4708000000;
202100050299.0;1;974;97411;2;1;1.0;3.0; -20,9101100000;55,4849300000;
202100050300.0;5;69;69388;2;2;1.0;3.0;45,7315900000;4,8670900000;
202100050301.0;1;69;69199;1;3;1.0;3.0;45,6813239620;4,8482644558;
202100050302.0;1;69;69383;2;2;1.0;3.0;45,7627900000;4,8461300000;
202100050303.0;1;69;69386;2;5;1.0;3.0;45,7699200000;4,8571400000;
202100050304.0;1;972;97213;1;1;7.0;2.0;14,6181200000; -61,0276600000;
202100050305.0;1;69;69384;2;3;1.0;7.0;45,7719800000;4,8158800000;
202100050306.0;1;69;69385;2;1;8.0;7.0;45,7523441541;4,8162854219;
202100050307.0;1;91;91421;2;2;1.0;3.0;48,6964400000;2,4567600000;
202100050308.0;1;91;91514;2;1;1.0;6.0;48,6745200000;2,5311400000;
202100050309.0;1;91;91201;2;1;1.0;7.0;48,6634440000;2,4181420000;
202100050310.0;1;91;91687;2;1;7.0;6.0;48,6566500000;2,3732300000;
202100050311.0;1;86;86194;2;9;1.0;3.0;46,5673030000;0,3658320000;
202100050312.0;2;82;82121;2;1;1.0;6.0;44,0100300000;1,3747100000;
202100050313.0;1;81;81004;2;1;1.0;7.0;43,9113678657;2,1402179174;
202100050314.0;1;80;80131;1;1;1.0;4.0;49,8639600000;2,3497800000;
202100050315.0;1;79;79191;2;3;1.0;3.0;46,3222300000; -0,4568500000;
202100050316.0;1;78;78551;2;1;1.0;4.0;48,8979500000;2,0767900000;
202100050317.0;1;78;78498;2;1;1.0;3.0;48,9226700000;2,0305000000;
202100050318.0;1;73;73011;2;9;1.0;6.0;45,6689400000;6,3870700000;
202100050319.0;1;72;72095;2;1;1.0;6.0;48,0228400000;0,2092400000;
202100050320.0;1;71;71306;2;1;1.0;6.0;46,6592131607;4,3511091847;
202100050321.0;1;66;66136;2;1;1.0;3.0;42,6911100000;2,8517300000;
202100050322.0;1;64;64348;1;3;1.0;3.0;43,3483100000; -0,3799800000;
202100050323.0;1;64;64024;2;1;1.0;7.0;43,4828037255; -1,5044832230;
202100050324.0;1;62;62004;2;1;1.0;6.0;50,2788440000;2,7646120000;
202100050325.0;1;62;62041;2;9;2.0;6.0;50,2929000000;2,7759000000;
202100050326.0;1;59;59350;2;1;1.0;3.0;50,6310100000;3,0630200000;
202100050327.0;3;59;59428;1;1;1.0;1.0;50,1909242625;3,2146167755;
202100050328.0;1;54;54339;1;1;1.0;1.0;48,7252448522;6,1811533570;
202100050329.0;1;54;54547;2;1;1.0;3.0;48,6569962948;6,1860644817;
202100050330.0;1;51;51454;2;1;1.0;7.0;49,2369097662;4,0047423459;
202100050331.0;1;50;50602;2;3;1.0;3.0;49,6254700000; -1,5871900000;
202100050332.0;1;49;49353;2;1;1.0;4.0;47,4546200000; -0,5141100000;
202100050333.0;1;35;35238;2;9;1.0;3.0;48,1095300000; -1,6977000000;
202100050334.0;1;35;35051;1;1;7.0;6.0;48,1152300000; -1,5726300000;
202100050335.0;1;34;34032;2;6;1.0;7.0;43,3335500000;3,2315400000;
202100050336.0;1;33;33063;2;2;1.0;4.0;44,8754580000; -0,5455480000;
202100050337.0;1;33;33529;2;1;1.0;2.0;44,6131619819; -1,1349030804;
202100050338.0;1;31;31555;2;1;1.0;2.0;43,5979500000;1,4299500000;
202100050339.0;1;30;30007;2;3;1.0;6.0;44,1249255589;4,0890169144;
202100050340.0;3;29;29051;1;1;1.0;1.0;48,0242700000; -3,9811200000;
202100050341.0;1;28;28134;1;1;1.0;6.0;48,7360000000;1,3491500000;
202100050342.0;1;28;28085;2;1;1.0;7.0;48,4426200000;1,4873100000;
202100050343.0;1;25;25056;2;6;1.0;3.0;47,2207000000;5,9805000000;
202100050344.0;2;25;25056;2;1;1.0;2.0;47,2238000000;5,9789000000;
202100050345.0;1;17;17300;1;1;1.0;4.0;46,1755900000; -1,2111200000;
202100050346.0;1;17;17200;1;1;1.0;7.0;46,1749300000; -1,1732900000;
202100050347.0;1;15;15014;2;2;1.0;3.0;44,9122000000;2,4368800000;
202100050348.0;5;13;13209;2;1;1.0;2.0;43,2672900000;5,4031200000;
202100050349.0;2;13;13212;2;3;1.0;3.0;43,3189224329;5,4252589718;
202100050350.0;1;13;13212;2;9;1.0;3.0;43,2977651822;5,4405786128;
202100050351.0;1;13;13208;2;3;1.0;3.0;43,2636522655;5,3894698158;
202100050352.0;1;13;13209;2;3;1.0;3.0;43,2455400000;5,4120800000;
202100050353.0;1;13;13028;2;1;1.0;1.0;43,1870200000;5,6118000000;
202100050354.0;1;10;10333;2;1;1.0;4.0;48,2751500000;4,0452000000;
202100050355.0;1;10;10387;2;2;1.0;3.0;48,2772000000;4,0825900000;
202100050356.0;1;10;10362;1;1;1.0;4.0;48,3005800000;4,0190400000;
202100050357.0;1;75;75119;2;1;1.0;3.0;48,8954822250;2,3831266165;
202100050358.0;1;75;75118;2;2;1.0;3.0;48,8890534563;2,3481581680;
202100050359.0;1;75;75118;2;1;1.0;2.0;48,8896730000;2,3314960000;
202100050360.0;2;75;75117;2;4;1.0;3.0;48,8821916483;2,3011690378;
202100050361.0;1;75;75115;2;3;1.0;3.0;48,8354950000;2,2927660000;
202100050362.0;1;75;75114;2;2;1.0;3.0;48,8239530000;2,3309820000;
202100050363.0;5;75;75111;2;3;1.0;3.0;48,8609720000;2,3882120000;
202100050364.0;5;75;75101;2;3;1.0;3.0;48,8663290000;2,3341650000;
202100050365.0;1;94;94067;2;1;1.0;3.0;48,8337220000;2,4144430000;
202100050366.0;1;94;94074;2;1;1.0;2.0;48,7561560000;2,4531560000;
202100050367.0;1;94;94058;2;2;1.0;3.0;48,8390290000;2,5086320000;
202100050368.0;1;94;94034;2;1;7.0;6.0;48,7530100000;2,3188200000;
202100050369.0;1;94;94021;2;6;1.0;6.0;48,7595300000;2,3629000000;
202100050370.0;1;94;94033;2;1;1.0;3.0;48,8576400000;2,4915000000;
202100050371.0;1;94;94022;2;1;1.0;7.0;48,7676900000;2,4103700000;
202100050372.0;1;94;94017;2;1;1.0;5.0;48,8110950000;2,5366050000;
202100050373.0;1;94;94071;2;1;1.0;2.0;48,7615117618;2,5331864848;
202100050374.0;1;93;93066;2;1;7.0;6.0;48,9383911267;2,3705409983;
202100050375.0;1;93;93066;2;1;1.0;6.0;48,9387467348;2,3578495677;
202100050376.0;2;93;93066;2;1;1.0;6.0;48,9379584369;2,3504415887;
202100050377.0;5;93;93049;2;2;1.0;3.0;48,8614000000;2,5040000000;
202100050378.0;1;93;93049;2;6;1.0;2.0;48,8588329520;2,5030664624;
202100050379.0;1;93;93015;2;9;1.0;3.0;48,9093569018;2,5889325142;
202100050380.0;1;93;93031;2;1;1.0;6.0;48,9515675054;2,3202885389;
202100050381.0;1;93;93057;2;2;1.0;3.0;48,9111120963;2,5164974127;
202100050382.0;1;92;92047;2;1;1.0;3.0;48,8300622321;2,1746304631;
202100050383.0;5;92;92044;2;2;1.0;3.0;48,8912875625;2,2857838869;
202100050384.0;1;92;92078;2;2;1.0;2.0;48,9320712385;2,3226803541;
202100050385.0;2;92;92009;2;1;1.0;7.0;48,9195608106;2,2801211039;
202100050386.0;1;84;84088;1;1;1.0;4.0;43,9853580000;5,0142130000;
202100050387.0;1;17;17131;1;1;7.0;3.0;45,5887700000; -0,8632530000;
202100050388.0;1;51;51204;1;1;1.0;7.0;49,0819160000;3,8581060000;
202100050389.0;1;67;67360;1;1;1.0;1.0;48,1861110000;7,5337890000;
202100050390.0;3;80;80799;2;1;1.0;6.0;49,8707520000;2,5166140000;
202100050391.0;1;81;81120;1;1;1.0;4.0;43,5209360000;2,3002300000;
202100050392.0;1;71;71182;1;1;1.0;5.0;46,8039780000;4,7737330000;
202100050393.0;1;61;61464;1;1;1.0;7.0;48,6096460000;0,1652240000;
202100050394.0;1;46;46089;1;2;7.0;3.0;44,5055730000;1,0804260000;
202100050395.0;1;39;39245;1;2;7.0;3.0;46,9631030000;5,4480280000;
202100050396.0;1;34;34192;2;4;1.0;3.0;43,5303129008;3,9367987780;
202100050397.0;1;38;38511;1;2;1.0;2.0;45,3554930000;5,9531210000;
202100050398.0;1;72;72344;1;1;1.0;3.0;47,9135380000;0,1625150000;
202100050399.0;4;14;14572;2;3;1.0;6.0;48,8706850000; -0,5208640000;
202100050400.0;2;45;45272;2;1;1.0;7.0;47,8334730000;1,9633850000;
202100050401.0;1;43;43224;1;9;1.0;1.0;45,2206220000;4,2074630000;
202100050402.0;1;40;40313;1;2;1.0;2.0;43,8165850000; -0,7835480000;
202100050403.0;1;40;40002;1;1;1.0;6.0;43,6086710000; -0,7556480000;
202100050404.0;3;87;87033;1;1;1.0;7.0;45,9997940000;1,0954570000;
202100050405.0;1;88;88012;2;3;1.0;3.0;48,1249760000;6,5285020000;
202100050406.0;1;973;97307;2;6;1.0;3.0;4,8904610000; -52,3330250000;
202100050407.0;1;69;69244;2;2;1.0;6.0;45,7604148449;4,7701553842;
202100050408.0;1;33;33199;1;1;1.0;3.0;44,6145910000; -1,0743000000;
202100050409.0;1;38;38285;1;1;1.0;7.0;45,0372300000;5,9749100000;
202100050410.0;1;42;42092;1;2;1.0;2.0;45,4820940000;4,3499480000;
202100050411.0;1;988;98831;2;2;1.0;6.0; -20,9478130000;164,6851230000;
202100050412.0;1;971;97117;2;6;1.0;6.0;16,3341890000; -61,3496140000;
202100050413.0;1;971;97107;2;1;1.0;6.0;16,0798508222; -61,5748776101;
202100050414.0;1;71;71342;2;1;1.0;3.0;46,4442670000;4,1248730000;
202100050415.0;1;52;52366;1;3;1.0;1.0;47,9171400000;5,1895060000;
202100050416.0;1;88;88196;2;4;1.0;1.0;48,0652110000;6,8565520000;
202100050417.0;2;54;54090;1;1;1.0;1.0;48,7605300000;6,1514300000;
202100050418.0;1;38;38557;1;1;1.0;7.0;45,7830430000;5,0797390000;
202100050419.0;2;38;38317;1;1;1.0;1.0;45,1170890000;5,6984440000;
202100050420.0;1;27;27099;1;1;1.0;3.0;49,0654870000;1,1930040000;
202100050421.0;3;13;13026;1;1;1.0;5.0;43,4003020000;5,0996280000;
202100050422.0;1;69;69266;1;1;1.0;4.0;45,7600500000;4,9095800000;
202100050423.0;1;69;69256;1;1;1.0;6.0;45,8041391177;4,9261402804;
202100050424.0;3;95;95241;1;1;1.0;6.0;49,0461100000;2,4524000000;
202100050425.0;1;93;93010;1;1;1.0;4.0;48,9165000000;2,4781600000;
202100050426.0;1;30;30351;2;2;1.0;6.0;43,9768000000;4,7944000000;
202100050427.0;1;974;97411;2;1;1.0;3.0; -20,8859500000;55,4813500000;
202100050428.0;1;974;97409;2;2;2.0;3.0; -20,9618103099;55,6527829171;
202100050429.0;1;973;97302;2;1;2.0;7.0;4,9444500000; -52,3101400000;
202100050430.0;1;973;97302;2;1;1.0;3.0;4,9271700000; -52,3247800000;
202100050431.0;5;69;69259;2;9;1.0;3.0;45,6957618897;4,8812180109;
202100050432.0;1;69;69259;2;6;7.0;2.0;45,6861270500;4,8922385400;
202100050433.0;1;69;69388;2;2;1.0;2.0;45,7346799506;4,8632630141;
202100050434.0;1;972;97209;2;1;1.0;2.0;14,6121200000; -61,0533500000;
202100050435.0;3;972;97209;1;1;2.0;6.0;14,6140100000; -61,0528000000;
202100050436.0;5;972;97209;2;9;2.0;1.0;14,6285100000; -61,0720500000;
202100050437.0;5;971;97105;2;1;1.0;7.0;15,9992854654; -61,7258906364;
202100050438.0;1;2A;2A004;2;4;1.0;3.0;41,9258666088;8,7344022295;
202100050439.0;1;95;95424;2;1;1.0;6.0;48,9956963477;2,2017139849;
202100050440.0;5;91;91201;2;1;1.0;7.0;48,6869500000;2,4006100000;
202100050441.0;5;91;91223;1;1;1.0;6.0;48,4381400000;2,1715900000;
202100050442.0;1;86;86194;2;1;1.0;6.0;46,5753520000;0,3383950000;
202100050443.0;1;84;84007;2;1;1.0;1.0;43,9289500000;4,8387900000;
202100050444.0;1;79;79191;2;2;1.0;2.0;46,3356970000; -0,4516500000;
202100050445.0;5;78;78481;2;3;1.0;3.0;48,8861260000;2,0934710000;
202100050446.0;1;77;77389;1;1;1.0;6.0;48,5070160000;2,6584770000;
202100050447.0;1;74;74012;2;2;1.0;6.0;46,1985320000;6,2521330000;
202100050448.0;1;72;72181;2;1;1.0;6.0;48,0067800000;0,1902500000;
202100050449.0;1;69;69264;2;1;1.0;3.0;45,9808811540;4,7404709233;
202100050450.0;1;66;66136;2;1;2.0;6.0;42,6998000000;2,8891200000;
202100050451.0;1;65;65331;2;9;1.0;4.0;43,2162000000;0,0547600000;
202100050452.0;1;65;65417;2;1;1.0;7.0;43,2271270000;0,1043130000;
202100050453.0;1;65;65226;1;6;1.0;3.0;43,2386350000;0,0098410000;
202100050454.0;1;64;64483;2;3;7.0;3.0;43,3950357305; -1,6484105587;
202100050455.0;1;56;56121;2;6;1.0;3.0;47,7571500000; -3,3877200000;
202100050456.0;1;54;54184;2;1;1.0;4.0;48,7071348415;6,2448315607;
202100050457.0;1;51;51454;2;4;1.0;3.0;49,2478174668;4,0441409569;
202100050458.0;1;50;50502;2;1;7.0;3.0;49,1217000000; -1,0611000000;
202100050459.0;1;49;49328;2;1;1.0;4.0;47,2595200000; -0,0731400000;
202100050460.0;1;45;45235;1;6;1.0;3.0;47,9435500000;1,8341600000;
202100050461.0;5;44;44109;2;2;1.0;3.0;47,2088217233; -1,5499134064;
202100050462.0;1;37;37214;2;1;1.0;1.0;47,4125266069;0,6745181680;
202100050463.0;1;35;35238;2;2;1.0;5.0;48,1351700000; -1,6594900000;
202100050464.0;2;33;33063;2;1;1.0;3.0;44,8320700000; -0,5781200000;
202100050465.0;1;33;33529;2;3;1.0;1.0;44,6242036049; -1,1514460921;
202100050466.0;1;33;33009;2;6;7.0;3.0;44,6536100000; -1,1467500000;
202100050467.0;1;32;32013;2;1;1.0;6.0;43,6306200862;0,5808173354;
202100050468.0;1;31;31483;2;1;1.0;6.0;43,1125500000;0,7140700000;
202100050469.0;1;29;29232;2;1;1.0;2.0;47,9795000000; -4,0748200000;
202100050470.0;1;26;26362;2;9;1.0;1.0;44,9175600000;4,8852300000;
202100050471.0;1;25;25056;2;1;1.0;5.0;47,2487060000;5,9965480000;
202100050472.0;5;21;21231;2;2;2.0;3.0;47,3049500000;5,0230720000;
202100050473.0;1;17;17380;2;1;1.0;3.0;45,6512900000; -1,0713900000;
202100050474.0;2;13;13204;2;1;1.0;6.0;43,3073755102;5,4014725577;
202100050475.0;1;09;09122;1;9;1.0;3.0;42,9875103882;1,6157118996;
202100050476.0;1;06;06088;2;1;1.0;6.0;43,6948780000;7,2652710000;
202100050477.0;1;06;06027;2;1;1.0;3.0;43,6591100000;7,1767400000;
202100050478.0;1;05;05061;2;1;1.0;7.0;44,5578800000;6,0712700000;
202100050479.0;1;75;75116;2;7;1.0;3.0;48,8648710000;2,2941180000;
202100050480.0;1;75;75115;2;2;1.0;7.0;48,8354110000;2,2810640000;
202100050481.0;1;75;75114;2;4;1.0;3.0;48,8310510000;2,3175100000;
202100050482.0;1;75;75114;2;2;1.0;3.0;48,8351070000;2,3203080000;
202100050483.0;2;75;75112;2;2;1.0;6.0;48,8458510000;2,3676370000;
202100050484.0;1;75;75112;2;3;1.0;3.0;48,8465790000;2,3874570000;
202100050485.0;1;75;75112;2;4;1.0;3.0;48,8464350000;2,3668760000;
202100050486.0;1;75;75107;2;2;1.0;2.0;48,8494920000;2,3152970000;
202100050487.0;1;75;75109;2;1;1.0;3.0;48,8762990000;2,3336740000;
202100050488.0;1;94;94078;2;1;1.0;6.0;48,7330140000;2,4475960000;
202100050489.0;1;94;94078;2;9;1.0;6.0;48,7461389333;2,4468871272;
202100050490.0;1;94;94037;2;3;1.0;6.0;48,8155600000;2,3511100000;
202100050491.0;1;94;94073;2;2;1.0;3.0;48,7584200000;2,3928400000;
202100050492.0;5;94;94077;2;2;1.0;3.0;48,7322300000;2,4088400000;
202100050493.0;5;94;94004;2;1;1.0;2.0;48,7475000000;2,5101500000;
202100050494.0;1;93;93014;2;1;1.0;6.0;48,9074433949;2,5443007194;
202100050495.0;5;93;93014;2;1;1.0;1.0;48,8975097184;2,5331782293;
202100050496.0;1;93;93010;2;1;1.0;6.0;48,9032948221;2,4987245934;
202100050497.0;5;92;92062;2;3;1.0;3.0;48,8818673788;2,2467014194;
202100050498.0;5;92;92036;2;6;1.0;2.0;48,9417740440;2,2952174333;
202100050499.0;1;92;92025;2;1;1.0;6.0;48,9132562573;2,2282853723;
202100050500.0;1;92;92024;2;1;1.0;3.0;48,9066172993;2,3020823300;
202100050501.0;5;92;92023;2;6;1.0;7.0;48,8037230980;2,2668810189;
202100050502.0;1;92;92019;2;1;1.0;6.0;48,7722763902;2,2752709687;
202100050503.0;1;35;35167;1;1;1.0;1.0;47,8716000000; -1,3406360000;
202100050504.0;5;28;28334;1;1;1.0;6.0;48,0905070000;1,2397810000;
202100050505.0;1;28;28088;1;9;1.0;2.0;48,0865510000;1,3098410000;
202100050506.0;3;52;52365;1;1;1.0;2.0;48,0587790000;4,9534610000;
202100050507.0;1;87;87203;1;1;1.0;6.0;45,6743430000;1,3791920000;
202100050508.0;3;38;38115;1;1;1.0;3.0;44,9847290000;5,6475090000;
202100050509.0;1;74;74299;2;3;1.0;6.0;45,8811040000;6,1790240000;
202100050510.0;1;82;82025;1;2;1.0;3.0;43,9578350000;1,2866560000;
202100050511.0;1;61;61007;1;1;1.0;7.0;48,8090640000; -0,4224260000;
202100050512.0;1;49;49222;1;3;1.0;1.0;47,3495380000; -0,5760740000;
202100050513.0;1;68;68073;2;3;1.0;1.0;47,8054090000;6,9359830000;
202100050514.0;1;22;22347;1;2;1.0;3.0;48,7835402258; -3,2043600082;
202100050515.0;1;25;25611;1;1;1.0;7.0;47,2092850000;6,0522760000;
202100050516.0;1;44;44211;1;2;1.0;3.0;47,3765000000; -2,4597790000;
202100050517.0;1;06;06108;2;1;1.0;1.0;43,5731120000;6,9416050000;
202100050518.0;1;14;14103;1;1;1.0;7.0;49,2561320000; -0,8692700000;
202100050519.0;1;43;43113;1;4;7.0;3.0;45,0077170000;3,9981220000;
202100050520.0;1;10;10148;1;1;1.0;3.0;48,4628020000;3,5856410000;
202100050521.0;1;10;10318;2;1;1.0;3.0;48,4121550000;3,6656030000;
202100050522.0;1;16;16016;1;2;1.0;3.0;46,0071190000;0,6402840000;
202100050523.0;1;53;53238;1;1;1.0;2.0;48,4467250000; -1,0189390000;
202100050524.0;1;53;53109;1;1;1.0;7.0;48,2942510000; -0,4806630000;
202100050525.0;1;21;21177;1;4;1.0;3.0;47,3747600000;4,4086800000;
202100050526.0;1;17;17140;2;1;1.0;7.0;45,8919680000; -1,2735720000;
202100050527.0;1;08;08003;2;1;1.0;6.0;49,7748490000;4,7636260000;
202100050528.0;3;03;03118;1;1;1.0;6.0;46,1103964532;3,1361019500;
202100050529.0;2;77;77001;1;1;1.0;3.0;48,3596990000;2,5764230000;
202100050530.0;1;973;97303;1;1;1.0;7.0;5,4298290000; -53,0891990000;
202100050531.0;1;06;06157;2;6;1.0;3.0;43,7231030000;7,0827380000;
202100050532.0;1;13;13081;2;1;1.0;1.0;43,4885950000;5,2299000000;
202100050533.0;1;67;67348;1;2;1.0;2.0;48,4777860000;7,4987800000;
202100050534.0;1;03;03104;1;3;1.0;3.0;46,3344716976;2,7850210655;
202100050535.0;1;50;50139;2;6;1.0;3.0;49,0576280000; -1,0317490000;
202100050536.0;1;56;56046;1;1;1.0;4.0;47,6036710000; -2,9930770000;
202100050537.0;1;35;35006;2;3;1.0;6.0;48,0586780000; -1,1533020000;
202100050538.0;1;13;13117;1;1;1.0;2.0;43,4439500000;5,2446600000;
202100050539.0;1;67;67152;1;1;1.0;4.0;48,5288800000;7,6940500000;
202100050540.0;1;93;93053;1;1;1.0;2.0;48,8929100000;2,4727900000;
202100050541.0;2;95;95018;1;1;1.0;5.0;48,9509042212;2,2798629853;
202100050542.0;3;95;95151;1;1;1.0;6.0;49,0627500000;2,2747400000;
202100050543.0;3;95;95678;1;1;1.0;6.0;49,0729089475;2,2286545153;
202100050544.0;5;93;93066;1;1;1.0;3.0;48,9121700000;2,3578000000;
202100050545.0;1;93;93027;1;1;1.0;2.0;48,9381400000;2,4144900000;
202100050546.0;3;93;93078;1;1;1.0;3.0;48,9581100000;2,5309000000;
202100050547.0;1;95;95424;1;1;1.0;2.0;48,9942345585;2,1846001560;
202100050548.0;1;93;93007;1;1;1.0;4.0;48,9492000000;2,4469100000;
202100050549.0;1;77;77514;1;1;1.0;6.0;48,9413200000;2,6285700000;
202100050550.0;1;94;94017;1;1;1.0;4.0;48,8266700000;2,5162800000;
202100050551.0;1;77;77249;1;1;2.0;3.0;48,7368615789;2,6124278647;
202100050552.0;5;988;98818;2;1;1.0;6.0; -22,2680500000;166,4623300000;
202100050553.0;3;976;97611;1;1;1.0;6.0; -12,7939200000;45,2188200000;
202100050554.0;1;974;97416;2;6;1.0;3.0; -21,3260534549;55,4918335357;
202100050555.0;3;974;97416;1;1;2.0;6.0; -21,3234000000;55,4746100000;
202100050556.0;1;974;97407;2;1;1.0;3.0; -20,9372900000;55,2993600000;
202100050557.0;5;973;97302;2;1;1.0;7.0;4,9319300723; -52,3325503115;
202100050558.0;1;69;69387;2;2;1.0;6.0;45,7450877695;4,8487409614;
202100050559.0;1;69;69386;2;2;1.0;3.0;45,7681600000;4,8631700000;
202100050560.0;1;69;69034;2;2;1.0;6.0;45,7992600000;4,8472700000;
202100050561.0;1;2A;2A004;1;1;1.0;6.0;41,9010400000;8,6169300000;
202100050562.0;1;95;95197;2;1;1.0;1.0;48,9662736053;2,3184714837;
202100050563.0;1;91;91692;2;1;1.0;6.0;48,6845270000;2,1694700000;
202100050564.0;1;83;83137;2;1;1.0;1.0;43,1319900000;5,8818900000;
202100050565.0;1;83;83069;2;4;1.0;1.0;43,0920570000;6,1298270000;
202100050566.0;3;83;83050;1;1;1.0;6.0;43,5142500000;6,4202300000;
202100050567.0;1;77;77186;1;1;1.0;2.0;48,4283100000;2,6635000000;
202100050568.0;1;76;76351;2;3;1.0;3.0;49,4951700000;0,1497300000;
202100050569.0;1;76;76351;2;1;1.0;2.0;49,4993200000;0,1395600000;
202100050570.0;1;72;72181;2;9;2.0;3.0;47,9967500000;0,1932800000;
202100050571.0;1;71;71076;2;2;1.0;1.0;46,7790462131;4,8499806043;
202100050572.0;1;69;69266;2;1;1.0;3.0;45,7724900000;4,8637000000;
202100050573.0;2;64;64122;2;2;3.0;3.0;43,4824000000; -1,5444800000;
202100050574.0;1;62;62193;2;6;1.0;3.0;50,9549180000;1,8503430000;
202100050575.0;1;58;58194;2;3;1.0;6.0;46,9930300000;3,1602400000;
202100050576.0;1;57;57306;1;1;1.0;2.0;49,3151000000;6,0783000000;
202100050577.0;3;57;57591;1;1;2.0;6.0;49,2395000000;6,0672800000;
202100050578.0;1;51;51454;2;2;1.0;3.0;49,2491529193;4,0369893307;
202100050579.0;1;51;51454;2;3;1.0;3.0;49,2681695927;4,0683715409;
202100050580.0;2;42;42110;2;1;1.0;6.0;45,4937800000;4,5597400000;
202100050581.0;1;34;34129;1;1;8.0;5.0;43,5612700000;3,8668900000;
202100050582.0;1;33;33281;2;6;1.0;6.0;44,8384392055; -0,6616754821;
202100050583.0;1;29;29039;1;2;1.0;6.0;47,8779918281; -3,8791138112;
202100050584.0;3;26;26313;1;1;2.0;1.0;44,9614120000;4,9469380000;
202100050585.0;1;13;13214;2;1;1.0;3.0;43,3381530000;5,3934130000;
202100050586.0;1;13;13208;2;9;1.0;3.0;43,2707842745;5,4004615545;
202100050587.0;1;13;13028;2;4;1.0;3.0;43,1973700000;5,5884700000;
202100050588.0;1;13;13004;2;1;1.0;1.0;43,6835100000;4,6329300000;
202100050589.0;1;13;13001;2;1;1.0;1.0;43,5319800000;5,4508300000;
202100050590.0;1;11;11262;2;1;1.0;5.0;43,1781500000;2,9688600000;
202100050591.0;1;11;11262;2;1;1.0;6.0;43,1798400000;3,0173400000;
202100050592.0;1;11;11262;2;6;1.0;7.0;43,1751800000;3,0035700000;
202100050593.0;1;10;10343;2;2;1.0;3.0;48,2700000000;4,0873900000;
202100050594.0;5;94;94068;2;1;2.0;6.0;48,8073700000;2,5104400000;
202100050595.0;1;94;94038;2;1;1.0;6.0;48,7764900000;2,3376900000;
202100050596.0;1;94;94078;2;1;1.0;3.0;48,7269510000;2,4451140000;
202100050597.0;1;94;94053;2;2;1.0;1.0;48,7755400000;2,5485500000;
202100050598.0;1;94;94018;2;1;1.0;6.0;48,8234000000;2,4196700000;
202100050599.0;3;94;94017;1;1;1.0;6.0;48,8297700000;2,4915800000;
202100050600.0;5;94;94071;2;4;1.0;2.0;48,7749700000;2,5197500000;
202100050601.0;1;94;94075;2;1;8.0;2.0;48,7218400000;2,5335800000;
202100050602.0;1;93;93059;2;1;1.0;6.0;48,9711500000;2,3662200000;
202100050603.0;1;93;93063;2;1;1.0;3.0;48,8931300000;2,4379200000;
202100050604.0;1;93;93032;2;1;1.0;6.0;48,8766500000;2,5490300000;
202100050605.0;5;93;93029;2;1;1.0;6.0;48,9245838748;2,4371305300;
202100050606.0;1;93;93005;2;6;1.0;4.0;48,9542281186;2,5100585412;
202100050607.0;1;92;92063;2;3;2.0;3.0;48,8736000000;2,1954700000;
202100050608.0;1;92;92050;2;7;8.0;6.0;48,8871498993;2,1998615679;
202100050609.0;1;92;92050;2;1;1.0;3.0;48,8855910518;2,2199289501;