Num_Acc;lum;departement;commune;agglomeration;intersection;meteo;type_collision;lat;long;date
202100050939.0;5;75;75101;2;3;1.0;6.0;48,8608910000;2,3300370000;
202100050940.0;1;75;75104;2;3;1.0;7.0;48,8580520000;2,3496460000;
202100050941.0;2;94;94042;2;1;1.0;6.0;48,8203200000;2,4670900000;
202100050942.0;5;94;94011;2;1;1.0;1.0;48,7603000000;2,4900000000;
202100050943.0;1;94;94022;2;1;1.0;3.0;48,7520300000;2,4078600000;
202100050944.0;5;94;94019;2;2;2.0;3.0;48,7901810000;2,5224250000;
202100050945.0;5;94;94017;2;5;1.0;4.0;48,8247900000;2,5001500000;
202100050946.0;5;94;94028;2;2;1.0;3.0;48,8026900000;2,4604500000;
202100050947.0;5;94;94002;2;5;1.0;3.0;48,7982200000;2,4204700000;
202100050948.0;5;94;94002;2;2;2.0;3.0;48,8117639787;2,4114793738;
202100050949.0;1;93;93070;2;1;2.0;6.0;48,9125100000;2,3274500000;
202100050950.0;1;93;93066;2;1;1.0;3.0;48,9244000000;2,3731500000;
202100050951.0;1;93;93047;2;1;1.0;7.0;48,8947905589;2,5467578096;
202100050952.0;2;93;93001;2;1;2.0;6.0;48,9092280133;2,3783249296;
202100050953.0;1;92;92075;2;9;1.0;3.0;48,8228586951;2,2954477175;
202100050954.0;1;92;92026;2;1;1.0;2.0;48,8911006803;2,2577186035;
202100050955.0;1;92;92012;2;5;1.0;3.0;48,8370600000;2,2436800000;
202100050956.0;4;36;36247;1;1;1.0;6.0;46,9120550000;1,6500950000;
202100050957.0;1;31;31547;1;2;1.0;3.0;43,4882530000;1,2754760000;
202100050958.0;1;67;67073;1;1;1.0;5.0;48,2816940000;7,3620200000;
202100050959.0;3;974;97410;1;1;3.0;1.0; -21,0329020000;55,7054900000;
202100050960.0;1;57;57343;1;1;1.0;2.0;49,3250170000;6,1811940000;
202100050961.0;1;57;57708;1;1;7.0;2.0;49,0221950000;6,1987780000;
202100050962.0;1;51;51563;1;1;1.0;1.0;48,8221006850;3,7590997506;
202100050963.0;1;56;56177;1;1;8.0;6.0;47,8031660000; -3,0728830000;
202100050964.0;1;76;76232;2;1;1.0;7.0;49,7831970000;0,4498820000;
202100050965.0;1;79;79210;1;1;1.0;6.0;46,8959910000; -0,6565620000;
202100050966.0;3;80;80332;1;1;1.0;7.0;50,2410330000;1,7283350000;
202100050967.0;3;65;65035;1;1;1.0;7.0;43,3972107586;0,0717759132;
202100050968.0;1;69;69063;2;3;1.0;3.0;45,8165710000;4,8415430000;
202100050969.0;1;61;61339;1;1;1.0;7.0;48,7591310000; -0,2355190000;
202100050970.0;1;49;49041;1;2;1.0;6.0;47,2859180000;0,0594700000;
202100050971.0;1;42;42246;2;2;1.0;1.0;45,3209417650;4,6227293462;
202100050972.0;1;41;41198;1;1;1.0;6.0;47,2557060000;1,3537110000;
202100050973.0;1;25;25074;1;1;1.0;6.0;47,2005310000;6,7116920000;
202100050974.0;1;29;29211;1;1;2.0;1.0;48,3460464835; -3,7274479868;
202100050975.0;1;03;03254;1;1;1.0;6.0;46,2965188431;3,2632559538;
202100050976.0;1;15;15165;1;1;6.0;6.0;45,0103720000;2,1570540000;
202100050977.0;1;70;70311;2;3;1.0;3.0;47,8233990000;6,3884320000;
202100050978.0;3;64;64412;1;1;1.0;7.0;43,3195420000; -0,8889480000;
202100050979.0;1;21;21127;1;1;7.0;3.0;47,4788920000;5,0769170000;
202100050980.0;1;24;24547;2;1;1.0;2.0;45,1305820000;1,2924920000;
202100050981.0;1;04;04049;2;1;1.0;1.0;44,0863004784;6,0082498120;
202100050982.0;2;37;37151;2;1;1.0;1.0;47,4387630632;0,6408247076;
202100050983.0;3;01;01038;1;1;1.0;2.0;46,3449980000;5,2861030000;
202100050984.0;1;06;06085;1;1;1.0;3.0;43,5959310000;6,9654460000;
202100050985.0;1;31;31036;2;1;6.0;6.0;43,5481490000;1,5631390000;
202100050986.0;1;21;21481;1;1;1.0;6.0;47,2616820000;5,0341400000;
202100050987.0;3;62;62259;1;1;1.0;4.0;50,2008420000;2,8786780000;
202100050988.0;3;987;98754;2;1;1.0;3.0; -16,8781310000; -151,4472980000;
202100050989.0;1;988;98820;1;3;1.0;1.0; -20,6483200000;166,5686200000;
202100050990.0;1;91;91041;1;1;1.0;4.0;48,5731000000;2,2353740000;
202100050991.0;2;34;34057;1;1;9.0;1.0;43,6475970000;3,8994220000;
202100050992.0;1;08;08328;1;1;1.0;2.0;49,8226120000;4,7426710000;
202100050993.0;2;74;74040;1;1;1.0;1.0;46,1735450000;6,3096610000;
202100050994.0;1;42;42056;1;1;1.0;6.0;45,3940365590;4,7429477870;
202100050995.0;1;42;42088;1;1;1.0;5.0;45,7786960000;4,2134710000;
202100050996.0;1;38;38405;1;1;1.0;7.0;45,3714100000;5,6897500000;
202100050997.0;1;38;38236;1;1;1.0;7.0;45,4089200000;5,6983800000;
202100050998.0;1;01;01213;1;1;1.0;3.0;45,9317260000;5,2885540000;
202100050999.0;2;85;85178;1;1;1.0;1.0;46,7582100000; -1,5280870000;
202100051000.0;1;44;44047;1;1;1.0;5.0;47,2315390000; -1,7060240000;
202100051001.0;3;14;14488;1;1;1.0;6.0;49,2649200000; -0,2743800000;
202100051002.0;1;62;62801;2;1;1.0;6.0;50,3915790000;2,7429570000;
202100051003.0;1;59;59232;1;9;1.0;3.0;50,3030040000;3,7283510000;
202100051004.0;1;59;59053;2;4;1.0;2.0;50,2931230000;3,8011140000;
202100051005.0;5;13;13206;1;1;1.0;3.0;43,2856000000;5,3750000000;
202100051006.0;1;69;69283;1;1;1.0;2.0;45,6612600000;4,9228600000;
202100051007.0;1;33;33013;1;1;1.0;2.0;44,8686510000; -0,5004540000;
202100051008.0;3;59;59124;1;1;1.0;6.0;50,6014373851;3,2582750916;
202100051009.0;1;78;78165;1;1;1.0;2.0;48,7992830000;1,9935940000;
202100051010.0;1;92;92050;1;1;1.0;3.0;48,9074484080;2,2123349753;
202100051011.0;3;78;78646;1;1;2.0;6.0;48,7824860000;2,1611680000;
202100051012.0;1;93;93078;1;1;2.0;2.0;48,9585100000;2,5269000000;
202100051013.0;1;93;93048;1;1;1.0;2.0;48,8722000000;2,4335200000;
202100051014.0;3;95;95018;1;1;8.0;6.0;48,9619688867;2,2678476835;
202100051015.0;1;974;97416;1;1;1.0;5.0; -21,3153934237;55,4924583435;
202100051016.0;1;974;97411;1;1;1.0;3.0; -20,8916400000;55,4967400000;
202100051017.0;3;972;97209;2;1;2.0;6.0;14,6169068752; -61,0599474519;
202100051018.0;1;972;97209;2;1;1.0;6.0;14,5990300000; -61,0534300000;
202100051019.0;1;69;69384;2;2;1.0;3.0;45,7809477486;4,8366073966;
202100051020.0;1;971;97128;1;1;1.0;7.0;16,2526700000; -61,4447300000;
202100051021.0;5;971;97101;2;1;2.0;6.0;16,2569000000; -61,5205500000;
202100051022.0;1;2A;2A004;2;1;1.0;2.0;41,9334778220;8,7541763101;
202100051023.0;5;91;91161;2;1;1.0;2.0;48,7149900000;2,2982600000;
202100051024.0;1;91;91691;2;6;2.0;6.0;48,7097100000;2,4915100000;
202100051025.0;1;91;91114;2;1;2.0;3.0;48,7084000000;2,5263000000;
202100051026.0;1;91;91657;2;2;2.0;3.0;48,6944240000;2,4174270000;
202100051027.0;1;88;88424;2;1;1.0;6.0;48,2651800000;6,9654700000;
202100051028.0;1;84;84087;2;1;5.0;6.0;44,1513150000;4,8064740000;
202100051029.0;1;84;84031;1;1;1.0;4.0;44,0467500000;5,0246500000;
202100051030.0;1;83;83137;2;1;1.0;6.0;43,1109700000;5,9522900000;
202100051031.0;1;80;80021;2;1;2.0;3.0;49,8878200000;2,2892300000;
202100051032.0;5;78;78498;2;3;9.0;1.0;48,9264400000;2,0515000000;
202100051033.0;5;77;77320;2;1;2.0;6.0;48,8178600000;3,0540900000;
202100051034.0;5;73;73065;1;1;1.0;6.0;45,5866700000;5,9073700000;
202100051035.0;1;73;73029;2;1;1.0;2.0;45,5610210000;5,9420250000;
202100051036.0;1;73;73011;2;6;1.0;7.0;45,6701342610;6,3775760365;
202100051037.0;5;69;69029;2;9;1.0;3.0;45,7357213230;4,9336123466;
202100051038.0;1;69;69266;2;1;1.0;6.0;45,7698577168;4,8936393037;
202100051039.0;1;69;69266;2;2;1.0;3.0;45,7493100000;4,9142500000;
202100051040.0;1;64;64445;2;2;1.0;6.0;43,3045700000; -0,3799300000;
202100051041.0;2;64;64024;2;1;1.0;3.0;43,4824500000; -1,5061300000;
202100051042.0;1;57;57463;2;1;1.0;6.0;49,1195900000;6,1963500000;
202100051043.0;1;56;56260;2;1;1.0;3.0;47,6655400000; -2,7503500000;
202100051044.0;5;54;54578;2;1;1.0;6.0;48,6672315452;6,1463287228;
202100051045.0;5;51;51454;2;1;2.0;1.0;49,2370986024;4,0140511576;
202100051046.0;1;51;51454;2;2;8.0;3.0;49,2507688676;4,0283728222;
202100051047.0;1;50;50002;2;6;7.0;6.0;49,1092800000; -1,1346900000;
202100051048.0;2;50;50129;2;1;1.0;6.0;49,6272900000; -1,6677700000;
202100051049.0;2;49;49099;2;1;1.0;6.0;47,0492900000; -0,8664500000;
202100051050.0;1;49;49007;2;9;1.0;3.0;47,4603900000; -0,5544500000;
202100051051.0;1;49;49007;2;1;1.0;2.0;47,4936938918; -0,5735515058;
202100051052.0;3;49;49007;2;1;1.0;3.0;47,4672530000; -0,5550370000;
202100051053.0;2;49;49007;2;1;1.0;3.0;47,4714000000; -0,5191200000;
202100051054.0;1;42;42071;1;2;8.0;3.0;46,0090200000;4,0978300000;
202100051055.0;1;41;41018;2;9;1.0;6.0;47,5993700000;1,3211300000;
202100051056.0;1;37;37261;2;3;2.0;6.0;47,3953441487;0,6744202673;
202100051057.0;1;34;34032;2;1;1.0;6.0;43,3619500000;3,2348700000;
202100051058.0;1;33;33063;2;2;1.0;3.0;44,8582500000; -0,5843300000;
202100051059.0;1;33;33063;2;3;1.0;3.0;44,8294990000; -0,5612960000;
202100051060.0;1;33;33192;2;2;1.0;3.0;44,7784110000; -0,6097820000;
202100051061.0;1;33;33529;2;6;1.0;3.0;44,6049100000; -1,1303100000;
202100051062.0;1;31;31555;2;1;1.0;3.0;43,5773500000;1,4364400000;
202100051063.0;1;27;27229;2;2;1.0;3.0;49,0188900000;1,1549000000;
202100051064.0;1;26;26313;1;9;8.0;1.0;44,9611250000;4,9457050000;
202100051065.0;1;26;26198;1;9;1.0;6.0;44,5429100000;4,7731000000;
202100051066.0;5;25;25388;2;1;8.0;6.0;47,5095720000;6,7898510000;
202100051067.0;5;18;18033;2;3;1.0;3.0;47,0993000000;2,4067000000;
202100051068.0;1;17;17300;2;4;1.0;2.0;46,1624410000; -1,1823290000;
202100051069.0;1;13;13210;2;1;1.0;1.0;43,2753607145;5,4164290304;
202100051070.0;1;13;13211;2;1;1.0;3.0;43,2940700000;5,4756500000;
202100051071.0;1;13;13205;2;3;1.0;3.0;43,2918330003;5,4074828052;
202100051072.0;1;13;13001;2;1;1.0;3.0;43,5329400000;5,4281200000;
202100051073.0;5;11;11069;2;4;1.0;1.0;43,1992500000;2,3271400000;
202100051074.0;1;10;10387;2;1;9.0;7.0;48,3053700000;4,0722200000;
202100051075.0;1;06;06088;2;1;1.0;6.0;43,7290900000;7,2441500000;
202100051076.0;1;06;06123;2;2;1.0;3.0;43,6659100000;7,1930800000;
202100051077.0;1;06;06004;1;1;1.0;7.0;43,6110400000;7,1095200000;
202100051078.0;5;75;75119;2;7;1.0;3.0;48,9009320000;2,3882090000;
202100051079.0;5;75;75118;2;1;1.0;3.0;48,8902730000;2,3590290000;
202100051080.0;1;75;75117;2;2;8.0;7.0;48,8839840000;2,2908750000;
202100051081.0;1;75;75116;2;4;1.0;2.0;48,8444028575;2,2570949793;
202100051082.0;5;75;75115;2;2;1.0;3.0;48,8347200000;2,3051910000;
202100051083.0;1;75;75112;2;1;2.0;6.0;48,8468270000;2,4100520000;
202100051084.0;1;75;75112;2;1;1.0;6.0;48,8461960000;2,3766990000;
202100051085.0;5;75;75111;2;1;1.0;2.0;48,8559870000;2,3756970000;
202100051086.0;1;75;75107;2;3;2.0;6.0;48,8578260000;2,3065310000;
202100051087.0;1;75;75103;2;4;1.0;1.0;48,8668096515;2,3620036436;
202100051088.0;5;94;94078;2;1;2.0;2.0;48,7550000000;2,4440000000;
202100051089.0;5;94;94058;2;2;1.0;1.0;48,8492100000;2,4960700000;
202100051090.0;1;94;94076;2;1;2.0;1.0;48,8014600000;2,3557700000;
202100051091.0;1;94;94077;2;9;2.0;3.0;48,7329100000;2,4061320000;
202100051092.0;1;93;93071;2;3;2.0;3.0;48,9364629115;2,5148877095;
202100051093.0;1;93;93066;2;1;1.0;4.0;48,9287393577;2,3602989647;
202100051094.0;1;93;93066;2;1;1.0;1.0;48,9153600000;2,3525300000;
202100051095.0;1;93;93077;2;1;2.0;6.0;48,8913537873;2,5072765550;
202100051096.0;1;93;93046;2;1;2.0;3.0;48,9205614075;2,5400401152;
202100051097.0;5;93;93029;2;3;2.0;3.0;48,9146931489;2,4460909667;
202100051098.0;5;93;93005;2;9;1.0;3.0;48,9267918218;2,5087776203;
202100051099.0;4;92;92075;2;9;1.0;3.0;48,8225475369;2,2949194908;
202100051100.0;1;92;92063;2;2;1.0;3.0;48,8760430142;2,1827253699;
202100051101.0;5;92;92050;2;3;2.0;2.0;48,8881309529;2,2020737674;
202100051102.0;1;92;92044;2;1;2.0;6.0;48,8936188884;2,2994014621;
202100051103.0;1;92;92036;2;1;1.0;3.0;48,9287642991;2,3122339343;
202100051104.0;1;92;92026;2;1;2.0;3.0;48,8990002177;2,2354276288;
202100051105.0;1;92;92024;2;2;1.0;4.0;48,9123608708;2,3114426670;
202100051106.0;1;37;37260;1;2;1.0;3.0;47,0645664184;0,3726060390;
202100051107.0;3;25;25510;1;1;8.0;1.0;47,2773370000;5,8126310000;
202100051108.0;1;49;49127;1;1;1.0;1.0;47,7050540000; -0,2688750000;
202100051109.0;1;10;10115;1;1;1.0;2.0;48,3186550000;4,1290520000;
202100051110.0;1;972;97227;1;1;1.0;1.0;14,4860380000; -60,9626680000;
202100051111.0;1;83;83134;1;1;1.0;5.0;43,4576310000;6,4209290000;
202100051112.0;3;74;74213;1;1;1.0;6.0;45,9095080000;6,0841500000;
202100051113.0;1;33;33233;1;3;1.0;3.0;45,1145110000; -0,3759280000;
202100051114.0;3;51;51355;1;1;1.0;1.0;49,1831900000;4,7334340000;
202100051115.0;1;56;56165;2;1;1.0;6.0;47,9291110000; -2,3951610000;
202100051116.0;1;56;56101;1;1;1.0;3.0;47,8250920000; -3,1997140000;
202100051117.0;2;76;76594;1;1;1.0;1.0;49,4870649295;1,0078591932;
202100051118.0;1;65;65252;1;1;1.0;7.0;43,1700520000; -0,1120310000;
202100051119.0;1;47;47038;1;1;1.0;6.0;44,3214570000;0,4035920000;
202100051120.0;1;03;03264;2;2;1.0;3.0;46,0637138582;3,4655797750;
202100051121.0;1;14;14572;1;1;1.0;1.0;48,8498630000; -0,5213140000;
202100051122.0;3;14;14287;1;1;1.0;6.0;49,1374170000; -0,2352620000;
202100051123.0;1;43;43174;1;1;8.0;6.0;44,9932080000;3,8285930000;
202100051124.0;1;07;07319;2;1;1.0;6.0;44,5448360000;4,6793010000;
202100051125.0;1;01;01159;2;1;1.0;1.0;46,3332060000;4,8877840000;
202100051126.0;1;31;31582;2;1;1.0;6.0;43,3992380000;1,7164700000;
202100051127.0;1;33;33002;1;9;1.0;6.0;44,5111820000; -0,0615780000;
202100051128.0;1;27;27340;1;1;1.0;3.0;49,3642380000;0,8286520000;
202100051129.0;5;971;97128;1;1;1.0;1.0;16,2527680000; -61,3711470000;
202100051130.0;1;95;95169;1;1;1.0;1.0;49,1230613178;1,8873921270;
202100051131.0;1;68;68287;2;1;1.0;7.0;47,9607680000;7,3140620000;
202100051132.0;2;69;69148;2;3;1.0;4.0;45,6552230000;4,7144170000;
202100051133.0;1;69;69028;1;2;7.0;3.0;45,7148620000;4,6932170000;
202100051134.0;1;81;81143;2;1;2.0;1.0;43,5357160000;2,1040370000;
202100051135.0;2;33;33012;1;1;1.0;3.0;44,9663690000; -0,7185960000;
202100051136.0;2;62;62148;2;6;9.0;7.0;50,3797590000;2,9061070000;
202100051137.0;2;59;59197;1;1;1.0;1.0;50,5424990675;3,1519402564;
202100051138.0;1;13;13071;1;1;1.0;5.0;43,4111200000;5,2837200000;
202100051139.0;2;54;54232;1;1;1.0;7.0;48,6843500000;5,9497800000;
202100051140.0;5;94;94065;1;1;1.0;3.0;48,7550870000;2,3451150000;
202100051141.0;1;91;91689;1;1;2.0;7.0;48,7364600000;2,3171200000;
202100051142.0;3;91;91589;1;1;1.0;7.0;48,6808500000;2,3312600000;
202100051143.0;1;78;78640;1;1;2.0;2.0;48,7771430000;2,2241090000;
202100051144.0;1;78;78402;1;1;8.0;4.0;48,9641660000;1,7941720000;
202100051145.0;1;95;95582;1;1;2.0;4.0;48,9685783549;2,2515955054;
202100051146.0;1;95;95488;1;1;1.0;3.0;49,0238447885;2,1332005354;
202100051147.0;1;976;97611;2;1;1.0;3.0; -12,7725400000;45,2249000000;
202100051148.0;1;974;97411;2;1;1.0;7.0; -20,8920200000;55,4448800000;
202100051149.0;1;973;97302;2;3;1.0;3.0;4,9367800000; -52,3278100000;
202100051150.0;1;69;69386;2;1;1.0;6.0;45,7856500000;4,8539400000;
202100051151.0;5;972;97213;1;9;1.0;6.0;14,5949700352; -60,9812664986;
202100051152.0;5;69;69382;2;2;1.0;7.0;45,7343834668;4,8181505052;
202100051153.0;1;971;97113;1;1;1.0;7.0;16,2479400000; -61,4595500000;
202100051154.0;1;971;97105;1;1;1.0;7.0;16,0084400000; -61,7294450000;
202100051155.0;1;83;83069;2;1;1.0;2.0;43,1135099554;6,1269173877;
202100051156.0;5;76;76212;2;2;1.0;6.0;49,4377300000;1,1439000000;
202100051157.0;5;76;76457;1;6;1.0;7.0;49,3449272341;0,9325066306;
202100051158.0;1;76;76305;1;1;1.0;2.0;49,4989700000;0,2148900000;
202100051159.0;2;74;74118;2;1;1.0;5.0;46,1820500000;6,2299900000;
202100051160.0;1;72;72181;2;1;1.0;2.0;47,9955900000;0,1725800000;
202100051161.0;1;68;68066;2;3;1.0;3.0;48,0834655046;7,3658437729;
202100051162.0;1;66;66136;2;1;1.0;7.0;42,7310700000;2,8893400000;
202100051163.0;1;66;66136;1;1;1.0;7.0;42,6985600000;2,8660600000;
202100051164.0;1;63;63224;2;1;1.0;6.0;45,8713800000;3,1331300000;
202100051165.0;1;63;63113;2;1;1.0;3.0;45,7793900000;3,1224400000;
202100051166.0;5;50;50129;1;4;1.0;7.0;49,6196700000; -1,6502300000;
202100051167.0;2;35;35051;2;9;1.0;7.0;48,1146000000; -1,5919400000;
202100051168.0;2;35;35238;2;1;1.0;6.0;48,0939100000; -1,6583900000;
202100051169.0;1;35;35206;1;1;8.0;3.0;48,0793400000; -1,6882000000;
202100051170.0;5;35;35238;2;1;1.0;7.0;48,1125000000; -1,6922000000;
202100051171.0;5;33;33063;2;2;1.0;3.0;44,8310700000; -0,5751800000;
202100051172.0;2;33;33063;2;1;1.0;3.0;44,8358800000; -0,5879100000;
202100051173.0;5;33;33162;2;1;5.0;1.0;44,8616700000; -0,6435400000;
202100051174.0;5;21;21231;2;3;2.0;3.0;47,3028600000;5,0714200000;
202100051175.0;1;13;13054;2;2;1.0;3.0;43,4159700000;5,2068800000;
202100051176.0;1;13;13056;2;1;1.0;2.0;43,3914600000;5,0569100000;
202100051177.0;2;13;13215;2;1;1.0;4.0;43,3662500000;5,3627500000;
202100051178.0;1;13;13209;2;1;8.0;2.0;43,2650389139;5,4091492886;
202100051179.0;1;13;13004;2;2;1.0;1.0;43,6748100000;4,6234500000;
202100051180.0;1;10;10081;2;1;1.0;4.0;48,3120000000;4,0361800000;
202100051181.0;2;75;75120;2;1;1.0;6.0;48,8677970000;2,3843070000;
202100051182.0;5;75;75118;2;4;2.0;6.0;48,8942560000;2,3594740000;
202100051183.0;5;75;75117;2;2;8.0;3.0;48,8992120000;2,3212770000;
202100051184.0;4;75;75116;2;1;2.0;6.0;48,8644490000;2,2848500000;
202100051185.0;1;75;75114;2;2;1.0;6.0;48,8247400000;2,3183370000;
202100051186.0;1;75;75113;2;2;1.0;3.0;48,8261829044;2,3572808504;
202100051187.0;1;75;75113;2;1;1.0;3.0;48,8270420000;2,3854530000;
202100051188.0;2;75;75113;2;3;2.0;6.0;48,8230160000;2,3582700000;
202100051189.0;1;75;75111;2;3;1.0;3.0;48,8584250000;2,3800650000;
202100051190.0;1;75;75108;2;7;1.0;6.0;48,8812310000;2,3168240000;
202100051191.0;1;75;75107;2;3;1.0;3.0;48,8628990000;2,3152160000;
202100051192.0;1;75;75109;2;5;1.0;6.0;48,8796340000;2,3270420000;
202100051193.0;1;75;75109;2;5;8.0;7.0;48,8719773445;2,3400198206;
202100051194.0;1;75;75104;2;3;1.0;7.0;48,8511360000;2,3623940000;
202100051195.0;5;94;94046;2;1;1.0;2.0;48,8049800000;2,4393000000;
202100051196.0;1;94;94037;2;1;1.0;6.0;48,8163870000;2,3494440000;
202100051197.0;1;94;94021;2;1;1.0;2.0;48,7762300000;2,3630100000;
202100051198.0;1;94;94028;2;2;1.0;1.0;48,7779700000;2,4667100000;
202100051199.0;1;93;93029;2;9;1.0;3.0;48,9145300000;2,4610000000;
202100051200.0;1;93;93030;2;2;1.0;2.0;48,9561000000;2,4161600000;
202100051201.0;1;93;93005;2;3;1.0;5.0;48,9426200000;2,5055700000;
202100051202.0;1;92;92050;2;1;1.0;6.0;48,9113630278;2,2217045724;
202100051203.0;1;92;92036;2;1;1.0;7.0;48,9326554434;2,2922544585;
202100051204.0;1;92;92036;2;1;1.0;1.0;48,9271470882;2,3141241074;
202100051205.0;5;92;92026;2;1;1.0;6.0;48,9040000000;2,2560000000;
202100051206.0;3;35;35136;1;1;1.0;7.0;47,9304260000; -1,5203910000;
202100051207.0;3;35;35013;1;1;4.0;2.0;47,6934340000; -2,0479630000;
202100051208.0;1;54;54108;1;1;1.0;6.0;48,5778564333;6,2687301636;
202100051209.0;2;01;01333;1;1;1.0;6.0;45,9245580000;4,9869560000;
202100051210.0;1;40;40065;2;1;1.0;6.0;43,6382380000; -1,4250150000;
202100051211.0;1;972;97221;2;1;1.0;1.0;14,5455100000; -60,9453200000;
202100051212.0;3;74;74272;1;1;1.0;2.0;45,9489420000;6,0459350000;
202100051213.0;2;59;59653;1;1;1.0;3.0;50,5900960000;2,9278560000;
202100051214.0;1;56;56218;1;1;7.0;6.0;47,7226100000; -2,3166990000;
202100051215.0;3;74;74255;2;1;1.0;1.0;45,8750600000;5,9691270000;
202100051216.0;1;2B;2B050;1;1;1.0;;42,5552690000;8,7916240000;
202100051217.0;2;63;63179;1;1;1.0;1.0;45,5890860000;3,7275410000;
202100051218.0;1;76;76758;1;1;1.0;4.0;49,6178900000;0,7888200000;
202100051219.0;1;76;76255;1;4;1.0;3.0;50,0625500000;1,4258500000;
202100051220.0;1;55;55391;1;1;1.0;6.0;49,5504540000;5,2151370000;
202100051221.0;2;46;46033;2;1;1.0;7.0;44,4198820151;1,1520626158;
202100051222.0;2;35;35009;1;9;1.0;2.0;48,5050150000; -1,7399600000;
202100051223.0;1;29;29015;1;6;1.0;2.0;48,5150830000; -4,5002750000;
202100051224.0;2;03;03126;2;6;1.0;6.0;46,0794048488;3,4411316324;
202100051225.0;1;26;26157;1;1;8.0;6.0;44,6086560000;4,8505600000;
202100051226.0;1;54;54435;1;1;8.0;6.0;48,9677053312;5,9478532973;
202100051227.0;1;06;06038;1;1;8.0;3.0;43,6640520000;6,9757110000;
202100051228.0;1;06;06079;2;1;1.0;5.0;43,5316600000;6,9481270000;
202100051229.0;3;50;50090;1;1;4.0;7.0;48,5522890000; -0,9702520000;
202100051230.0;1;60;60178;2;6;1.0;7.0;49,6071190000;2,0761640000;
202100051231.0;2;36;36200;1;1;2.0;6.0;46,6086520000;1,4941160000;
202100051232.0;1;07;07078;2;1;6.0;6.0;45,2626179000;4,7076650000;
202100051233.0;3;40;40316;1;1;1.0;6.0;43,5858740000; -0,8450370000;
202100051234.0;1;85;85047;2;1;2.0;7.0;46,8436820000; -1,8886880000;
202100051235.0;1;85;85084;2;6;1.0;6.0;46,7773130000; -1,2300830000;
202100051236.0;1;69;69044;2;1;1.0;7.0;45,7706472189;4,7411875150;
202100051237.0;1;33;33097;2;1;1.0;2.0;45,0715170000; -1,0958430000;
202100051238.0;1;45;45315;2;2;1.0;1.0;47,7604130000;2,3740550000;
202100051239.0;1;95;95287;1;9;1.0;1.0;49,1436486332;2,0478208905;
202100051240.0;1;11;11429;2;3;1.0;3.0;43,2473571000;2,3685512000;
202100051241.0;1;34;34299;2;9;1.0;6.0;43,2681810000;3,3399510000;
202100051242.0;1;83;83035;1;1;1.0;3.0;43,2495870000;5,7862810000;
202100051243.0;1;68;68287;1;1;1.0;6.0;47,9679470000;7,3317970000;
202100051244.0;1;79;79049;2;3;1.0;3.0;46,8392770000; -0,4875080000;
202100051245.0;1;33;33219;2;2;1.0;3.0;44,9711980000; -0,3824980000;
202100051246.0;1;33;33022;1;1;1.0;7.0;45,0186020000; -0,7335450000;
202100051247.0;1;85;85226;2;1;1.0;2.0;46,7150900000; -1,9655670000;
202100051248.0;1;14;14488;2;6;7.0;3.0;49,2716760000; -0,2647980000;
202100051249.0;1;29;29247;1;2;2.0;3.0;47,9352412102; -3,9953598214;
202100051250.0;1;60;60700;2;2;1.0;3.0;49,3889270000;2,1440450000;
202100051251.0;1;13;13055;1;1;1.0;2.0;43,3218400000;5,4229300000;
202100051252.0;1;67;67137;1;1;1.0;4.0;48,5028300000;7,6935300000;
202100051253.0;1;91;91589;1;1;1.0;2.0;48,6732700000;2,3435600000;
202100051254.0;1;974;97411;2;1;1.0;5.0; -20,9027700000;55,4780300000;
202100051255.0;1;973;97302;2;1;1.0;3.0;4,9369300000; -52,3151400000;
202100051256.0;5;69;69387;2;2;2.0;3.0;45,7434600000;4,8472900000;
202100051257.0;1;69;69383;2;2;1.0;3.0;45,7548300000;4,8543300000;
202100051258.0;1;69;69387;2;2;1.0;3.0;45,7491900000;4,8419400000;
202100051259.0;1;69;69383;2;1;1.0;6.0;45,7636897092;4,8668763041;
202100051260.0;5;972;97213;1;1;1.0;6.0;14,5946862440; -60,9845495224;
202100051261.0;2;69;69286;2;3;1.0;3.0;45,8080100000;4,9109700000;
202100051262.0;1;95;95555;2;3;1.0;6.0;48,9659957303;2,2801458836;
202100051263.0;1;91;91514;2;6;2.0;2.0;48,6803400000;2,5379200000;
202100051264.0;1;89;89024;2;1;1.0;3.0;47,7971800000;3,5798600000;
202100051265.0;1;83;83137;1;6;1.0;3.0;43,1289400000;5,9820700000;
202100051266.0;1;83;83090;2;1;1.0;6.0;43,1234270000;5,8474800000;