Num_Acc;lum;departement;commune;agglomeration;intersection;meteo;type_collision;lat;long;date
202100051595.0;1;75;75109;2;2;1.0;3.0;48,8761990000;2,3353550000;
202100051596.0;1;75;75108;2;2;1.0;3.0;48,8686540000;2,3037070000;
202100051597.0;3;75;75108;2;7;3.0;7.0;48,8685560000;2,3092810000;
202100051598.0;1;75;75103;2;3;1.0;3.0;48,8684260000;2,3552810000;
202100051599.0;1;94;94081;2;1;1.0;3.0;48,7951460000;2,4043490000;
202100051600.0;1;94;94022;2;3;1.0;3.0;48,7605270000;2,4078570000;
202100051601.0;1;93;93070;2;1;1.0;7.0;48,9161400000;2,3354900000;
202100051602.0;5;93;93051;2;2;1.0;4.0;48,8480600000;2,5388700000;
202100051603.0;5;93;93048;2;1;1.0;4.0;48,8682000000;2,4467000000;
202100051604.0;1;93;93048;2;1;1.0;6.0;48,8686289211;2,4336482584;
202100051605.0;1;93;93048;2;3;1.0;3.0;48,8578000000;2,4348000000;
202100051606.0;5;93;93010;2;1;1.0;2.0;48,8996858586;2,4958181995;
202100051607.0;5;93;93005;2;1;1.0;4.0;48,9576472313;2,4785289034;
202100051608.0;1;92;92064;2;1;1.0;4.0;48,8434306686;2,2167854011;
202100051609.0;1;92;92050;2;6;1.0;6.0;48,8963500000;2,1996600000;
202100051610.0;1;92;92014;2;7;1.0;3.0;48,7768100000;2,3142600000;
202100051611.0;1;54;54089;1;1;7.0;2.0;48,7592442681;6,2541818620;
202100051612.0;1;68;68178;1;4;1.0;6.0;47,9414530000;7,1105360000;
202100051613.0;1;31;31446;2;1;2.0;6.0;43,5492850000;1,4791710000;
202100051614.0;1;41;41173;1;1;1.0;6.0;47,9040160000;1,5342450000;
202100051615.0;1;76;76750;2;1;1.0;6.0;49,4572180000;0,8270110000;
202100051616.0;3;61;61230;1;1;1.0;7.0;48,5317320000;0,7515740000;
202100051617.0;1;39;39510;1;1;1.0;6.0;46,3516900000;5,9099910000;
202100051618.0;1;58;58035;1;1;1.0;6.0;47,0617320000;3,4264040000;
202100051619.0;1;14;14269;1;1;1.0;6.0;49,2478371237;0,2358743565;
202100051620.0;1;10;10209;2;2;1.0;3.0;48,2513822485;4,2636085153;
202100051621.0;1;36;36096;1;1;1.0;6.0;46,7426770000;1,1298590000;
202100051622.0;1;16;16192;1;2;1.0;3.0;45,8791340000;0,5657910000;
202100051623.0;1;17;17197;2;9;1.0;6.0;45,4371630000; -0,4525690000;
202100051624.0;1;30;30002;1;1;8.0;7.0;43,9661950000;4,0981150000;
202100051625.0;1;30;30036;1;1;1.0;3.0;43,7409640000;4,2930360000;
202100051626.0;1;45;45254;1;6;1.0;6.0;47,6648820000;2,6198100000;
202100051627.0;1;34;34063;1;2;1.0;3.0;43,4909705572;3,3461791277;
202100051628.0;1;06;06097;2;1;1.0;6.0;43,8649530000;7,0966370000;
202100051629.0;1;04;04242;1;3;1.0;2.0;43,8959731814;5,8774778229;
202100051630.0;3;58;58126;1;1;1.0;6.0;46,9459790000;3,0933270000;
202100051631.0;1;03;03248;1;1;1.0;7.0;46,0371252074;3,8097399473;
202100051632.0;1;74;74243;1;1;8.0;1.0;46,1310470000;6,0712120000;
202100051633.0;1;60;60370;1;1;1.0;7.0;49,2516860000;2,0971660000;
202100051634.0;2;67;67482;1;1;1.0;6.0;48,5923500000;7,7367300000;
202100051635.0;1;92;92002;1;1;1.0;2.0;48,7634700000;2,3071300000;
202100051636.0;1;94;94021;1;1;1.0;4.0;48,7650247315;2,3429737146;
202100051637.0;1;92;92036;1;1;1.0;2.0;48,9354016608;2,2654496814;
202100051638.0;1;93;93013;1;1;1.0;4.0;48,9387500000;2,4162600000;
202100051639.0;3;93;93010;1;1;1.0;3.0;48,9039100000;2,4715000000;
202100051640.0;1;93;93063;1;1;1.0;4.0;48,8788500000;2,4476700000;
202100051641.0;1;974;97411;2;1;1.0;1.0; -20,8930400000;55,4842200000;
202100051642.0;2;974;97411;2;1;2.0;6.0; -20,8858640000;55,4751530000;
202100051643.0;1;973;97302;2;2;1.0;3.0;4,9399400000; -52,3266700000;
202100051644.0;5;69;69387;2;1;4.0;3.0;45,7265842479;4,8324276836;
202100051645.0;1;69;69383;2;1;1.0;3.0;45,7634300000;4,8414300000;
202100051646.0;1;972;97209;2;2;2.0;6.0;14,6081600000; -61,0693700000;
202100051647.0;1;69;69389;2;3;1.0;6.0;45,7785391046;4,8079616635;
202100051648.0;1;2B;2B033;2;1;2.0;3.0;42,6696500000;9,4383000000;
202100051649.0;1;2B;2B033;2;3;1.0;6.0;42,6946000000;9,4500000000;
202100051650.0;2;971;97113;2;1;2.0;3.0;16,2093037046; -61,4713811874;
202100051651.0;1;95;95288;2;1;1.0;3.0;48,9847580000;2,3639460000;
202100051652.0;1;95;95555;2;1;1.0;6.0;48,9690100000;2,2817900000;
202100051653.0;1;91;91549;2;1;1.0;6.0;48,6472800000;2,3272750000;
202100051654.0;1;91;91645;2;1;1.0;6.0;48,7446200000;2,2673500000;
202100051655.0;4;91;91479;2;6;1.0;3.0;48,7071900000;2,3631900000;
202100051656.0;1;90;90099;2;3;9.0;3.0;47,6634600000;6,8411900000;
202100051657.0;1;90;90010;2;1;1.0;6.0;47,6409100000;6,8480000000;
202100051658.0;1;86;86214;1;1;3.0;2.0;46,5518200000;0,3212200000;
202100051659.0;1;30;30351;1;1;1.0;3.0;43,9684220000;4,7806940000;
202100051660.0;1;83;83137;2;3;1.0;3.0;43,1236500000;5,9492500000;
202100051661.0;1;83;83126;2;1;1.0;6.0;43,1060880000;5,8671520000;
202100051662.0;1;80;80021;2;1;4.0;2.0;49,8864200000;2,2792400000;
202100051663.0;1;78;78481;2;1;9.0;3.0;48,8979710000;2,1113720000;
202100051664.0;1;76;76451;2;1;1.0;6.0;49,4635400000;1,0749600000;
202100051665.0;2;74;74118;1;1;8.0;2.0;46,1692600000;6,2057400000;
202100051666.0;5;69;69266;2;1;4.0;3.0;45,7573286474;4,8817920685;
202100051667.0;1;64;64122;2;3;1.0;3.0;43,4732600000; -1,5407800000;
202100051668.0;1;64;64102;2;1;1.0;6.0;43,5042100000; -1,4634300000;
202100051669.0;2;63;63113;2;4;1.0;6.0;45,7738200000;3,0756100000;
202100051670.0;1;59;59599;1;1;7.0;2.0;50,7365900000;3,1706800000;
202100051671.0;2;54;54184;2;6;1.0;6.0;48,7081000000;6,2443600000;
202100051672.0;1;51;51454;2;1;1.0;3.0;49,2932037782;4,0135332079;
202100051673.0;1;49;49267;2;1;1.0;7.0;47,4699900000; -0,5191900000;
202100051674.0;1;49;49007;1;1;9.0;2.0;47,4671000000; -0,5835000000;
202100051675.0;1;44;44184;1;1;4.0;2.0;47,2840800000; -2,2960000000;
202100051676.0;1;41;41018;2;1;1.0;6.0;47,5957200000;1,3004900000;
202100051677.0;1;37;37214;2;1;7.0;6.0;47,4040294800;0,6675481796;
202100051678.0;5;34;34172;2;2;1.0;1.0;43,6113500000;3,8287100000;
202100051679.0;1;33;33063;2;1;8.0;3.0;44,8377450000; -0,5715490000;
202100051680.0;5;33;33069;2;2;8.0;3.0;44,8638600000; -0,5903500000;
202100051681.0;5;33;33119;2;2;1.0;3.0;44,8484000000; -0,5185500000;
202100051682.0;1;33;33063;2;2;1.0;6.0;44,8600000000; -0,5687900000;
202100051683.0;1;33;33529;1;1;1.0;2.0;44,4764210000; -1,2350980000;
202100051684.0;1;31;31555;2;1;1.0;2.0;43,5933100000;1,4451200000;
202100051685.0;1;30;30189;2;6;1.0;2.0;43,8218000000;4,3651000000;
202100051686.0;1;30;30007;2;2;1.0;5.0;44,1170700000;4,1063900000;
202100051687.0;1;29;29232;1;3;4.0;3.0;48,0391000000; -4,0727900000;
202100051688.0;1;29;29019;2;3;1.0;6.0;48,4070275000; -4,4677755000;
202100051689.0;1;27;27375;2;6;1.0;7.0;49,2158800000;1,1718600000;
202100051690.0;1;21;21231;2;2;1.0;6.0;47,3380085492;5,0471093248;
202100051691.0;1;17;17306;2;2;1.0;3.0;45,6355800000; -1,0263700000;
202100051692.0;1;17;17300;2;1;1.0;4.0;46,1665100000; -1,1212700000;
202100051693.0;1;14;14167;2;1;1.0;3.0;49,2055200000; -0,3085060000;
202100051694.0;1;14;14118;2;1;1.0;2.0;49,1785460187; -0,3625917435;
202100051695.0;3;13;13078;1;1;1.0;3.0;43,4155925128;4,8028332254;
202100051696.0;5;13;13210;2;1;2.0;3.0;43,2802900000;5,4001200000;
202100051697.0;5;13;13210;2;1;2.0;3.0;43,2809000000;5,3979000000;
202100051698.0;1;13;13212;2;1;2.0;2.0;43,3079910000;5,4339490000;
202100051699.0;1;13;13204;2;1;2.0;6.0;43,3130417204;5,4020199977;
202100051700.0;1;13;13211;2;1;2.0;3.0;43,2921000000;5,4595000000;
202100051701.0;1;13;13208;2;9;1.0;3.0;43,2477000000;5,3924000000;
202100051702.0;5;13;13005;2;2;2.0;1.0;43,2871059968;5,5735475530;
202100051703.0;1;11;11069;1;2;1.0;3.0;43,2124400000;2,2653200000;
202100051704.0;1;06;06027;2;1;1.0;6.0;43,6592050000;7,1640910000;
202100051705.0;1;75;75120;2;4;1.0;2.0;48,8647500000;2,4120880000;
202100051706.0;1;75;75119;2;2;1.0;2.0;48,8840520000;2,3688460000;
202100051707.0;1;75;75118;2;2;1.0;6.0;48,8911850000;2,3516210000;
202100051708.0;1;75;75115;2;2;1.0;2.0;48,8308400000;2,2923060000;
202100051709.0;1;75;75110;2;3;1.0;2.0;48,8804160000;2,3642990000;
202100051710.0;5;75;75107;2;3;1.0;2.0;48,8474459323;2,3162430525;
202100051711.0;5;75;75103;2;2;1.0;3.0;48,8564670000;2,3643080000;
202100051712.0;1;94;94068;2;1;1.0;3.0;48,8077000000;2,5096000000;
202100051713.0;1;94;94016;2;1;1.0;6.0;48,7928500000;2,3298600000;
202100051714.0;5;94;94028;2;1;1.0;3.0;48,7981000000;2,4558000000;
202100051715.0;5;94;94077;2;9;1.0;3.0;48,7378100000;2,4226600000;
202100051716.0;5;94;94059;2;1;1.0;2.0;48,8131755469;2,5669351272;
202100051717.0;1;94;94069;2;2;1.0;3.0;48,8240920000;2,4199190000;
202100051718.0;1;94;94017;2;3;1.0;3.0;48,8119400000;2,5107600000;
202100051719.0;1;93;93078;2;9;1.0;3.0;48,9582500000;2,5583800000;
202100051720.0;1;93;93007;2;3;1.0;1.0;48,9494100000;2,4554000000;
202100051721.0;1;93;93039;2;1;1.0;1.0;48,9325024483;2,3388555582;
202100051722.0;1;93;93066;2;1;1.0;2.0;48,9413300000;2,3648800000;
202100051723.0;1;93;93066;2;2;1.0;3.0;48,9386800000;2,3590000000;
202100051724.0;5;93;93064;2;1;4.0;6.0;48,8860742438;2,4840513186;
202100051725.0;1;93;93055;2;3;1.0;3.0;48,8988600000;2,4072800000;
202100051726.0;1;93;93051;2;1;1.0;2.0;48,8493697580;2,5668653116;
202100051727.0;5;93;93046;2;1;1.0;6.0;48,9106900000;2,5129800000;
202100051728.0;1;93;93045;2;1;1.0;3.0;48,8831392011;2,4159979448;
202100051729.0;1;93;93007;2;1;1.0;3.0;48,9532451976;2,4452590229;
202100051730.0;1;93;93005;2;1;1.0;6.0;48,9309500000;2,5049200000;
202100051731.0;5;93;93001;2;3;1.0;6.0;48,9123600000;2,3731100000;
202100051732.0;1;92;92048;2;1;1.0;7.0;48,8201400000;2,2396800000;
202100051733.0;1;01;01381;1;1;9.0;1.0;46,0358670000;5,1500420000;
202100051734.0;1;22;22135;1;1;8.0;7.0;48,5656155033; -3,3248398232;
202100051735.0;3;74;74026;1;1;4.0;5.0;45,9612340000;6,0351630000;
202100051736.0;3;974;97413;2;1;1.0;3.0; -21,1738120000;55,2878430000;
202100051737.0;1;08;08479;1;1;1.0;6.0;49,6370170000;4,5641230000;
202100051738.0;1;48;48005;1;1;1.0;2.0;44,5806560000;3,2496520000;
202100051739.0;3;87;87143;1;1;1.0;6.0;45,9038140000;1,1550990000;
202100051740.0;1;41;41238;1;1;8.0;6.0;47,8765700000;0,8528300000;
202100051741.0;2;56;56231;1;2;1.0;6.0;47,6912480000; -2,6652040000;
202100051742.0;3;74;74208;1;1;4.0;6.0;45,9321550000;6,7012520000;
202100051743.0;3;12;12026;1;1;2.0;6.0;44,3899040000;2,7954730000;
202100051744.0;1;44;44188;2;1;1.0;3.0;47,0347160000; -1,6384010000;
202100051745.0;1;58;58210;1;1;1.0;6.0;47,1430730000;4,0262530000;
202100051746.0;1;72;72376;1;1;1.0;6.0;47,8778790000;0,5227440000;
202100051747.0;1;05;05040;2;1;1.0;7.0;44,5410510000;6,2860360000;
202100051748.0;1;53;53127;2;1;7.0;6.0;48,4374970000; -0,4956510000;
202100051749.0;3;24;24396;1;1;1.0;6.0;44,8899310000;1,0181020000;
202100051750.0;3;24;24521;1;1;8.0;6.0;45,2582140000;0,8609680000;
202100051751.0;1;85;85282;2;1;1.0;1.0;46,7061470000; -0,9905260000;
202100051752.0;1;27;27051;1;1;1.0;6.0;49,0741190000;0,7933010000;
202100051753.0;1;13;13029;1;9;1.0;1.0;43,5778860000;5,0741550000;
202100051754.0;3;17;17213;1;1;8.0;2.0;46,0276310000; -0,5397140000;
202100051755.0;3;988;98815;1;3;1.0;6.0; -21,4809800000;168,0137930000;
202100051756.0;1;988;98824;1;1;7.0;6.0; -20,4302800000;164,6511820000;
202100051757.0;1;974;97408;2;1;1.0;1.0; -20,9577940000;55,3262500000;
202100051758.0;1;971;97128;1;1;1.0;6.0;16,2176930000; -61,4185950000;
202100051759.0;2;2B;2B140;1;1;2.0;1.0;42,5027310000;9,3043040000;
202100051760.0;3;71;71439;1;1;1.0;2.0;46,4818011122;4,1469568581;
202100051761.0;3;63;63263;1;1;4.0;6.0;45,7840653164;3,0437077582;
202100051762.0;3;38;38474;2;1;1.0;6.0;45,2279900000;5,6516630000;
202100051763.0;1;38;38382;2;1;2.0;3.0;45,2230000000;5,6888300000;
202100051764.0;3;60;60197;1;1;1.0;1.0;49,2395340000;2,2151990000;
202100051765.0;1;33;33249;1;1;2.0;3.0;44,8845370000; -0,5125420000;
202100051766.0;2;91;91136;1;1;1.0;2.0;48,7098600000;2,2872000000;
202100051767.0;1;94;94065;1;1;1.0;3.0;48,7548646202;2,3465137766;
202100051768.0;3;93;93007;1;1;1.0;6.0;48,9531800000;2,4540300000;
202100051769.0;3;92;92036;1;1;1.0;3.0;48,9386090333;2,3110311142;
202100051770.0;1;77;77450;1;1;1.0;2.0;48,7076627011;2,5986078309;
202100051771.0;1;988;98818;2;3;1.0;3.0; -22,2899700000;166,4420400000;
202100051772.0;1;974;97416;1;1;1.0;6.0; -21,2767446678;55,4662907124;
202100051773.0;1;974;97416;1;1;7.0;4.0; -21,3025800000;55,4315100000;
202100051774.0;1;974;97416;1;9;1.0;3.0; -21,3047422062;55,4264330864;
202100051775.0;1;974;97411;2;4;1.0;5.0; -20,8966740000;55,4752980000;
202100051776.0;1;973;97302;2;3;3.0;3.0;4,9381660870; -52,2991651297;
202100051777.0;5;69;69259;2;5;1.0;3.0;45,6908300000;4,8660700000;
202100051778.0;1;69;69383;2;1;1.0;6.0;45,7526900000;4,8699000000;
202100051779.0;1;69;69389;2;2;1.0;6.0;45,7736000000;4,7952000000;
202100051780.0;1;95;95268;2;1;1.0;3.0;48,9733610000;2,3981490000;
202100051781.0;1;95;95277;2;1;1.0;2.0;48,9888609061;2,4585771561;
202100051782.0;1;91;91223;1;1;1.0;3.0;48,4227900000;2,1378600000;
202100051783.0;1;86;86194;2;1;2.0;2.0;46,6003720000;0,3917430000;
202100051784.0;1;84;84087;2;1;1.0;6.0;44,1370000000;4,8100000000;
202100051785.0;1;80;80001;2;1;1.0;6.0;50,1110668648;1,8676230312;
202100051786.0;1;71;71040;1;1;1.0;2.0;46,6992731746;4,3889887350;
202100051787.0;1;69;69256;2;6;1.0;3.0;45,7767800000;4,9209100000;
202100051788.0;1;69;69264;2;1;1.0;3.0;45,9791200000;4,7186600000;
202100051789.0;1;67;67365;2;8;1.0;6.0;48,5514300000;7,7112400000;
202100051790.0;3;66;66136;1;1;1.0;6.0;42,7066900000;2,9291300000;
202100051791.0;1;64;64445;2;1;1.0;3.0;43,3110800000; -0,3619100000;
202100051792.0;1;59;59599;2;9;9.0;6.0;50,7049570000;3,1602190000;
202100051793.0;1;54;54395;2;1;1.0;3.0;48,7051513625;6,1626528203;
202100051794.0;1;49;49267;2;1;1.0;7.0;47,4766600000; -0,4626900000;
202100051795.0;1;45;45302;2;2;1.0;6.0;47,9340910000;1,8938370000;
202100051796.0;1;42;42095;2;1;1.0;1.0;45,3833300000;4,3013300000;
202100051797.0;1;37;37261;2;3;8.0;3.0;47,3849855656;0,7102822065;
202100051798.0;1;35;35238;2;1;1.0;2.0;48,1101800000; -1,6631000000;
202100051799.0;1;35;35238;2;1;4.0;1.0;48,1288500000; -1,6953400000;
202100051800.0;5;33;33281;2;1;1.0;6.0;44,8543140000; -0,6444040000;
202100051801.0;3;29;29051;1;3;8.0;2.0;48,0243700000; -3,9800100000;
202100051802.0;3;28;28229;1;1;4.0;1.0;48,4505400000;1,4436500000;
202100051803.0;3;25;25056;1;1;9.0;6.0;47,2628200000;6,0057450000;
202100051804.0;4;17;17300;2;6;1.0;2.0;46,1655700000; -1,1883500000;
202100051805.0;2;14;14243;2;1;1.0;2.0;49,3969000000;0,2124700000;
202100051806.0;1;13;13056;2;1;1.0;3.0;43,4224200000;5,0546700000;
202100051807.0;1;13;13201;2;3;1.0;3.0;43,3045900000;5,3922300000;
202100051808.0;1;13;13210;2;1;1.0;6.0;43,2811000000;5,4059000000;
202100051809.0;1;13;13201;2;1;1.0;3.0;43,3027913828;5,3896565314;
202100051810.0;1;13;13209;2;1;1.0;2.0;43,2694093636;5,3930479288;
202100051811.0;1;13;13202;2;1;1.0;2.0;43,2977651439;5,3712239878;
202100051812.0;1;13;13201;2;3;1.0;6.0;43,2981300000;5,3830300000;
202100051813.0;1;13;13047;1;1;1.0;3.0;43,4780010000;4,9965500000;
202100051814.0;2;13;13005;2;1;1.0;1.0;43,2980800000;5,5752600000;
202100051815.0;1;13;13001;1;1;1.0;2.0;43,5392042717;5,4328078072;
202100051816.0;1;13;13001;2;1;1.0;2.0;43,5273000000;5,4431000000;
202100051817.0;2;11;11069;2;1;1.0;3.0;43,2046500000;2,3097200000;
202100051818.0;5;75;75120;2;4;1.0;2.0;48,8563210000;2,4141370000;
202100051819.0;1;75;75119;2;1;8.0;7.0;48,8780610000;2,4084470000;
202100051820.0;1;75;75117;2;7;1.0;7.0;48,8829110000;2,3090330000;
202100051821.0;1;75;75115;2;3;1.0;2.0;48,8364910000;2,2895940000;
202100051822.0;1;75;75115;2;3;1.0;6.0;48,8451340000;2,2830910000;
202100051823.0;1;75;75115;2;2;1.0;6.0;48,8286470000;2,3014130000;
202100051824.0;1;75;75110;2;2;4.0;2.0;48,8789750000;2,3557560000;
202100051825.0;1;75;75108;2;3;1.0;6.0;48,8799620000;2,3241440000;
202100051826.0;5;75;75108;2;7;9.0;7.0;48,8812080000;2,3167570000;
202100051827.0;1;94;94046;2;1;1.0;2.0;48,8081400000;2,4246000000;
202100051828.0;2;94;94076;2;1;8.0;1.0;48,7818110000;2,3640280000;
202100051829.0;1;94;94054;2;9;1.0;1.0;48,7472300000;2,4098100000;
202100051830.0;1;94;94004;2;1;1.0;1.0;48,7501500000;2,5028100000;
202100051831.0;1;93;93072;2;1;1.0;6.0;48,9562200000;2,3832900000;
202100051832.0;2;93;93072;2;1;1.0;3.0;48,9620600000;2,3806800000;
202100051833.0;1;93;93053;2;1;4.0;4.0;48,9005998192;2,4533046638;
202100051834.0;1;93;93051;2;1;4.0;4.0;48,8293000000;2,5701000000;
202100051835.0;1;93;93050;2;3;1.0;6.0;48,8708800000;2,5332500000;
202100051836.0;1;93;93048;2;6;1.0;2.0;48,8673076708;2,4345566393;
202100051837.0;1;92;92036;2;1;1.0;2.0;48,9333662494;2,3005922854;
202100051838.0;1;92;92002;2;1;4.0;6.0;48,7463700000;2,2964900000;
202100051839.0;5;74;74243;1;4;1.0;3.0;46,1350180000;6,1066820000;
202100051840.0;1;49;49092;1;1;9.0;1.0;47,1563860000; -0,7024600000;
202100051841.0;2;67;67115;1;3;1.0;3.0;48,3130420000;7,5062690000;
202100051842.0;3;22;22020;1;1;9.0;2.0;48,2947870740; -2,2226200104;
202100051843.0;1;33;33108;2;2;1.0;3.0;44,8529940000; -0,0476120000;
202100051844.0;1;32;32459;2;1;1.0;6.0;43,8686850000;0,3919460000;
202100051845.0;1;71;71367;1;2;1.0;2.0;46,6370250000;5,2990260000;
202100051846.0;1;26;26115;1;1;2.0;4.0;44,6929170000;5,0055580000;
202100051847.0;5;64;64538;2;1;3.0;3.0;43,1633990000; -1,2420310000;
202100051848.0;5;73;73065;2;2;8.0;3.0;45,5867597477;5,8838864866;
202100051849.0;2;21;21362;1;1;1.0;1.0;47,2333390000;4,5682950000;
202100051850.0;3;85;85090;1;1;9.0;6.0;46,7991100000; -0,8691100000;
202100051851.0;1;87;87154;2;3;8.0;3.0;45,8991480000;0,9183450000;
202100051852.0;3;30;30123;1;1;1.0;6.0;43,6998195162;4,1792380661;
202100051853.0;1;72;72320;1;1;9.0;6.0;48,0539600000;0,1814030000;
202100051854.0;1;01;01083;1;2;1.0;5.0;46,0989920000;4,8586710000;
202100051855.0;1;38;38316;2;1;1.0;6.0;45,7500300000;5,1742200000;
202100051856.0;1;77;77172;1;1;1.0;7.0;48,3358410000;2,9581760000;
202100051857.0;1;91;91226;1;1;8.0;1.0;48,4986000000;2,2045510000;
202100051858.0;1;2A;2A247;1;1;1.0;3.0;41,6230284682;9,2852788290;
202100051859.0;2;66;66108;2;1;2.0;3.0;42,6912040000;2,6997760000;
202100051860.0;1;83;83127;2;1;1.0;1.0;43,2909590000;5,8714740000;
202100051861.0;3;05;05118;1;1;1.0;7.0;44,2869800000;5,8214400000;
202100051862.0;1;13;13018;1;1;1.0;7.0;43,8548000000;4,9579350000;
202100051863.0;1;67;67438;1;1;8.0;4.0;48,4393510000;7,6043630000;
202100051864.0;1;38;38317;1;1;2.0;1.0;45,1248400000;5,6926300000;
202100051865.0;5;07;07323;2;3;1.0;3.0;44,8977940000;4,8192160000;
202100051866.0;1;01;01142;2;1;8.0;6.0;45,8507290000;5,0860260000;
202100051867.0;1;13;13001;1;1;1.0;6.0;43,5234200000;5,4266000000;
202100051868.0;1;13;13117;1;1;1.0;2.0;43,4646480000;5,2342910000;
202100051869.0;3;59;59507;1;1;1.0;5.0;50,6086135117;3,0939382162;
202100051870.0;3;91;91553;1;1;9.0;2.0;48,6301900000;2,4840000000;
202100051871.0;1;77;77372;1;1;1.0;3.0;48,8799332483;2,6680765807;
202100051872.0;1;974;97416;1;1;1.0;3.0; -21,3500000000;55,5044100000;
202100051873.0;1;974;97411;2;1;1.0;3.0; -20,9010900000;55,5006800000;
202100051874.0;1;974;97407;2;6;1.0;3.0; -20,9399300000;55,3056300000;
202100051875.0;1;973;97302;2;9;2.0;3.0;4,9111500000; -52,3214600000;
202100051876.0;1;973;97302;2;1;8.0;3.0;4,9307100000; -52,3262200000;
202100051877.0;1;972;97213;2;3;1.0;3.0;14,6253800000; -60,9729200000;
202100051878.0;1;972;97209;2;9;2.0;1.0;14,6017900000; -61,0793500000;
202100051879.0;1;69;69384;2;1;1.0;6.0;45,7770526927;4,8242824634;
202100051880.0;1;971;97113;1;1;1.0;5.0;16,2179200000; -61,4878900000;
202100051881.0;5;91;91549;2;2;8.0;3.0;48,6521480000;2,3260770000;
202100051882.0;1;91;91479;1;1;1.0;3.0;48,7234100000;2,3704400000;
202100051883.0;1;91;91521;2;9;1.0;3.0;48,6610100000;2,4028300000;
202100051884.0;1;87;87085;2;1;1.0;3.0;45,8750470000;1,2661650000;
202100051885.0;2;86;86194;2;1;3.0;6.0;46,5898320000;0,3602310000;
202100051886.0;2;81;81004;2;1;1.0;6.0;43,9137530606;2,1362361070;
202100051887.0;5;81;81257;2;1;2.0;6.0;43,9485141815;2,2056317601;
202100051888.0;5;69;69266;2;1;2.0;7.0;45,7770900000;4,8782900000;
202100051889.0;5;67;67482;2;1;8.0;6.0;48,5885440000;7,7331640000;
202100051890.0;1;66;66136;2;1;1.0;3.0;42,6801600000;2,8827600000;
202100051891.0;5;66;66136;2;9;1.0;6.0;42,6972900000;2,9038100000;
202100051892.0;5;64;64129;2;2;1.0;3.0;43,3000000000; -0,3905000000;
202100051893.0;5;63;63113;2;2;1.0;3.0;45,7837300000;3,0767000000;
202100051894.0;1;63;63113;2;2;1.0;2.0;45,8096400000;3,1094100000;
202100051895.0;5;63;63113;2;1;1.0;7.0;45,7695300000;3,0866000000;
202100051896.0;1;63;63113;2;1;1.0;3.0;45,8171111341;3,1112966542;
202100051897.0;2;63;63113;2;1;1.0;3.0;45,7671274430;3,0959578304;
202100051898.0;1;63;63113;2;2;1.0;6.0;45,7590551607;3,1443127441;
202100051899.0;5;63;63019;2;1;1.0;6.0;45,7916400000;3,1631900000;
202100051900.0;1;59;59043;2;1;9.0;2.0;50,7343102475;2,7258954942;
202100051901.0;1;49;49246;2;1;1.0;6.0;47,4512100000; -0,5202100000;
202100051902.0;1;44;44109;2;6;1.0;3.0;47,2135267119; -1,5395961618;
202100051903.0;1;35;35238;2;3;8.0;4.0;48,1243700000; -1,7099800000;
202100051904.0;1;33;33063;2;6;1.0;3.0;44,8617290000; -0,6234890000;
202100051905.0;5;33;33281;2;2;2.0;3.0;44,8328000000; -0,6481200000;
202100051906.0;5;31;31555;2;3;1.0;3.0;43,6261700000;1,4371400000;
202100051907.0;1;31;31555;1;1;2.0;3.0;43,6091700000;1,4124600000;
202100051908.0;1;29;29151;2;6;1.0;3.0;48,5881000000; -3,8243400000;
202100051909.0;5;25;25056;2;6;2.0;6.0;47,2175390000;5,9675210000;
202100051910.0;1;14;14254;1;1;1.0;2.0;49,1476176540; -0,4115152359;
202100051911.0;1;13;13206;2;1;1.0;1.0;43,2884714761;5,3844313216;
202100051912.0;1;13;13208;2;9;1.0;6.0;43,2628280000;5,3967500000;
202100051913.0;1;13;13047;2;9;1.0;3.0;43,4906500000;4,9861500000;
202100051914.0;1;13;13005;2;1;1.0;6.0;43,3000400000;5,5721500000;
202100051915.0;1;13;13001;2;1;1.0;6.0;43,5256344751;5,4237404272;
202100051916.0;2;10;10081;2;1;4.0;6.0;48,3068400000;4,0275600000;
202100051917.0;1;07;07281;2;1;8.0;2.0;44,9465400000;4,8507300000;
202100051918.0;1;06;06027;2;1;1.0;6.0;43,6685500000;7,1261900000;
202100051919.0;1;05;05061;2;6;1.0;3.0;44,5578940000;6,0687140000;
202100051920.0;1;75;75120;2;1;1.0;6.0;48,8635849332;2,4075347610;
202100051921.0;1;75;75106;2;2;4.0;2.0;48,8513620000;2,3320490000;
202100051922.0;1;75;75117;2;4;1.0;3.0;48,8924660000;2,3013280000;