Num_Acc;lum;departement;commune;agglomeration;intersection;meteo;type_collision;lat;long;date
202100051923.0;2;75;75117;2;4;4.0;7.0;48,8933080000;2,3033600000;
202100051924.0;4;75;75115;2;4;1.0;1.0;48,8328030000;2,3004950000;
202100051925.0;1;75;75114;2;2;4.0;7.0;48,8313300000;2,3198410000;
202100051926.0;5;75;75112;2;2;4.0;6.0;48,8352000000;2,3873470000;
202100051927.0;1;75;75111;2;1;4.0;2.0;48,8498860000;2,3860341000;
202100051928.0;5;75;75110;2;2;4.0;2.0;48,8743640000;2,3554150000;
202100051929.0;2;75;75110;2;3;4.0;6.0;48,8733990000;2,3706010000;
202100051930.0;1;75;75108;2;1;1.0;2.0;48,8705670000;2,3158870000;
202100051931.0;1;94;94067;2;9;8.0;1.0;48,8382500000;2,4161100000;
202100051932.0;1;94;94003;2;1;4.0;7.0;48,8047740000;2,3388510000;
202100051933.0;2;94;94076;2;2;9.0;2.0;48,7840400000;2,3672700000;
202100051934.0;5;94;94046;2;3;4.0;1.0;48,7904100000;2,4351300000;
202100051935.0;1;93;93059;2;3;1.0;5.0;48,9687950666;2,3626845749;
202100051936.0;5;93;93066;2;1;1.0;2.0;48,9222364025;2,3470622620;
202100051937.0;1;93;93066;2;1;1.0;6.0;48,9295825308;2,3554795682;
202100051938.0;2;93;93064;2;1;4.0;5.0;48,8725039623;2,5009614229;
202100051939.0;1;93;93053;2;2;4.0;3.0;48,8883372155;2,4505896270;
202100051940.0;1;93;93048;2;1;4.0;6.0;48,8544295370;2,4391599298;
202100051941.0;2;93;93031;2;1;1.0;3.0;48,9593857734;2,2908523892;
202100051942.0;1;93;93013;2;3;8.0;2.0;48,9317000000;2,4277600000;
202100051943.0;2;92;92075;2;1;9.0;7.0;48,8199891862;2,2903476655;
202100051944.0;2;92;92073;2;1;4.0;2.0;48,8680800000;2,2247800000;
202100051945.0;2;92;92050;2;2;1.0;3.0;48,9040937696;2,2191306536;
202100051946.0;5;92;92040;2;1;4.0;7.0;48,8191950586;2,2463889420;
202100051947.0;5;17;17109;2;3;1.0;3.0;46,1389470000; -1,0272160000;
202100051948.0;5;06;06161;1;1;1.0;7.0;43,6438240000;7,1331950000;
202100051949.0;1;84;84116;1;1;1.0;3.0;44,2668920000;5,1033850000;
202100051950.0;1;26;26138;1;1;1.0;2.0;44,3970530000;4,7292920000;
202100051951.0;3;12;12276;1;1;1.0;6.0;44,1618580000;2,3321160000;
202100051952.0;1;44;44185;2;1;2.0;2.0;47,6467080000; -2,0793060000;
202100051953.0;2;51;51479;1;1;1.0;1.0;49,2039310000;3,8908100000;
202100051954.0;1;76;76113;2;1;1.0;1.0;49,5213300000;1,3553000000;
202100051955.0;2;79;79311;1;2;1.0;6.0;46,6186860000; -0,4255380000;
202100051956.0;1;2A;2A085;1;1;8.0;6.0;41,9096230000;8,8592080000;
202100051957.0;1;81;81277;1;1;1.0;3.0;43,9785180000;2,2170070000;
202100051958.0;1;89;89062;1;1;8.0;6.0;47,9151700000;3,8272550000;
202100051959.0;2;61;61483;1;3;1.0;3.0;48,5521930000; -0,4035010000;
202100051960.0;1;44;44003;2;1;1.0;3.0;47,3629120000; -1,1769640000;
202100051961.0;1;29;29160;1;1;1.0;1.0;48,5186370000; -4,4028780000;
202100051962.0;1;70;70117;1;1;1.0;3.0;47,6471400000;6,7727920000;
202100051963.0;1;06;06150;2;1;1.0;3.0;43,7432080000;7,3935310000;
202100051964.0;1;18;18052;1;1;1.0;6.0;46,7461060000;2,6639160000;
202100051965.0;2;27;27656;2;3;1.0;3.0;49,3575910000;0,4817440000;
202100051966.0;1;48;48080;2;1;7.0;6.0;44,7263850000;3,8558360000;
202100051967.0;2;973;97309;2;9;1.0;3.0;4,9153950000; -52,2751000000;
202100051968.0;5;83;83063;2;1;1.0;6.0;43,3142850000;6,4688560000;
202100051969.0;1;89;89079;1;1;4.0;1.0;47,9501560000;3,3551220000;
202100051970.0;1;03;03219;1;1;8.0;6.0;46,3270015850;2,9030881657;
202100051971.0;1;85;85070;1;1;1.0;1.0;46,7402300000; -1,7917700000;
202100051972.0;1;13;13071;1;1;1.0;2.0;43,4104300000;5,2844800000;
202100051973.0;1;33;33013;1;1;1.0;4.0;44,8447400000; -0,5016200000;
202100051974.0;1;91;91161;1;1;4.0;3.0;48,6948000000;2,3187800000;
202100051975.0;2;95;95678;1;1;4.0;3.0;49,0651000000;2,2144300000;
202100051976.0;5;93;93029;1;1;4.0;3.0;48,9258700000;2,4237500000;
202100051977.0;3;92;92036;1;1;4.0;6.0;48,9364700000;2,2897000000;
202100051978.0;1;95;95572;1;1;1.0;2.0;49,0310371904;2,1215077035;
202100051979.0;3;95;95252;1;1;2.0;6.0;48,9873200000;2,2082300000;
202100051980.0;2;95;95582;1;1;2.0;2.0;48,9643180407;2,2684302737;
202100051981.0;3;94;94073;1;1;4.0;6.0;48,7719600000;2,3964000000;
202100051982.0;1;974;97416;1;3;1.0;6.0; -21,2861100000;55,4810000000;
202100051983.0;1;974;97416;2;6;1.0;6.0; -21,3325605604;55,4795730114;
202100051984.0;1;974;97411;2;1;1.0;2.0; -20,8968000000;55,4473000000;
202100051985.0;1;973;97302;2;1;1.0;1.0;4,9293400000; -52,2965300000;
202100051986.0;2;973;97302;2;1;1.0;6.0;4,9259519963; -52,3063158989;
202100051987.0;1;973;97302;2;3;1.0;1.0;4,9284000000; -52,2934900000;
202100051988.0;5;69;69388;2;1;1.0;3.0;45,7395300000;4,8594100000;
202100051989.0;4;972;97213;2;1;1.0;2.0;14,6104700000; -61,0032400000;
202100051990.0;1;972;97213;2;6;1.0;3.0;14,6230500000; -60,9889100000;
202100051991.0;5;69;69142;2;2;2.0;3.0;45,7257749555;4,8115694940;
202100051992.0;1;69;69382;2;9;1.0;3.0;45,7567496881;4,8363500834;
202100051993.0;1;971;97105;1;1;1.0;6.0;16,0056700000; -61,7337400000;
202100051994.0;2;91;91434;2;2;1.0;1.0;48,6571300000;2,3392100000;
202100051995.0;1;91;91479;1;1;1.0;2.0;48,7198200000;2,3709600000;
202100051996.0;2;90;90010;2;1;8.0;7.0;47,6392382884;6,8560691178;
202100051997.0;1;85;85194;2;1;1.0;6.0;46,5421800000; -1,7975100000;
202100051998.0;1;83;83144;2;1;1.0;2.0;43,1433300000;5,9827100000;
202100051999.0;5;80;80021;2;1;2.0;6.0;49,8845700000;2,3140000000;
202100052000.0;5;80;80256;2;1;2.0;6.0;49,9150000000;2,2313000000;
202100052001.0;3;76;76157;1;1;1.0;1.0;49,4381035853;0,9994654774;
202100052002.0;1;71;71270;2;1;1.0;6.0;46,3113700000;4,8205000000;
202100052003.0;1;70;70550;2;1;2.0;6.0;47,6379000000;6,1657900000;
202100052004.0;1;59;59350;2;1;1.0;3.0;50,6265900000;3,1104700000;
202100052005.0;2;59;59227;2;1;1.0;3.0;50,3641800000;3,3002900000;
202100052006.0;1;58;58194;2;1;1.0;2.0;47,0022000000;3,1526000000;
202100052007.0;1;56;56260;2;1;1.0;2.0;47,6624900000; -2,7393100000;
202100052008.0;1;54;54395;2;1;1.0;5.0;48,6835345362;6,1967984752;
202100052009.0;1;54;54547;2;1;1.0;6.0;48,6661360586;6,1762541509;
202100052010.0;2;51;51454;2;2;1.0;6.0;49,2368645961;4,0138556044;
202100052011.0;1;45;45234;2;1;1.0;2.0;47,8910454662;1,9047794474;
202100052012.0;1;40;40192;2;3;1.0;3.0;43,8899000000; -0,4968700000;
202100052013.0;1;38;38544;2;1;1.0;3.0;45,5083800000;4,8600400000;
202100052014.0;1;35;35238;2;3;8.0;6.0;48,1093593328; -1,6792274524;
202100052015.0;1;33;33281;2;3;3.0;3.0;44,8492900000; -0,6545000000;
202100052016.0;1;31;31555;2;1;3.0;3.0;43,5863600000;1,4573100000;
202100052017.0;1;31;31069;1;1;2.0;7.0;43,6213100000;1,3963900000;
202100052018.0;5;31;31555;2;1;2.0;7.0;43,6126300000;1,4588800000;
202100052019.0;1;31;31555;2;1;1.0;2.0;43,5783300000;1,3939000000;
202100052020.0;5;31;31555;2;1;1.0;3.0;43,5920500000;1,4446300000;
202100052021.0;5;27;27681;2;2;1.0;6.0;49,0976600000;1,4786000000;
202100052022.0;1;17;17306;2;2;8.0;3.0;45,6193200000; -1,0069000000;
202100052023.0;5;13;13206;2;1;2.0;7.0;43,2912400000;5,3767800000;
202100052024.0;1;13;13208;2;1;1.0;2.0;43,2508790000;5,3882960000;
202100052025.0;1;13;13215;2;1;1.0;6.0;43,3593590000;5,3649860000;
202100052026.0;5;13;13206;2;2;1.0;3.0;43,2974700000;5,3807700000;
202100052027.0;1;13;13047;1;1;1.0;3.0;43,5419300000;4,9565400000;
202100052028.0;1;13;13047;2;9;1.0;3.0;43,5104000000;4,9849100000;
202100052029.0;1;09;09122;2;9;1.0;6.0;42,9641900000;1,6067700000;
202100052030.0;1;07;07186;2;9;1.0;6.0;44,7258300000;4,5951700000;
202100052031.0;1;06;06069;2;1;1.0;2.0;43,6551960000;6,9405040000;
202100052032.0;5;06;06027;2;1;1.0;6.0;43,6600220000;7,1387390000;
202100052033.0;1;75;75113;2;1;8.0;3.0;48,8177380000;2,3673380000;
202100052034.0;5;75;75117;2;4;1.0;6.0;48,8806660000;2,2818710000;
202100052035.0;1;75;75120;2;2;1.0;3.0;48,8535320000;2,4107880000;
202100052036.0;5;75;75114;2;2;8.0;2.0;48,8202060000;2,3240090000;
202100052037.0;2;75;75114;2;3;1.0;6.0;48,8306870000;2,3143060000;
202100052038.0;1;75;75113;2;1;8.0;3.0;48,8202920000;2,3591130000;
202100052039.0;5;75;75110;2;2;1.0;1.0;48,8737620000;2,3583200000;
202100052040.0;1;75;75110;2;1;4.0;6.0;48,8700550000;2,3608630000;
202100052041.0;1;75;75109;2;1;8.0;3.0;48,8722290000;2,3336120000;
202100052042.0;5;75;75108;2;5;1.0;7.0;48,8649170000;2,3102840000;
202100052043.0;5;94;94081;2;1;3.0;6.0;48,7983100000;2,3912600000;
202100052044.0;5;94;94042;2;3;1.0;3.0;48,8200620000;2,4772720000;
202100052045.0;1;94;94033;2;2;8.0;3.0;48,8487000000;2,4777000000;
202100052046.0;5;94;94076;2;1;1.0;6.0;48,7878400000;2,3668000000;
202100052047.0;1;94;94076;2;2;2.0;3.0;48,7945200000;2,3582720000;
202100052048.0;1;94;94034;2;3;8.0;3.0;48,7588200000;2,3269400000;
202100052049.0;1;94;94034;2;9;1.0;1.0;48,7526920000;2,3296360000;
202100052050.0;1;94;94038;2;1;1.0;6.0;48,7777400000;2,3429800000;
202100052051.0;2;94;94028;2;1;9.0;6.0;48,7687560000;2,4671760000;
202100052052.0;1;94;94022;2;1;8.0;6.0;48,7622710000;2,4059790000;
202100052053.0;1;93;93064;2;2;1.0;2.0;48,8866383410;2,4719244824;
202100052054.0;5;93;93033;2;6;1.0;3.0;48,8636700000;2,5754300000;
202100052055.0;1;92;92036;2;2;1.0;3.0;48,9264293146;2,2972626688;
202100052056.0;5;92;92036;2;1;1.0;3.0;48,9326510127;2,2922388396;
202100052057.0;5;92;92012;2;2;8.0;6.0;48,8454431249;2,2407656908;
202100052058.0;1;49;49355;2;1;1.0;1.0;47,1242756582; -0,7876344311;
202100052059.0;1;84;84069;2;1;1.0;6.0;44,1747480000;5,1324280000;
202100052060.0;1;22;22259;1;1;2.0;2.0;48,4660780000; -2,0641420000;
202100052061.0;3;974;97413;1;1;1.0;6.0; -21,2241550000;55,3035100000;
202100052062.0;2;23;23207;1;1;2.0;1.0;46,2680860000;1,5561750000;
202100052063.0;1;74;74263;2;1;1.0;2.0;46,3339820000;6,3905610000;
202100052064.0;1;76;76105;1;8;4.0;1.0;49,6327260000;1,0468980000;
202100052065.0;1;89;89128;1;1;4.0;6.0;47,6066260000;3,9484580000;
202100052066.0;1;35;35227;1;1;4.0;5.0;48,1983050000; -1,8700360000;
202100052067.0;1;29;29174;2;1;1.0;7.0;47,9051270000; -4,2781930000;
202100052068.0;1;03;03178;1;1;8.0;7.0;46,2626048969;3,7846182985;
202100052069.0;1;01;01216;1;1;1.0;6.0;45,7371140000;5,5164030000;
202100052070.0;1;01;01408;1;1;2.0;6.0;46,2267300000;5,3964650000;
202100052071.0;1;06;06023;1;1;1.0;2.0;43,9474430000;7,5187680000;
202100052072.0;1;05;05090;1;1;1.0;7.0;44,7284040000;6,0576510000;
202100052073.0;1;43;43137;2;9;1.0;6.0;45,2867540000;4,1606860000;
202100052074.0;1;67;67388;1;1;9.0;5.0;48,9113030000;7,6466350000;
202100052075.0;3;13;13044;1;1;2.0;1.0;43,6267720000;5,0543120000;
202100052076.0;3;13;13113;1;1;1.0;2.0;43,5950940000;5,4868340000;
202100052077.0;1;67;67223;1;1;4.0;5.0;48,5067680000;7,5791720000;
202100052078.0;4;68;68300;1;1;4.0;7.0;47,7810610000;7,4015560000;
202100052079.0;3;33;33095;1;1;3.0;7.0;44,3158420000; -0,2291460000;
202100052080.0;1;28;28363;1;1;4.0;5.0;48,4167260000;1,8983170000;
202100052081.0;1;971;97125;2;1;1.0;6.0;16,2502550000; -61,2046410000;
202100052082.0;1;28;28347;2;1;4.0;1.0;48,8162160000;1,5411060000;
202100052083.0;1;77;77192;1;2;1.0;3.0;48,6940130000;2,8208900000;
202100052084.0;5;30;30010;2;1;1.0;6.0;44,0488560000;3,9747750000;
202100052085.0;1;05;05167;1;1;1.0;7.0;44,4554410000;5,6871090000;
202100052086.0;1;89;89206;2;1;4.0;3.0;47,9736200000;3,3982090000;
202100052087.0;1;42;42299;1;1;8.0;5.0;45,6139030000;4,1110360000;
202100052088.0;5;38;38468;2;1;1.0;4.0;45,3451400000;4,8148000000;
202100052089.0;5;33;33256;1;1;2.0;2.0;44,9668510000; -0,6261720000;
202100052090.0;1;13;13215;1;1;1.0;5.0;43,3782669445;5,3560870886;
202100052091.0;3;13;13015;1;1;2.0;2.0;43,4286200000;5,4012400000;
202100052092.0;1;13;13215;1;1;1.0;4.0;43,3669100000;5,3608300000;
202100052093.0;1;69;69029;1;1;1.0;4.0;45,7460000000;4,9067700000;
202100052094.0;1;94;94003;1;1;1.0;4.0;48,8079543876;2,3406292528;
202100052095.0;3;78;78490;1;1;4.0;6.0;48,8004720000;1,9390520000;
202100052096.0;1;78;78402;1;1;8.0;4.0;48,9651500000;1,7645600000;
202100052097.0;1;94;94017;1;1;1.0;6.0;48,8290973818;2,4795805419;
202100052098.0;3;77;77258;1;1;9.0;7.0;48,8246281212;2,6157410559;
202100052099.0;1;974;97416;1;9;1.0;1.0; -21,3170600000;55,4717300000;
202100052100.0;1;974;97411;2;1;1.0;3.0; -20,9024000000;55,4921000000;
202100052101.0;1;973;97302;1;1;1.0;3.0;4,9062300000; -52,3230000000;
202100052102.0;1;69;69383;2;2;1.0;3.0;45,7562400000;4,8403900000;
202100052103.0;5;972;97213;1;1;1.0;6.0;14,6300000000; -60,9900000000;
202100052104.0;1;972;97213;1;1;1.0;3.0;14,6478300000; -60,9886100000;
202100052105.0;2;91;91657;2;1;1.0;6.0;48,7033680000;2,4201070000;
202100052106.0;2;91;91027;2;1;1.0;6.0;48,7063500000;2,3842000000;
202100052107.0;1;87;87085;2;2;3.0;3.0;45,8344600000;1,2093200000;
202100052108.0;1;87;87085;2;1;1.0;3.0;45,8329600000;1,2589400000;
202100052109.0;1;87;87085;2;1;2.0;3.0;45,8401500000;1,2672300000;
202100052110.0;2;86;86194;2;1;2.0;1.0;46,5853600000;0,3374220000;
202100052111.0;1;85;85194;2;2;1.0;3.0;46,5059900000; -1,7843000000;
202100052112.0;1;83;83137;2;1;1.0;6.0;43,1205000000;5,9457000000;
202100052113.0;1;83;83069;2;1;1.0;6.0;43,1071600000;6,1777100000;
202100052114.0;5;76;76165;2;2;1.0;3.0;49,2838700000;1,0124200000;
202100052115.0;1;66;66136;2;1;1.0;2.0;42,7010500000;2,9013900000;
202100052116.0;1;66;66136;2;3;1.0;3.0;42,7117700000;2,8896400000;
202100052117.0;5;66;66136;2;1;1.0;3.0;42,6879484371;2,8981770484;
202100052118.0;3;59;59648;2;3;9.0;6.0;50,5900600000;3,0446000000;
202100052119.0;1;59;59350;2;2;8.0;3.0;50,6304940000;3,0346260000;
202100052120.0;2;51;51454;2;1;1.0;2.0;49,2538172469;4,0543406144;
202100052121.0;1;50;50173;2;1;1.0;3.0;49,6473000000; -1,6463500000;
202100052122.0;1;49;49007;2;1;1.0;7.0;47,4736200000; -0,5589500000;
202100052123.0;1;49;49246;2;1;1.0;7.0;47,4119700000; -0,5239100000;
202100052124.0;1;43;43157;2;1;1.0;7.0;45,0459000000;3,8799500000;
202100052125.0;1;37;37122;2;1;1.0;4.0;47,3738825799;0,6526308059;
202100052126.0;3;37;37261;2;1;8.0;7.0;47,3682397428;0,6545534134;
202100052127.0;1;34;34108;2;1;1.0;1.0;43,4470520000;3,7623630000;
202100052128.0;1;29;29039;2;3;1.0;7.0;47,9020004361; -3,9110341187;
202100052129.0;1;29;29019;2;2;1.0;6.0;48,4072440000; -4,5016550000;
202100052130.0;1;27;27701;2;1;1.0;6.0;49,2751200000;1,2029000000;
202100052131.0;2;14;14118;2;1;2.0;6.0;49,1797900000; -0,3643800000;
202100052132.0;1;13;13216;2;1;1.0;2.0;43,3632500000;5,3419200000;
202100052133.0;1;13;13215;2;9;7.0;6.0;43,3733000000;5,3540000000;
202100052134.0;1;10;10325;2;1;8.0;7.0;48,2635260000;4,0800090000;
202100052135.0;1;10;10060;1;1;2.0;7.0;48,2671800000;4,1170800000;
202100052136.0;1;75;75120;2;1;2.0;6.0;48,8631949487;2,4140685797;
202100052137.0;1;75;75120;2;1;2.0;4.0;48,8590330000;2,4141100000;
202100052138.0;1;75;75119;2;2;1.0;3.0;48,8840250000;2,3778500000;
202100052139.0;1;75;75119;2;3;8.0;3.0;48,8853260000;2,3718300000;
202100052140.0;5;75;75118;2;2;1.0;3.0;48,9015540000;2,3590980000;
202100052141.0;1;75;75117;2;1;1.0;7.0;48,8883160000;2,3153740000;
202100052142.0;1;75;75114;2;5;8.0;3.0;48,8277890000;2,3267990000;
202100052143.0;5;75;75111;2;2;1.0;3.0;48,8611060000;2,3811580000;
202100052144.0;1;75;75110;2;1;2.0;6.0;48,8799490000;2,3637450000;
202100052145.0;1;75;75110;2;2;2.0;6.0;48,8752220000;2,3703130000;
202100052146.0;5;75;75108;2;3;1.0;3.0;48,8804330000;2,3270520000;
202100052147.0;1;94;94043;2;1;1.0;6.0;48,8097840000;2,3603300000;
202100052148.0;1;94;94033;2;7;8.0;6.0;48,8530000000;2,4853200000;
202100052149.0;5;93;93053;2;3;8.0;3.0;48,8994456752;2,4635815214;
202100052150.0;5;93;93006;2;2;4.0;1.0;48,8735532657;2,4336591776;
202100052151.0;1;93;93010;2;2;1.0;1.0;48,8998100000;2,4815100000;
202100052152.0;1;92;92073;2;3;8.0;3.0;48,8639315181;2,2185649265;
202100052153.0;2;92;92048;2;1;1.0;6.0;48,8075276611;2,2392421961;
202100052154.0;2;92;92036;2;1;1.0;3.0;48,9239068038;2,2946646810;
202100052155.0;1;92;92036;2;1;1.0;6.0;48,9315613273;2,3195161437;
202100052156.0;1;92;92024;2;2;1.0;6.0;48,9017200000;2,3073200000;
202100052157.0;1;37;37077;1;1;1.0;1.0;47,3300023452;0,4526845259;
202100052158.0;1;68;68112;2;1;2.0;3.0;47,9053230000;7,2163550000;
202100052159.0;1;34;34042;1;1;1.0;6.0;43,8605560000;3,7428620000;
202100052160.0;1;972;97229;2;1;1.0;1.0;14,6165940000; -61,0989300000;
202100052161.0;1;83;83004;1;1;1.0;1.0;43,4428240000;6,4620210000;
202100052162.0;1;30;30202;1;9;2.0;3.0;44,2524540000;4,6278080000;
202100052163.0;1;23;23177;1;1;2.0;1.0;46,2696140000;1,5186240000;
202100052164.0;1;62;62566;2;3;1.0;3.0;50,6694800000;1,8528940000;
202100052165.0;1;51;51662;1;1;1.0;7.0;49,2820281790;4,1072291136;
202100052166.0;2;2A;2A271;2;1;1.0;3.0;41,9559969186;8,7978282273;
202100052167.0;1;2B;2B346;1;1;1.0;6.0;42,5139930000;9,4852080000;
202100052168.0;1;80;80799;1;1;9.0;4.0;49,8781130000;2,4956350000;
202100052169.0;2;71;71528;1;3;1.0;2.0;46,6252040000;5,1495140000;
202100052170.0;1;42;42312;2;1;1.0;1.0;45,4287000000;4,0694690000;
202100052171.0;1;86;86286;1;1;8.0;1.0;46,8791590000;0,1427360000;
202100052172.0;1;68;68158;1;1;4.0;1.0;47,5987480000;7,3642620000;
202100052173.0;3;29;29075;1;1;2.0;5.0;48,4289300000; -4,4378330000;
202100052174.0;1;31;31118;1;2;1.0;3.0;43,7889800000;1,3865790000;
202100052175.0;1;58;58087;1;1;1.0;1.0;46,7345300000;3,4797910000;
202100052176.0;1;72;72269;2;1;1.0;3.0;47,9193360000;0,7420370000;
202100052177.0;1;16;16011;1;1;2.0;6.0;45,7623810000;0,2029680000;
202100052178.0;1;07;07049;1;1;1.0;6.0;44,8388690000;4,3224660000;
202100052179.0;1;30;30012;2;1;2.0;3.0;43,8896740000;4,6825040000;
202100052180.0;1;973;97307;2;1;1.0;3.0;4,8503520000; -52,3318450000;
202100052181.0;2;35;35210;1;1;2.0;2.0;48,1379870000; -1,7711590000;
202100052182.0;1;74;74221;1;1;1.0;1.0;46,0112250000;6,5298910000;
202100052183.0;3;06;06079;1;1;2.0;7.0;43,5431980000;6,9387670000;
202100052184.0;3;51;51572;1;1;1.0;7.0;49,0379237014;4,6284147651;
202100052185.0;2;69;69027;2;6;2.0;6.0;45,6753700000;4,7646710000;
202100052186.0;3;971;97103;1;1;1.0;1.0;16,2578560000; -61,6040750000;
202100052187.0;1;988;98822;2;3;1.0;6.0; -20,9381790000;165,3343090000;
202100052188.0;1;971;97117;1;1;1.0;2.0;16,3027220000; -61,3663240000;
202100052189.0;3;978;97801;2;1;1.0;7.0;18,0577630000; -63,1012740000;
202100052190.0;1;77;77145;1;1;8.0;6.0;48,6049000000;2,7388670000;
202100052191.0;5;95;95392;2;1;1.0;6.0;49,0771550000;2,2059350000;
202100052192.0;2;34;34154;1;6;2.0;3.0;43,5935670000;3,9472190000;
202100052193.0;5;83;83127;1;6;2.0;1.0;43,2685190000;5,7806110000;
202100052194.0;1;57;57160;1;1;4.0;2.0;49,2175410000;6,6645380000;
202100052195.0;2;07;07264;1;9;1.0;3.0;44,3129710000;4,6153950000;
202100052196.0;2;69;69136;1;1;1.0;2.0;45,6483786938;4,7466214746;
202100052197.0;5;60;60489;1;1;1.0;1.0;49,1569907461;2,8449578741;
202100052198.0;5;13;13055;1;1;2.0;7.0;43,3299300000;5,3901500000;
202100052199.0;1;59;59288;1;1;1.0;2.0;50,3222798715;3,4268760681;
202100052200.0;1;62;62274;1;1;8.0;5.0;50,4322040000;2,9792260000;
202100052201.0;1;91;91286;1;1;1.0;3.0;48,6517900000;2,3829300000;
202100052202.0;3;974;97416;1;1;1.0;6.0; -21,3590800000;55,5354900000;
202100052203.0;1;973;97302;2;2;1.0;3.0;4,9390900000; -52,3182800000;
202100052204.0;5;973;97302;2;2;2.0;5.0;4,9308900000; -52,3225200000;
202100052205.0;1;69;69259;2;1;1.0;6.0;45,7188137138;4,8713395000;
202100052206.0;1;69;69259;2;1;2.0;2.0;45,7176400000;4,8755600000;
202100052207.0;5;972;97209;2;4;1.0;6.0;14,6078600000; -61,0692000000;
202100052208.0;1;69;69389;2;2;1.0;3.0;45,7781100000;4,8057600000;
202100052209.0;1;91;91479;2;9;2.0;6.0;48,7128100000;2,3635000000;
202100052210.0;5;54;54357;2;2;2.0;3.0;48,7126244220;6,1680712976;
202100052211.0;1;51;51454;2;1;8.0;3.0;49,2579975897;4,0408140977;
202100052212.0;1;50;50218;2;1;1.0;2.0;48,8378200000; -1,5618600000;
202100052213.0;5;45;45208;2;1;2.0;6.0;48,0036900000;2,7419200000;
202100052214.0;1;38;38544;1;1;2.0;2.0;45,5234900000;4,8898400000;
202100052215.0;5;33;33063;2;1;1.0;1.0;44,8304200000; -0,5711700000;
202100052216.0;1;29;29232;1;1;1.0;2.0;47,9840250297; -4,1158631444;
202100052217.0;1;29;29232;2;3;1.0;3.0;48,0153900000; -4,0857300000;
202100052218.0;5;15;15014;2;1;2.0;6.0;44,9292700000;2,4433600000;
202100052219.0;1;13;13212;2;1;8.0;5.0;43,3080090000;5,4340470000;
202100052220.0;1;13;13211;2;1;1.0;7.0;43,3010320000;5,4764840000;
202100052221.0;5;13;13063;2;1;1.0;3.0;43,5888510000;5,0051160000;
202100052222.0;1;13;13044;1;1;1.0;1.0;43,6294049748;5,0182561129;
202100052223.0;5;13;13047;2;1;6.0;4.0;43,4992376568;4,9882900996;
202100052224.0;1;13;13028;2;1;1.0;1.0;43,1800000000;5,5900000000;
202100052225.0;1;13;13001;2;1;1.0;4.0;43,5578700000;5,4477400000;
202100052226.0;1;13;13001;2;1;1.0;2.0;43,5102800000;5,4094800000;
202100052227.0;1;75;75120;2;1;2.0;2.0;48,8661389412;2,4128444448;
202100052228.0;5;75;75116;2;1;2.0;6.0;48,8539250000;2,2827920000;
202100052229.0;5;75;75114;2;2;2.0;2.0;48,8386180000;2,3366260000;
202100052230.0;1;75;75111;2;1;1.0;6.0;48,8549770000;2,3732100000;
202100052231.0;1;75;75109;2;2;2.0;3.0;48,8714890000;2,3430670000;
202100052232.0;1;75;75107;2;2;2.0;7.0;48,8625720000;2,3104100000;
202100052233.0;5;93;93070;2;3;2.0;3.0;48,9024149906;2,3306250572;
202100052234.0;1;92;92035;2;2;2.0;3.0;48,9044899048;2,2361053526;
202100052235.0;5;92;92002;2;1;2.0;6.0;48,7550971892;2,2881477992;
202100052236.0;1;13;13210;1;1;1.0;5.0;43,2848400000;5,4174100000;
202100052237.0;1;69;69204;1;1;1.0;2.0;45,6841000000;4,8046200000;
202100052238.0;1;91;91064;1;1;2.0;6.0;48,7608700000;2,2262400000;
202100052239.0;1;91;91377;1;1;2.0;4.0;48,7158330000;2,2902980000;
202100052240.0;1;94;94065;1;1;2.0;6.0;48,7546994380;2,3475930512;
202100052241.0;1;91;91471;1;1;2.0;1.0;48,6927400000;2,1861200000;
202100052242.0;1;91;91521;1;1;2.0;6.0;48,6270000000;2,4000000000;
202100052243.0;3;91;91645;1;1;3.0;4.0;48,7600080000;2,2577680000;
202100052244.0;1;92;92019;1;1;3.0;2.0;48,7598600000;2,2716400000;
202100052245.0;1;78;78423;1;1;2.0;3.0;48,7934980000;2,0406680000;
202100052246.0;1;92;92050;1;1;2.0;6.0;48,9142766490;2,2194430375;
202100052247.0;5;92;92025;1;1;2.0;6.0;48,9351911105;2,2598681872;
202100052248.0;3;95;95527;1;1;2.0;2.0;49,0270424864;2,5150694530;
202100052249.0;1;95;95572;1;1;2.0;6.0;49,0335000000;2,1098500000;
202100052250.0;1;92;92036;1;1;2.0;5.0;48,9384200000;2,2942200000;
202100052251.0;3;95;95018;1;1;3.0;6.0;48,9607191984;2,2703658172;