Num_Acc;lum;departement;commune;agglomeration;intersection;meteo;type_collision;lat;long;date
202100052252.0;1;95;95572;1;1;3.0;6.0;49,0323954232;2,1105853853;
202100052253.0;5;94;94073;1;1;3.0;3.0;48,7609888888;2,3826099002;
202100052254.0;1;37;37092;1;1;1.0;6.0;47,5171931962;0,8149632344;
202100052255.0;1;62;62393;2;1;4.0;6.0;50,9229020000;1,9747440000;
202100052256.0;1;62;62338;1;1;1.0;1.0;50,6333830000;2,8283840000;
202100052257.0;1;68;68315;1;1;2.0;4.0;47,8855570000;7,2546670000;
202100052258.0;2;51;51662;1;1;2.0;7.0;49,2859470000;4,1303870000;
202100052259.0;1;74;74208;1;1;1.0;6.0;45,9460150000;6,7220320000;
202100052260.0;1;80;80639;1;1;8.0;3.0;49,9348150000;2,3073010000;
202100052261.0;5;11;11206;2;1;1.0;6.0;43,0453460000;2,2229930000;
202100052262.0;5;46;46309;2;1;1.0;6.0;44,8970200000;1,4707770000;
202100052263.0;1;47;47110;1;1;2.0;2.0;44,4613810000;0,2660770000;
202100052264.0;2;41;41164;2;4;8.0;3.0;47,2777740000;1,3966070000;
202100052265.0;1;26;26277;1;3;8.0;3.0;44,6886100000;4,9445440000;
202100052266.0;1;14;14100;1;1;1.0;7.0;49,0552300000; -0,3458230000;
202100052267.0;1;60;60187;2;2;9.0;3.0;49,4442940000;1,8292240000;
202100052268.0;1;43;43135;1;1;1.0;1.0;44,9422210000;3,9746960000;
202100052269.0;1;24;24352;1;1;8.0;6.0;45,2213850000;0,3326740000;
202100052270.0;1;30;30147;2;1;1.0;6.0;44,0145620000;4,0417030000;
202100052271.0;1;30;30071;1;1;1.0;1.0;44,0288340000;4,1275120000;
202100052272.0;1;03;03031;1;1;3.0;7.0;46,4200903678;2,7023808120;
202100052273.0;1;69;69044;1;1;1.0;7.0;45,7777300000;4,7515300000;
202100052274.0;2;74;74169;1;6;1.0;1.0;46,0635390000;6,5400460000;
202100052275.0;1;973;97303;1;1;2.0;5.0;5,4503780000; -53,1372860000;
202100052276.0;1;971;97125;2;1;2.0;6.0;16,2465260000; -61,2918340000;
202100052277.0;1;78;78443;1;4;8.0;3.0;48,8038460000;1,8658630000;
202100052278.0;1;30;30155;2;2;1.0;3.0;43,8165270000;4,4667900000;
202100052279.0;3;11;11022;1;1;1.0;6.0;43,2719990000;2,6695700000;
202100052280.0;1;34;34154;1;1;1.0;6.0;43,6240930000;4,0120970000;
202100052281.0;1;89;89399;1;1;1.0;2.0;48,2448250000;3,3552070000;
202100052282.0;1;88;88260;1;1;4.0;1.0;48,3560330000;6,3318950000;
202100052283.0;1;54;54260;1;1;4.0;3.0;48,5696790000;6,5093560000;
202100052284.0;3;74;74287;1;1;9.0;6.0;46,2982580000;6,5306100000;
202100052285.0;3;74;74128;1;1;1.0;2.0;46,1550060000;6,3193600000;
202100052286.0;1;86;86079;1;1;1.0;7.0;46,9627480000;0,1811620000;
202100052287.0;5;974;97416;2;1;1.0;1.0; -21,2788000000;55,4667000000;
202100052288.0;1;974;97411;2;2;1.0;3.0; -20,8738900000;55,4514900000;
202100052289.0;5;69;69383;2;1;2.0;7.0;45,7569100000;4,8527300000;
202100052290.0;1;69;69259;2;3;8.0;3.0;45,7089300000;4,8696400000;
202100052291.0;1;69;69383;2;2;1.0;1.0;45,7516800000;4,8949600000;
202100052292.0;1;69;69382;2;2;8.0;3.0;45,7439500000;4,8210300000;
202100052293.0;1;971;97101;2;9;1.0;6.0;16,2574000000; -61,5296300000;
202100052294.0;4;971;97107;2;1;2.0;3.0;16,0454000000; -61,5629000000;
202100052295.0;1;91;91161;2;3;2.0;2.0;48,6994920000;2,3046640000;
202100052296.0;1;86;86194;2;1;3.0;6.0;46,5646470000;0,3387840000;
202100052297.0;1;83;83137;2;1;1.0;3.0;43,1290000000;5,9241800000;
202100052298.0;1;77;77258;2;3;3.0;3.0;48,8403730000;2,6487670000;
202100052299.0;2;77;77285;2;1;1.0;6.0;48,5419800000;2,6268700000;
202100052300.0;1;74;74281;2;1;2.0;6.0;46,3722600000;6,4741000000;
202100052301.0;1;74;74305;2;1;8.0;3.0;46,2028700000;6,2757300000;
202100052302.0;1;72;72181;2;1;1.0;6.0;48,0000000000;0,2000000000;
202100052303.0;5;59;59599;2;3;2.0;1.0;50,7365300000;3,1767200000;
202100052304.0;1;59;59650;2;1;3.0;6.0;50,7108700000;3,2068500000;
202100052305.0;1;56;56260;2;6;1.0;7.0;47,6653000000; -2,7508000000;
202100052306.0;4;56;56260;2;6;3.0;6.0;47,6468300000; -2,7435400000;
202100052307.0;5;54;54395;2;1;2.0;6.0;48,6967095796;6,1892412230;
202100052308.0;1;54;54395;2;3;1.0;6.0;48,6841166330;6,1767183244;
202100052309.0;2;51;51454;2;1;2.0;1.0;49,2366735693;3,9971027261;
202100052310.0;5;51;51454;2;1;1.0;1.0;49,2534281470;4,0287633484;
202100052311.0;2;45;45004;2;1;2.0;2.0;47,9790120000;2,7421470000;
202100052312.0;1;42;42187;2;1;8.0;6.0;46,0388700000;4,0689500000;
202100052313.0;5;37;37261;2;2;2.0;3.0;47,3975748326;0,6994471478;
202100052314.0;5;35;35238;2;2;1.0;3.0;48,1163270000; -1,7139840000;
202100052315.0;1;34;34172;2;1;1.0;3.0;43,6204070215;3,8927329112;
202100052316.0;1;29;29019;2;6;1.0;3.0;48,4007495550; -4,4997435808;
202100052317.0;5;25;25031;2;1;2.0;6.0;47,4872590000;6,8308350000;
202100052318.0;1;13;13005;1;5;8.0;5.0;43,3054500000;5,5725400000;
202100052319.0;1;75;75118;2;3;1.0;2.0;48,8895730000;2,3262840000;
202100052320.0;1;75;75117;2;2;2.0;3.0;48,8840200000;2,3184990000;
202100052321.0;5;75;75116;2;3;2.0;3.0;48,8688140000;2,2833260000;
202100052322.0;1;75;75116;2;7;3.0;3.0;48,8380209788;2,2563705654;
202100052323.0;1;75;75116;2;3;3.0;2.0;48,8649610000;2,2958830000;
202100052324.0;5;75;75113;2;2;2.0;6.0;48,8418910000;2,3678730000;
202100052325.0;1;75;75113;2;2;3.0;6.0;48,8229140000;2,3687300000;
202100052326.0;5;75;75112;2;2;2.0;3.0;48,8471710000;2,3936730000;
202100052327.0;5;75;75112;2;3;3.0;6.0;48,8496810000;2,3873240000;
202100052328.0;2;75;75112;2;5;3.0;6.0;48,8459070000;2,3743570000;
202100052329.0;2;75;75112;2;2;3.0;6.0;48,8317600000;2,3978030000;
202100052330.0;5;75;75112;2;1;2.0;3.0;48,8437000000;2,3698500000;
202100052331.0;5;94;94011;2;1;1.0;2.0;48,7840000000;2,4950000000;
202100052332.0;5;94;94052;2;2;2.0;3.0;48,8354914448;2,4740910530;
202100052333.0;5;94;94022;2;9;2.0;3.0;48,7728900000;2,4000700000;
202100052334.0;1;93;93070;2;1;2.0;6.0;48,9110636081;2,3256554992;
202100052335.0;1;93;93064;2;1;2.0;6.0;48,8730197181;2,4852121917;
202100052336.0;2;93;93048;2;2;2.0;3.0;48,8547230393;2,4175274477;
202100052337.0;2;93;93008;2;1;2.0;6.0;48,9056200000;2,4287400000;
202100052338.0;5;93;93008;2;9;2.0;1.0;48,9058766053;2,4588307142;
202100052339.0;1;92;92025;2;5;8.0;3.0;48,9133003924;2,2306524235;
202100052340.0;1;38;38157;1;2;1.0;2.0;45,5069200000;4,9820780000;
202100052341.0;3;52;52365;1;1;3.0;3.0;48,0811180000;4,9204860000;
202100052342.0;1;05;05079;1;1;4.0;1.0;44,9794470000;6,4998510000;
202100052343.0;1;49;49368;2;3;1.0;1.0;47,3915950000;0,0615940000;
202100052344.0;1;34;34101;1;1;1.0;1.0;43,3829050000;3,4528590000;
202100052345.0;1;29;29260;2;6;1.0;3.0;48,4379639720; -4,6152134668;
202100052346.0;3;50;50267;1;6;1.0;7.0;49,2303920000; -1,5342340000;
202100052347.0;3;60;60699;1;1;2.0;6.0;49,5228270000;1,8591140000;
202100052348.0;5;43;43012;2;1;1.0;1.0;45,3613880000;4,2061440000;
202100052349.0;3;53;53178;1;1;1.0;7.0;47,8857620000; -0,8312760000;
202100052350.0;2;85;85022;1;1;1.0;7.0;46,4325500000; -1,4499600000;
202100052351.0;1;95;95678;1;1;2.0;6.0;49,0729709882;2,2411252766;
202100052352.0;3;971;97116;1;1;1.0;6.0;16,3268010000; -61,4437600000;
202100052353.0;3;77;77415;1;1;2.0;6.0;48,9518560000;3,0545480000;
202100052354.0;3;83;83029;1;1;1.0;6.0;43,6270440000;6,7574720000;
202100052355.0;1;71;71223;1;1;2.0;7.0;46,9741550000;4,1817410000;
202100052356.0;2;69;69074;2;1;1.0;6.0;45,9993926616;4,6397937993;
202100052357.0;1;69;69110;1;1;2.0;1.0;45,6184880000;4,4904850000;
202100052358.0;2;17;17228;2;1;2.0;6.0;45,6282040000; -0,9442560000;
202100052359.0;1;85;85218;1;3;1.0;1.0;46,6320340000; -1,6526270000;
202100052360.0;2;44;44026;1;1;7.0;4.0;47,2971320000; -1,4058210000;
202100052361.0;1;22;22143;2;1;1.0;3.0;48,5971170000; -2,2878760000;
202100052362.0;1;59;59091;1;1;1.0;2.0;50,7272740000;2,5725820000;
202100052363.0;5;69;69290;1;1;2.0;2.0;45,7104860000;4,9681370000;
202100052364.0;1;33;33063;1;1;3.0;2.0;44,8868310000; -0,5695580000;
202100052365.0;1;33;33143;1;1;3.0;4.0;44,9764420000; -0,4327220000;
202100052366.0;3;91;91434;1;1;3.0;2.0;48,6684000000;2,3542000000;
202100052367.0;1;93;93053;1;1;2.0;6.0;48,8882500000;2,4722200000;
202100052368.0;1;93;93064;1;1;2.0;6.0;48,8882100000;2,4722100000;
202100052369.0;1;77;77258;1;1;1.0;6.0;48,8319191616;2,6482031665;
202100052370.0;1;988;98818;2;1;1.0;3.0; -22,2907100000;166,4424200000;
202100052371.0;5;988;98818;2;3;3.0;3.0; -22,2742800000;166,4437400000;
202100052372.0;1;988;98818;2;2;1.0;3.0; -22,2931300000;166,4488000000;
202100052373.0;1;974;97416;1;3;7.0;3.0; -21,2995100000;55,4907300000;
202100052374.0;1;974;97416;2;6;1.0;3.0; -21,3307300000;55,4748100000;
202100052375.0;3;974;97407;2;1;1.0;7.0; -20,9465300000;55,3042400000;
202100052376.0;2;973;97302;2;1;2.0;6.0;4,9380800000; -52,3265200000;
202100052377.0;1;973;97302;2;1;1.0;3.0;4,9307100000; -52,3091200000;
202100052378.0;1;69;69387;2;1;8.0;3.0;45,7515068732;4,8456400037;
202100052379.0;2;69;69259;2;2;1.0;3.0;45,6923700000;4,8729300000;
202100052380.0;1;69;69286;1;1;8.0;1.0;45,8255200000;4,8819500000;
202100052381.0;1;69;69381;2;2;1.0;2.0;45,7724500000;4,8385000000;
202100052382.0;1;2B;2B033;2;3;1.0;3.0;42,6653600000;9,4425800000;
202100052383.0;1;2B;2B033;2;6;1.0;4.0;42,6746600000;9,4379100000;
202100052384.0;1;2B;2B120;1;1;1.0;4.0;42,6482400000;9,4402300000;
202100052385.0;1;971;97101;2;9;1.0;6.0;16,2511300000; -61,5277000000;
202100052386.0;5;971;97113;2;1;1.0;4.0;16,2176200000; -61,4371100000;
202100052387.0;1;971;97120;2;1;1.0;6.0;16,2352800000; -61,5303300000;
202100052388.0;1;91;91549;2;9;1.0;6.0;48,6395840000;2,3490390000;
202100052389.0;1;91;91339;2;1;1.0;2.0;48,6189300000;2,2581800000;
202100052390.0;1;91;91477;2;9;1.0;3.0;48,7115970000;2,2446160000;
202100052391.0;1;91;91286;2;9;1.0;1.0;48,6478770000;2,3753430000;
202100052392.0;1;86;86088;2;1;2.0;4.0;46,5470410000;0,2983800000;
202100052393.0;5;86;86041;2;1;2.0;3.0;46,5963750000;0,3530680000;
202100052394.0;2;86;86194;2;3;2.0;3.0;46,6052680000;0,3218990000;
202100052395.0;2;83;83137;2;1;1.0;3.0;43,1352693907;5,9162683553;
202100052396.0;1;83;83137;2;9;1.0;3.0;43,1288142881;5,9029799665;
202100052397.0;1;83;83137;2;1;1.0;6.0;43,1255500000;5,9583600000;
202100052398.0;1;83;83050;2;1;1.0;6.0;43,5275500000;6,4649440000;
202100052399.0;5;80;80021;2;1;1.0;2.0;49,8789400000;2,3034900000;
202100052400.0;1;80;80021;2;1;1.0;2.0;49,9106400000;2,3132900000;
202100052401.0;1;76;76486;2;1;1.0;6.0;49,3010100000;0,9925500000;
202100052402.0;2;76;76540;2;3;2.0;6.0;49,4255271445;1,0735258280;
202100052403.0;5;76;76540;2;1;1.0;2.0;49,4347400000;1,0863000000;
202100052404.0;1;76;76231;2;3;2.0;3.0;49,2927967214;1,0012543597;
202100052405.0;1;71;71040;2;1;1.0;2.0;46,6843800000;4,3901800000;
202100052406.0;2;71;71040;2;1;2.0;6.0;46,6988612454;4,3633822786;
202100052407.0;1;71;71153;2;2;1.0;3.0;46,7963301814;4,4292928638;
202100052408.0;1;71;71153;2;2;8.0;3.0;46,8085604000;4,4449851100;
202100052409.0;1;71;71076;2;1;1.0;3.0;46,7900900000;4,8503400000;
202100052410.0;1;69;69029;2;1;1.0;6.0;45,7314500000;4,9029200000;
202100052411.0;2;67;67482;2;1;2.0;2.0;48,5723790000;7,7660920000;
202100052412.0;5;67;67447;2;1;1.0;6.0;48,6091190000;7,7504130000;
202100052413.0;5;67;67482;2;1;1.0;6.0;48,5895550000;7,7407470000;
202100052414.0;1;66;66136;1;1;8.0;3.0;42,7175800000;2,8735500000;
202100052415.0;1;64;64348;2;1;1.0;5.0;43,3080000000; -0,4070400000;
202100052416.0;1;64;64445;2;2;1.0;3.0;43,2971200000; -0,3665200000;
202100052417.0;1;64;64445;2;1;1.0;6.0;43,3190000000; -0,3663000000;
202100052418.0;1;64;64335;2;1;1.0;6.0;43,3263757235; -0,4404254258;
202100052419.0;1;64;64024;2;1;2.0;5.0;43,4760200000; -1,5276400000;
202100052420.0;5;56;56121;2;1;3.0;3.0;47,7552700000; -3,3917500000;
202100052421.0;4;56;56098;1;1;2.0;6.0;47,7778706803; -3,3560818434;
202100052422.0;5;55;55545;2;1;3.0;7.0;49,1636000000;5,3800000000;
202100052423.0;1;54;54395;2;1;2.0;3.0;48,6763172301;6,1966979276;
202100052424.0;4;54;54025;1;1;1.0;2.0;48,6598500000;6,2506100000;
202100052425.0;1;54;54184;2;6;7.0;6.0;48,7078665938;6,2442389131;
202100052426.0;5;54;54395;2;3;2.0;3.0;48,6912700000;6,1752800000;
202100052427.0;1;52;52125;1;1;2.0;7.0;48,0798500000;5,1536800000;
202100052428.0;5;51;51454;2;1;1.0;3.0;49,2510228925;4,0530056229;
202100052429.0;1;51;51454;2;1;1.0;3.0;49,2472528332;4,0332588348;
202100052430.0;2;50;50173;2;2;8.0;3.0;49,6538600000; -1,6492100000;
202100052431.0;1;44;44162;2;1;7.0;2.0;47,2254900000; -1,6270700000;
202100052432.0;1;44;44109;2;1;7.0;6.0;47,2059000000; -1,5739200000;
202100052433.0;5;42;42127;2;3;8.0;3.0;46,0697909658;4,0738033578;
202100052434.0;1;37;37208;2;2;1.0;3.0;47,3669435723;0,7382916827;
202100052435.0;5;37;37261;2;1;1.0;7.0;47,3755329557;0,7206194401;
202100052436.0;1;37;37261;2;1;1.0;6.0;47,3736474434;0,6831113622;
202100052437.0;4;35;35238;2;3;1.0;5.0;48,1295320000; -1,6520680000;
202100052438.0;1;32;32013;2;3;1.0;3.0;43,6451000000;0,5974000000;
202100052439.0;1;31;31555;2;1;1.0;3.0;43,5926100000;1,3960000000;
202100052440.0;1;29;29019;2;2;1.0;6.0;48,3902780000; -4,4774880000;
202100052441.0;1;25;25056;2;4;1.0;4.0;47,2346170000;6,0117850000;
202100052442.0;1;19;19031;2;2;2.0;3.0;45,1595800000;1,5020000000;
202100052443.0;1;14;14221;2;6;2.0;7.0;49,1733600000; -0,2656500000;
202100052444.0;1;13;13201;2;1;1.0;6.0;43,3020900000;5,3828600000;
202100052445.0;1;13;13209;2;1;1.0;3.0;43,2613970056;5,4148289957;
202100052446.0;1;13;13208;2;1;1.0;1.0;43,2463240000;5,3810220000;
202100052447.0;5;13;13206;2;1;1.0;3.0;43,2905458972;5,3757199617;
202100052448.0;1;13;13213;2;3;1.0;3.0;43,3290500000;5,4272500000;
202100052449.0;1;10;10333;2;6;2.0;3.0;48,2894900000;4,0676670000;
202100052450.0;1;10;10387;2;2;1.0;7.0;48,2902000000;4,0761000000;
202100052451.0;1;07;07186;2;1;1.0;6.0;44,7289600000;4,5996100000;
202100052452.0;1;06;06123;2;1;1.0;3.0;43,6742670000;7,1929200000;
202100052453.0;1;05;05061;2;6;1.0;2.0;44,5618446751;6,0842886853;
202100052454.0;1;75;75102;2;1;1.0;6.0;48,8712380000;2,3445320000;
202100052455.0;2;75;75107;2;7;1.0;3.0;48,8474030000;2,3121040000;
202100052456.0;1;75;75120;2;2;1.0;6.0;48,8490270000;2,4092380000;
202100052457.0;1;75;75118;2;5;1.0;3.0;48,8846630000;2,3295300000;
202100052458.0;1;75;75115;2;2;1.0;6.0;48,8445640000;2,2870510000;
202100052459.0;5;75;75115;2;2;1.0;3.0;48,8410060000;2,2914240000;
202100052460.0;1;75;75114;2;2;1.0;6.0;48,8247380000;2,3183250000;
202100052461.0;1;75;75109;2;2;1.0;3.0;48,8706950000;2,3325240000;
202100052462.0;1;75;75107;2;2;1.0;3.0;48,8577130000;2,3279900000;
202100052463.0;1;75;75102;2;3;1.0;3.0;48,8676810000;2,3379270000;
202100052464.0;5;94;94068;2;2;1.0;1.0;48,7898700000;2,5149000000;
202100052465.0;1;94;94073;2;1;1.0;1.0;48,7640700000;2,3839900000;
202100052466.0;3;94;94028;2;9;1.0;3.0;48,7774900000;2,4385900000;
202100052467.0;1;94;94028;2;1;1.0;1.0;48,7991840000;2,4689130000;
202100052468.0;1;94;94028;2;1;8.0;3.0;48,7856700000;2,4487500000;
202100052469.0;1;93;93055;2;9;1.0;6.0;48,8914000000;2,4024600000;
202100052470.0;1;93;93053;2;3;1.0;6.0;48,8906400000;2,4516900000;
202100052471.0;1;93;93048;2;6;1.0;3.0;48,8691532330;2,4325352778;
202100052472.0;2;93;93046;2;9;8.0;3.0;48,9112400000;2,5168000000;
202100052473.0;1;93;93006;2;1;1.0;1.0;48,8645900000;2,4185700000;
202100052474.0;1;93;93027;2;1;1.0;6.0;48,9291365813;2,3913806677;
202100052475.0;1;92;92077;2;3;1.0;6.0;48,8260500000;2,1956000000;
202100052476.0;1;92;92062;2;1;1.0;6.0;48,8887385864;2,2328639030;
202100052477.0;1;92;92025;2;1;1.0;2.0;48,9215686952;2,2459959984;
202100052478.0;5;92;92025;2;2;1.0;6.0;48,9250182054;2,2399047192;
202100052479.0;1;94;94003;2;1;1.0;6.0;48,8061583131;2,3183391988;
202100052480.0;1;92;92019;2;1;8.0;7.0;48,7703047701;2,2871249914;
202100052481.0;1;92;92014;2;2;1.0;3.0;48,7831231360;2,3151916265;
202100052482.0;3;39;39437;1;3;1.0;6.0;46,7443820000;5,7843980000;
202100052483.0;2;35;35155;1;1;7.0;1.0;47,8605462000; -1,8856224000;
202100052484.0;2;54;54462;1;1;5.0;6.0;48,5818240000;6,3475010000;
202100052485.0;3;51;51316;2;1;2.0;7.0;48,6357900000;4,7092820000;
202100052486.0;1;81;81222;1;1;2.0;1.0;43,7767030000;2,1620110000;
202100052487.0;2;58;58261;2;1;2.0;6.0;47,4032870000;2,9497650000;
202100052488.0;1;37;37261;1;1;1.0;7.0;47,4112032073;0,7272357792;
202100052489.0;1;62;62717;1;1;2.0;6.0;50,3631630000;2,3968220000;
202100052490.0;1;56;56178;2;1;7.0;6.0;48,0742650000; -2,9625000000;
202100052491.0;1;71;71184;1;1;8.0;3.0;47,0223680000;4,3272830000;
202100052492.0;1;63;63086;1;1;8.0;1.0;45,6371920000;3,6605820000;
202100052493.0;5;61;61389;2;2;2.0;1.0;48,7142910000;0,4337240000;
202100052494.0;1;42;42208;1;1;1.0;2.0;45,5340429132;4,4399573877;
202100052495.0;1;46;46307;1;1;8.0;1.0;44,5216930000;1,0031460000;
202100052496.0;5;01;01372;1;3;1.0;3.0;45,8613700000;5,6785800000;
202100052497.0;3;58;58134;1;9;5.0;6.0;46,9542170000;3,2916610000;
202100052498.0;1;27;27133;1;1;1.0;1.0;49,3624490000;0,9195040000;
202100052499.0;3;973;97309;2;9;1.0;1.0;4,8876710000; -52,3024800000;
202100052500.0;3;33;33199;1;6;1.0;2.0;44,6145300000; -1,0734420000;
202100052501.0;3;986;98613;1;1;2.0;2.0; -13,2444940000; -176,1919580000;
202100052502.0;3;972;97224;1;1;1.0;3.0;14,6702870000; -61,0225190000;
202100052503.0;1;11;11138;1;1;1.0;6.0;43,2699679200;1,9433784400;
202100052504.0;3;84;84054;1;2;1.0;3.0;43,9258110000;5,0286070000;
202100052505.0;1;38;38449;1;2;1.0;3.0;45,6582401803;5,1011590506;
202100052506.0;2;07;07264;1;1;1.0;6.0;44,3369100000;4,6417990000;
202100052507.0;1;69;69050;2;2;1.0;3.0;45,8736842255;4,6434244057;
202100052508.0;3;85;85238;1;1;2.0;7.0;46,9586110000; -0,9214350000;
202100052509.0;1;69;69029;1;1;1.0;2.0;45,7242000000;4,8946400000;
202100052510.0;1;69;69290;1;1;1.0;5.0;45,7054000000;4,9604000000;
202100052511.0;1;95;95018;1;1;1.0;2.0;48,9558200000;2,2775300000;
202100052512.0;4;973;97302;2;9;1.0;2.0;4,9261200000; -52,3136200000;
202100052513.0;1;973;97302;2;9;2.0;3.0;4,9144200000; -52,3210300000;
202100052514.0;5;69;69387;2;2;1.0;1.0;45,7451324432;4,8466658592;
202100052515.0;5;972;97213;2;9;2.0;6.0;14,6343236030; -61,0145330431;
202100052516.0;1;69;69381;2;3;1.0;6.0;45,7659700000;4,8308600000;
202100052517.0;2;69;69384;2;1;8.0;3.0;45,7814660805;4,8392884537;
202100052518.0;1;69;69381;2;7;1.0;1.0;45,7696471011;4,8265071770;
202100052519.0;1;87;87085;2;1;1.0;6.0;45,8444900000;1,2511100000;
202100052520.0;5;87;87085;2;1;2.0;6.0;45,8227000000;1,2400300000;
202100052521.0;1;86;86194;2;3;1.0;3.0;46,5789300000;0,3789800000;
202100052522.0;1;83;83137;2;1;8.0;3.0;43,1325400000;5,9046000000;
202100052523.0;1;83;83137;2;1;1.0;6.0;43,1310600000;5,9196000000;
202100052524.0;5;80;80021;2;1;3.0;3.0;49,8926800000;2,2887500000;
202100052525.0;1;79;79191;2;3;1.0;3.0;46,3222760000; -0,4592800000;
202100052526.0;5;77;77431;1;1;3.0;6.0;48,2895470000;2,6812540000;
202100052527.0;1;76;76351;2;1;1.0;2.0;49,5002600000;0,1733500000;
202100052528.0;2;69;69290;1;1;8.0;7.0;45,7201107536;4,9232482910;
202100052529.0;5;69;69264;2;2;8.0;3.0;45,9894500000;4,7215900000;
202100052530.0;5;67;67482;2;1;8.0;6.0;48,5488500000;7,7606200000;
202100052531.0;1;67;67482;2;3;1.0;3.0;48,5875100000;7,7178500000;
202100052532.0;1;66;66136;2;6;1.0;6.0;42,6810800000;2,9106000000;
202100052533.0;5;62;62427;2;2;1.0;3.0;50,4245270000;2,9585140000;
202100052534.0;1;62;62193;2;2;1.0;3.0;50,9513700000;1,8925800000;
202100052535.0;1;62;62041;2;9;1.0;6.0;50,2925920000;2,7477280000;
202100052536.0;2;59;59512;2;1;2.0;6.0;50,6991800000;3,1690500000;
202100052537.0;1;56;56162;2;1;3.0;1.0;47,7420200000; -3,4042400000;
202100052538.0;5;54;54395;2;3;8.0;3.0;48,6924880643;6,1798384465;
202100052539.0;2;54;54395;2;1;2.0;2.0;48,7023200000;6,1854700000;
202100052540.0;1;51;51454;2;3;1.0;3.0;49,2809020640;4,0211311355;
202100052541.0;1;50;50203;2;1;1.0;7.0;49,6171200000; -1,5810300000;
202100052542.0;2;50;50129;2;1;2.0;3.0;49,6290900000; -1,6181300000;
202100052543.0;1;49;49007;2;6;2.0;7.0;47,4631600000; -0,6020700000;
202100052544.0;1;45;45302;2;6;1.0;3.0;47,9294820470;1,8915119613;
202100052545.0;1;35;35288;2;6;1.0;6.0;48,6317860000; -2,0010360000;
202100052546.0;5;35;35238;2;2;2.0;3.0;48,0947334438; -1,6902461126;
202100052547.0;2;34;34108;1;1;1.0;4.0;43,4453000000;3,7631000000;
202100052548.0;2;34;34172;2;1;1.0;2.0;43,6378300000;3,8243100000;
202100052549.0;1;31;31483;2;1;1.0;7.0;43,1070900000;0,7201100000;
202100052550.0;2;30;30007;2;1;2.0;6.0;44,1402339788;4,0886735916;
202100052551.0;3;29;29051;1;1;3.0;6.0;47,9935703759; -4,0457206964;
202100052552.0;1;19;19031;2;3;2.0;3.0;45,1523600000;1,5147000000;
202100052553.0;1;17;17306;2;2;1.0;6.0;45,6270160000; -1,0316570000;
202100052554.0;1;17;17291;1;1;1.0;3.0;46,1730300000; -1,1165800000;
202100052555.0;1;15;15014;2;1;1.0;3.0;44,9176130000;2,4361120000;
202100052556.0;5;13;13206;2;2;1.0;6.0;43,2882000000;5,3845000000;
202100052557.0;1;13;13208;2;3;1.0;3.0;43,2637200000;5,3924700000;
202100052558.0;1;13;13215;2;1;1.0;3.0;43,3332239492;5,3585494608;
202100052559.0;2;13;13207;2;3;1.0;6.0;43,2905850000;5,3559550000;
202100052560.0;1;11;11069;2;3;1.0;3.0;43,2111000000;2,3496000000;
202100052561.0;1;10;10333;2;1;3.0;2.0;48,2739300000;4,0585600000;
202100052562.0;5;06;06088;2;3;8.0;3.0;43,6941140000;7,2384510000;
202100052563.0;1;02;02805;2;1;8.0;3.0;49,3732300000;3,3439800000;
202100052564.0;1;75;75119;2;3;1.0;3.0;48,8842680000;2,3758860000;
202100052565.0;1;75;75118;2;1;1.0;6.0;48,8870830000;2,3359500000;
202100052566.0;1;75;75118;2;1;1.0;3.0;48,8987870000;2,3441720000;
202100052567.0;1;75;75117;2;3;1.0;6.0;48,8923270000;2,3171850000;
202100052568.0;1;75;75116;2;2;3.0;6.0;48,8695320000;2,2957290000;
202100052569.0;1;75;75112;2;1;1.0;6.0;48,8345720000;2,4402550000;
202100052570.0;1;75;75111;2;1;1.0;1.0;48,8680420000;2,3685610000;
202100052571.0;1;75;75110;2;3;8.0;6.0;48,8797980000;2,3655270000;
202100052572.0;1;75;75109;2;7;1.0;3.0;48,8834390000;2,3276790000;
202100052573.0;1;75;75108;2;1;1.0;2.0;48,8700630000;2,3154990000;
202100052574.0;1;75;75106;2;1;1.0;2.0;48,8489170000;2,3214990000;
202100052575.0;1;75;75107;2;3;2.0;3.0;48,8498260000;2,3232830000;
202100052576.0;5;75;75102;2;1;1.0;6.0;48,8712380000;2,3445430000;
202100052577.0;1;75;75102;2;3;1.0;6.0;48,8708510000;2,3428520000;
202100052578.0;1;75;75101;2;7;2.0;7.0;48,8601175384;2,3333448172;
202100052579.0;1;75;75104;2;2;1.0;3.0;48,8534240000;2,3671570000;