Num_Acc;lum;departement;commune;agglomeration;intersection;meteo;type_collision;lat;long;date
202100052909.0;1;75;75120;2;2;1.0;3.0;48,8467070000;2,4158800000;
202100052910.0;5;75;75116;2;4;2.0;6.0;48,8772503985;2,2704997845;
202100052911.0;5;75;75115;2;2;1.0;3.0;48,8380670000;2,2946120000;
202100052912.0;5;75;75115;2;2;2.0;6.0;48,8353970000;2,3117960000;
202100052913.0;2;75;75115;2;3;2.0;7.0;48,8411690000;2,2918120000;
202100052914.0;5;75;75111;2;4;1.0;3.0;48,8573280000;2,3808190000;
202100052915.0;1;75;75111;2;3;1.0;3.0;48,8606600000;2,3783450000;
202100052916.0;2;75;75110;2;4;8.0;6.0;48,8696074962;2,3530065561;
202100052917.0;1;75;75110;2;3;1.0;6.0;48,8690588725;2,3554322912;
202100052918.0;1;94;94068;2;3;1.0;3.0;48,8086960000;2,4795970000;
202100052919.0;1;94;94041;2;3;2.0;7.0;48,8122000000;2,3917000000;
202100052920.0;5;94;94019;2;6;2.0;3.0;48,7938200000;2,5587600000;
202100052921.0;5;93;93062;2;2;1.0;3.0;48,8890100000;2,5150200000;
202100052922.0;5;93;93045;2;1;2.0;6.0;48,8781700000;2,4273200000;
202100052923.0;1;93;93013;2;1;2.0;1.0;48,9407716691;2,4234849215;
202100052924.0;1;93;93007;2;3;2.0;6.0;48,9365612680;2,4651352841;
202100052925.0;1;92;92044;2;2;8.0;3.0;48,8954986832;2,2968989611;
202100052926.0;5;92;92012;2;1;1.0;3.0;48,8298300000;2,2315600000;
202100052927.0;1;50;50281;1;1;1.0;1.0;48,7754060000; -1,4295420000;
202100052928.0;1;49;49063;2;1;1.0;1.0;47,3491790000; -0,7475530000;
202100052929.0;1;12;12263;1;1;1.0;1.0;44,3504570000;1,9729100000;
202100052930.0;3;01;01105;1;1;3.0;7.0;45,9343190000;4,9173260000;
202100052931.0;3;41;41045;1;1;1.0;6.0;47,4829890000;1,1959650000;
202100052932.0;3;26;26169;1;1;2.0;2.0;44,4864640000;4,7670580000;
202100052933.0;3;01;01354;1;1;2.0;4.0;46,2446386768;6,0385542967;
202100052934.0;1;74;74105;2;5;2.0;1.0;46,3056460000;6,3010830000;
202100052935.0;1;31;31157;2;6;1.0;3.0;43,5356340000;1,3490010000;
202100052936.0;3;19;19171;1;1;3.0;7.0;45,0286341000;1,8902120000;
202100052937.0;1;79;79202;2;1;2.0;7.0;46,6446711000; -0,2490620000;
202100052938.0;1;11;11431;1;1;1.0;6.0;42,9597831348;2,7651100002;
202100052939.0;3;86;86293;1;1;3.0;6.0;46,4548480000;0,2664940000;
202100052940.0;2;44;44054;1;1;1.0;4.0;47,6860190000; -1,2907220000;
202100052941.0;2;60;60581;2;1;1.0;1.0;49,5059310000;2,4317390000;
202100052942.0;3;16;16287;1;1;1.0;6.0;45,5667680000;0,0197410000;
202100052943.0;3;988;98805;1;1;1.0;6.0; -22,2241380000;166,4686630000;
202100052944.0;1;33;33284;1;1;1.0;2.0;44,6053980000; -0,8491190000;
202100052945.0;1;69;69263;1;3;2.0;3.0;45,8043541003;4,4261369705;
202100052946.0;1;22;22389;1;1;1.0;3.0;48,4806520000; -2,6772740000;
202100052947.0;2;38;38377;1;1;3.0;4.0;45,5635760000;5,4954330000;
202100052948.0;3;76;76484;1;1;1.0;2.0;49,3401230000;1,0685170000;
202100052949.0;1;987;98753;2;1;1.0;2.0; -23,3717310000; -149,4813160000;
202100052950.0;1;974;97403;1;1;1.0;1.0; -21,2604010000;55,4652180000;
202100052951.0;1;91;91156;1;1;2.0;6.0;48,5380910000;2,2859720000;
202100052952.0;1;34;34027;1;1;1.0;6.0;43,7325770000;4,0089370000;
202100052953.0;1;04;04120;1;1;1.0;7.0;44,4658670000;6,8184330000;
202100052954.0;1;68;68021;1;1;2.0;1.0;47,6235350000;7,4874190000;
202100052955.0;2;38;38468;2;1;1.0;6.0;45,3362550000;4,8050540000;
202100052956.0;5;38;38247;2;1;2.0;3.0;45,8093100000;5,4025050000;
202100052957.0;1;38;38001;1;1;2.0;1.0;45,5301320000;5,5565290000;
202100052958.0;1;26;26317;1;1;1.0;6.0;44,2871790000;4,9891230000;
202100052959.0;1;33;33366;1;1;1.0;3.0;45,0006740000; -0,4291890000;
202100052960.0;3;69;69290;1;1;2.0;2.0;45,6926798037;4,9683762789;
202100052961.0;5;69;69199;1;1;8.0;3.0;45,7003379997;4,8456289773;
202100052962.0;1;59;59501;1;1;2.0;2.0;50,3741480000;3,2454340000;
202100052963.0;1;78;78498;1;1;1.0;3.0;48,9161010000;2,0056320000;
202100052964.0;1;95;95582;1;1;1.0;7.0;48,9641600000;2,2685500000;
202100052965.0;1;988;98818;2;3;1.0;1.0; -22,2511600000;166,4687100000;
202100052966.0;1;973;97302;2;2;1.0;5.0;4,9243272354; -52,3240613937;
202100052967.0;5;69;69388;2;3;1.0;7.0;45,7369100000;4,8547300000;
202100052968.0;1;69;69387;2;3;2.0;2.0;45,7300447432;4,8238770318;
202100052969.0;1;69;69029;2;1;1.0;3.0;45,7505605458;4,9099726557;
202100052970.0;1;62;62178;2;9;2.0;3.0;50,4751349100;2,5384012600;
202100052971.0;2;62;62160;2;4;1.0;6.0;50,7396890000;1,6158450000;
202100052972.0;1;45;45004;2;1;2.0;2.0;48,0018980000;2,7757590000;
202100052973.0;1;44;44109;2;1;8.0;6.0;47,2085200000; -1,6112000000;
202100052974.0;1;34;34032;1;1;1.0;1.0;43,3832100000;3,2268700000;
202100052975.0;5;33;33039;2;2;1.0;1.0;44,7969400000; -0,5559200000;
202100052976.0;1;33;33063;2;9;2.0;6.0;44,8572150000; -0,6357500000;
202100052977.0;5;33;33529;2;6;2.0;6.0;44,6330600000; -1,1448800000;
202100052978.0;1;29;29019;2;3;1.0;3.0;48,3791759299; -4,5305454371;
202100052979.0;2;13;13207;2;2;1.0;6.0;43,2892800000;5,3631000000;
202100052980.0;1;13;13211;2;1;1.0;1.0;43,2916327761;5,4606252689;
202100052981.0;1;11;11262;2;3;2.0;3.0;43,1853600000;2,9741900000;
202100052982.0;1;09;09122;1;1;8.0;5.0;42,9561200000;1,6239220000;
202100052983.0;1;06;06069;2;1;1.0;2.0;43,6526900000;6,9147300000;
202100052984.0;5;75;75119;2;1;2.0;6.0;48,8953460000;2,3941180000;
202100052985.0;1;75;75117;2;1;8.0;6.0;48,8827130000;2,3198480000;
202100052986.0;5;75;75116;2;2;3.0;2.0;48,8729650000;2,2931410000;
202100052987.0;1;75;75114;2;7;2.0;2.0;48,8221240000;2,3251250000;
202100052988.0;5;75;75111;2;2;2.0;3.0;48,8580190000;2,3716280000;
202100052989.0;1;75;75108;2;3;2.0;6.0;48,8819780000;2,3244780000;
202100052990.0;2;75;75107;2;2;2.0;7.0;48,8469440000;2,3168710000;
202100052991.0;1;75;75103;2;3;2.0;6.0;48,8649840000;2,3582620000;
202100052992.0;1;94;94022;2;3;2.0;6.0;48,7673000000;2,4162000000;
202100052993.0;5;93;93066;2;3;3.0;3.0;48,9258100000;2,3420300000;
202100052994.0;5;93;93066;2;2;3.0;6.0;48,9478439097;2,3572523053;
202100052995.0;1;93;93064;2;1;2.0;3.0;48,8851180754;2,4808707518;
202100052996.0;3;93;93001;2;6;2.0;1.0;48,9183942292;2,3932811396;
202100052997.0;1;92;92048;2;1;2.0;3.0;48,8197307183;2,2292542972;
202100052998.0;1;47;47152;1;1;2.0;1.0;44,5955780000;0,6148480000;
202100052999.0;1;69;69277;2;6;2.0;6.0;45,7217580000;4,9824380000;
202100053000.0;3;63;63143;1;1;1.0;6.0;46,0606280000;3,2888930000;
202100053001.0;1;74;74179;1;3;1.0;3.0;45,9928190000;6,0133890000;
202100053002.0;1;974;97410;1;1;1.0;5.0; -21,1202930000;55,7470320000;
202100053003.0;2;56;56254;1;1;2.0;6.0;47,8018130000; -2,5951870000;
202100053004.0;1;56;56206;1;1;2.0;6.0;47,6977180000; -2,7665380000;
202100053005.0;1;32;32047;1;1;2.0;3.0;44,0139370000;0,5320000000;
202100053006.0;1;61;61181;2;1;1.0;6.0;48,7851310000;0,3020750000;
202100053007.0;2;61;61294;1;1;2.0;2.0;48,6333970000;0,1041550000;
202100053008.0;1;25;25320;1;1;3.0;1.0;46,8018220000;6,2660050000;
202100053009.0;3;84;84020;1;1;1.0;7.0;43,8643070000;5,3006780000;
202100053010.0;2;17;17357;1;2;1.0;3.0;45,3948040000; -0,2934980000;
202100053011.0;1;87;87092;1;1;3.0;7.0;45,6738630000;0,8096840000;
202100053012.0;1;18;18279;1;1;2.0;6.0;47,2455650000;2,0670660000;
202100053013.0;5;06;06152;1;1;9.0;1.0;43,6229280000;7,0168720000;
202100053014.0;1;78;78522;1;3;8.0;7.0;48,5776150000;1,9656350000;
202100053015.0;1;66;66115;2;3;1.0;6.0;42,5211940000;2,8787560000;
202100053016.0;1;38;38341;1;1;1.0;1.0;45,5920717709;5,4096174653;
202100053017.0;1;01;01027;1;3;1.0;4.0;45,8330450000;5,1152730000;
202100053018.0;1;69;69243;2;3;1.0;3.0;45,8949070000;4,4377260000;
202100053019.0;1;69;69050;1;1;1.0;6.0;45,8581460000;4,6557890000;
202100053020.0;1;31;31395;2;6;2.0;6.0;43,4633390000;1,3252150000;
202100053021.0;2;87;87062;1;1;3.0;6.0;45,7835640000;1,4783880000;
202100053022.0;1;33;33256;2;1;1.0;6.0;44,9741650000; -0,6080680000;
202100053023.0;3;29;29280;1;3;3.0;6.0;48,2509980000; -4,3654350000;
202100053024.0;1;22;22176;1;2;1.0;3.0;48,4499950000; -2,7000830000;
202100053025.0;3;60;60409;1;1;2.0;1.0;49,2868150000;2,4690060000;
202100053026.0;1;13;13071;1;1;2.0;2.0;43,4148309335;5,3648565710;
202100053027.0;3;13;13071;1;1;1.0;2.0;43,4056000000;5,3209800000;
202100053028.0;2;13;13211;1;1;1.0;2.0;43,2924400000;5,4785300000;
202100053029.0;1;13;13215;1;1;1.0;7.0;43,3757400000;5,3601800000;
202100053030.0;5;69;69256;1;1;1.0;2.0;45,7894452278;4,8854945036;
202100053031.0;3;69;69277;1;1;1.0;6.0;45,7391034788;4,9850356579;
202100053032.0;2;69;69199;2;1;8.0;5.0;45,7065100000;4,8439400000;
202100053033.0;3;91;91549;1;1;2.0;2.0;48,6258100000;2,3384300000;
202100053034.0;3;91;91136;1;9;1.0;6.0;48,7108000000;2,2886000000;
202100053035.0;3;95;95582;1;1;2.0;2.0;48,9664930000;2,2562590000;
202100053036.0;2;93;93027;1;1;2.0;6.0;48,9369800000;2,4103500000;
202100053037.0;1;77;77373;1;1;2.0;2.0;48,7719082684;2,6117344336;
202100053038.0;1;77;77058;1;1;1.0;2.0;48,8288028375;2,7341561827;
202100053039.0;1;77;77169;1;1;1.0;7.0;48,8246280256;2,6155684865;
202100053040.0;3;94;94046;1;1;3.0;6.0;48,8104500000;2,4489100000;
202100053041.0;5;988;98818;2;3;1.0;2.0; -22,2704400000;166,4639200000;
202100053042.0;1;974;97411;2;3;1.0;3.0; -20,8727040000;55,4486360000;
202100053043.0;1;69;69383;2;1;2.0;2.0;45,7568451207;4,8500080576;
202100053044.0;2;972;97213;1;1;1.0;2.0;14,6180900000; -61,0280400000;
202100053045.0;1;972;97209;2;1;1.0;1.0;14,6205300000; -61,0560900000;
202100053046.0;5;971;97107;2;4;1.0;3.0;16,0518100000; -61,5627900000;
202100053047.0;1;83;83069;2;2;8.0;2.0;43,1135900000;6,1285500000;
202100053048.0;5;76;76540;2;1;3.0;6.0;49,4453000000;1,0731700000;
202100053049.0;3;71;71499;2;1;3.0;7.0;46,6647825548;4,3047534550;
202100053050.0;5;59;59512;2;2;2.0;6.0;50,6814600000;3,1679100000;
202100053051.0;1;59;59350;2;2;3.0;6.0;50,6389400000;3,0621200000;
202100053052.0;5;54;54395;2;2;2.0;1.0;48,6793200000;6,1742600000;
202100053053.0;1;50;50218;2;1;1.0;2.0;48,8379950000; -1,5863500000;
202100053054.0;5;35;35238;2;5;3.0;1.0;48,1056200000; -1,6659600000;
202100053055.0;1;34;34172;2;6;8.0;3.0;43,5961400000;3,8365800000;
202100053056.0;1;33;33063;2;3;1.0;3.0;44,8218500000; -0,6069500000;
202100053057.0;1;33;33162;2;2;2.0;2.0;44,8802660000; -0,6279200000;
202100053058.0;1;29;29232;1;1;2.0;6.0;48,0131700000; -4,1286000000;
202100053059.0;1;29;29232;1;1;8.0;6.0;47,9888000000; -4,0287100000;
202100053060.0;1;29;29232;1;1;2.0;6.0;47,9747071603; -4,0917178988;
202100053061.0;1;29;29019;2;4;1.0;3.0;48,4038095330; -4,4866716738;
202100053062.0;1;29;29019;2;6;1.0;3.0;48,4003432000; -4,4691575000;
202100053063.0;5;26;26198;2;3;2.0;5.0;44,5520520000;4,7661370000;
202100053064.0;1;26;26198;2;1;1.0;3.0;44,5422500000;4,7535900000;
202100053065.0;1;15;15014;1;1;3.0;6.0;44,9309580000;2,4261460000;
202100053066.0;1;13;13203;2;1;2.0;6.0;43,3158270000;5,3732230000;
202100053067.0;1;13;13207;2;1;1.0;5.0;43,2764190000;5,3582130000;
202100053068.0;1;13;13005;2;1;1.0;6.0;43,2819100000;5,5472700000;
202100053069.0;1;13;13005;2;1;1.0;6.0;43,2948500000;5,5711700000;
202100053070.0;5;13;13001;2;9;1.0;3.0;43,5243750000;5,4315350000;
202100053071.0;1;11;11262;2;1;2.0;6.0;43,1862100000;2,9730400000;
202100053072.0;2;07;07102;2;1;1.0;3.0;44,9400900000;4,8645300000;
202100053073.0;1;04;04112;2;1;1.0;3.0;43,8331500000;5,7857900000;
202100053074.0;1;75;75120;2;1;1.0;7.0;48,8660490000;2,4132040000;
202100053075.0;1;75;75116;2;1;2.0;7.0;48,8349280000;2,2627090000;
202100053076.0;5;75;75116;2;1;1.0;3.0;48,8449465293;2,2548204660;
202100053077.0;1;75;75118;2;2;2.0;6.0;48,8977970000;2,3374350000;
202100053078.0;1;75;75117;2;4;2.0;3.0;48,8922890000;2,3010190000;
202100053079.0;1;75;75116;2;2;1.0;6.0;48,8464840000;2,2706300000;
202100053080.0;1;75;75115;2;1;2.0;3.0;48,8406660000;2,2963690000;
202100053081.0;1;75;75115;2;1;2.0;6.0;48,8414230000;2,2986240000;
202100053082.0;1;75;75115;2;2;1.0;6.0;48,8382360000;2,3083550000;
202100053083.0;5;75;75113;2;3;1.0;6.0;48,8382760000;2,3420640000;
202100053084.0;5;75;75112;2;3;2.0;3.0;48,8399420000;2,4321250000;
202100053085.0;1;75;75112;2;7;2.0;3.0;48,8353730000;2,4065590000;
202100053086.0;1;75;75107;2;2;1.0;6.0;48,8516970000;2,3190390000;
202100053087.0;5;94;94052;2;3;1.0;2.0;48,8362600000;2,4940860000;
202100053088.0;1;94;94052;2;2;1.0;3.0;48,8363200000;2,4778420000;
202100053089.0;1;94;94076;2;1;2.0;1.0;48,7894677110;2,3686215877;
202100053090.0;1;94;94016;2;1;8.0;7.0;48,7919200000;2,3369300000;
202100053091.0;1;94;94034;2;9;1.0;6.0;48,7577000000;2,3294500000;
202100053092.0;1;94;94073;2;1;1.0;6.0;48,7556900000;2,3688600000;
202100053093.0;5;94;94022;2;1;1.0;4.0;48,7641600000;2,4053700000;
202100053094.0;1;94;94022;2;1;2.0;6.0;48,7520200000;2,4059700000;
202100053095.0;5;94;94017;2;1;2.0;6.0;48,8144100000;2,5083000000;
202100053096.0;3;94;94075;1;1;1.0;7.0;48,7343400000;2,5204600000;
202100053097.0;2;93;93071;2;6;3.0;3.0;48,9485232302;2,5308821419;
202100053098.0;1;93;93049;2;9;2.0;6.0;48,8666785697;2,5096410513;
202100053099.0;1;93;93027;2;1;8.0;1.0;48,9224700000;2,3813100000;
202100053100.0;1;92;92023;2;4;1.0;3.0;48,8077172479;2,2514650226;
202100053101.0;5;92;92004;2;2;1.0;3.0;48,9110139888;2,2988945246;
202100053102.0;5;92;92004;2;3;2.0;7.0;48,9312330732;2,2783273458;
202100053103.0;1;63;63345;1;1;1.0;7.0;45,7063663266;3,0332496223;
202100053104.0;2;38;38114;2;1;2.0;1.0;45,4157780000;4,7881720000;
202100053105.0;3;972;97222;1;1;1.0;1.0;14,6843340000; -60,9401320000;
202100053106.0;3;26;26005;1;1;5.0;1.0;44,5141040000;4,7798250000;
202100053107.0;1;974;97414;2;1;1.0;6.0; -21,2803820000;55,4270930000;
202100053108.0;1;974;97414;1;1;1.0;5.0; -21,2543955460;55,4593062401;
202100053109.0;1;57;57315;1;1;2.0;7.0;48,7417290000;7,2072460000;
202100053110.0;1;80;80350;1;2;2.0;3.0;49,9834878980;2,4930100702;
202100053111.0;3;11;11262;1;1;1.0;1.0;43,1722280000;3,0676320000;
202100053112.0;3;71;71038;1;1;1.0;7.0;46,7564160000;4,3580960000;
202100053113.0;3;55;55108;1;1;2.0;6.0;48,9229610000;5,2634390000;
202100053114.0;1;49;49086;1;1;1.0;3.0;47,2319110000; -0,4835490000;
202100053115.0;1;34;34126;1;1;1.0;6.0;43,5881930000;3,0966420000;
202100053116.0;2;38;38074;1;1;5.0;5.0;45,2365500000;5,4442730000;
202100053117.0;5;18;18145;2;1;2.0;6.0;47,2281220000;2,4863650000;
202100053118.0;2;27;27311;1;1;2.0;6.0;49,1508050000;0,7661300000;
202100053119.0;1;28;28172;1;1;4.0;7.0;48,5741080000;1,6713810000;
202100053120.0;1;973;97302;1;1;1.0;1.0;4,8965391177; -52,3287219980;
202100053121.0;5;978;97801;1;1;1.0;3.0;18,0713800000; -63,0335480000;
202100053122.0;1;51;51321;1;1;2.0;7.0;49,2082092200;3,7774929237;
202100053123.0;1;33;33005;2;1;1.0;7.0;44,7493890000; -1,0760380000;
202100053124.0;1;987;98758;2;1;1.0;3.0; -16,7274390000; -151,4755600000;
202100053125.0;3;988;98820;2;1;1.0;6.0; -20,6535070000;166,5360190000;
202100053126.0;1;66;66114;1;1;1.0;6.0;42,6064210000;2,9172780000;
202100053127.0;1;11;11178;2;3;1.0;6.0;43,3489468205;1,8451023104;
202100053128.0;1;57;57433;2;1;2.0;6.0;49,2044490000;6,1604900000;
202100053129.0;5;73;73131;2;1;2.0;6.0;45,4988870000;6,5427530000;
202100053130.0;3;38;38529;1;1;4.0;6.0;45,0971700000;5,8683900000;
202100053131.0;1;79;79049;1;1;8.0;6.0;46,8101350000; -0,4657820000;
202100053132.0;1;61;61234;2;6;8.0;7.0;48,4575230000;0,0361030000;
202100053133.0;1;61;61467;1;1;1.0;7.0;48,4715270000;0,1353970000;
202100053134.0;2;14;14609;1;1;2.0;3.0;49,2526940000; -0,7267710000;
202100053135.0;3;27;27072;1;2;3.0;1.0;49,0940720000;1,5506280000;
202100053136.0;5;60;60089;2;1;3.0;6.0;49,2053222121;1,8639197628;
202100053137.0;5;59;59012;2;3;2.0;6.0;49,9919120000;4,1002290000;
202100053138.0;5;59;59659;2;1;1.0;6.0;50,0172720000;4,0198030000;
202100053139.0;2;13;13081;1;1;3.0;4.0;43,4925600000;5,2401000000;
202100053140.0;3;38;38087;1;1;1.0;2.0;45,5853900000;4,7999500000;
202100053141.0;1;91;91377;1;1;1.0;4.0;48,7237100000;2,2985200000;
202100053142.0;3;91;91589;1;1;3.0;7.0;48,6805100000;2,3316900000;
202100053143.0;1;92;92050;1;1;2.0;7.0;48,9003097159;2,2081911514;
202100053144.0;1;92;92012;2;1;2.0;6.0;48,8485300000;2,2286200000;
202100053145.0;3;78;78007;1;1;2.0;3.0;48,8947990000;2,0075650000;
202100053146.0;3;78;78498;1;1;2.0;4.0;48,9111800000;2,0054890000;
202100053147.0;1;95;95241;1;1;1.0;7.0;49,0468501113;2,4367126390;
202100053148.0;3;93;93013;1;1;3.0;5.0;48,9403100000;2,4227800000;
202100053149.0;3;92;92036;1;1;1.0;4.0;48,9328600000;2,3213900000;
202100053150.0;3;92;92078;1;1;1.0;2.0;48,9281997009;2,3314316539;
202100053151.0;1;988;98818;2;1;2.0;4.0; -22,2337400000;166,4576600000;
202100053152.0;1;987;98735;2;1;1.0;3.0; -17,5275300000; -149,5585700000;
202100053153.0;1;974;97416;1;9;1.0;6.0; -21,3031700000;55,4289000000;
202100053154.0;1;974;97407;1;1;1.0;4.0; -20,9365670000;55,3074520000;
202100053155.0;5;69;69386;1;2;1.0;3.0;45,7706800000;4,8562600000;
202100053156.0;2;69;69388;2;2;1.0;3.0;45,7434173256;4,8653462778;
202100053157.0;1;69;69259;2;2;1.0;6.0;45,6990100000;4,8702900000;
202100053158.0;1;69;69383;2;2;1.0;5.0;45,7550025969;4,8467689422;
202100053159.0;1;69;69386;2;2;2.0;3.0;45,7688100000;4,8582300000;
202100053160.0;2;69;69259;2;2;2.0;2.0;45,6921661447;4,8785806898;
202100053161.0;1;69;69388;2;1;2.0;7.0;45,7361400000;4,8624300000;
202100053162.0;1;972;97209;1;3;1.0;3.0;14,6207000000; -61,0780900000;
202100053163.0;1;972;97209;2;1;1.0;3.0;14,6323500000; -61,0541100000;
202100053164.0;5;69;69382;2;1;1.0;3.0;45,7577000000;4,8350200000;
202100053165.0;1;69;69389;2;2;1.0;3.0;45,7797600000;4,8057400000;
202100053166.0;5;971;97107;2;3;1.0;1.0;16,0325500000; -61,5695400000;
202100053167.0;1;91;91421;2;1;2.0;3.0;48,6989410000;2,4696600000;
202100053168.0;1;91;91687;2;3;1.0;5.0;48,6804510000;2,3771930000;
202100053169.0;1;87;87085;2;2;2.0;7.0;45,8037200000;1,2777900000;
202100053170.0;3;87;87065;1;1;2.0;6.0;45,7986808365;1,2963045669;
202100053171.0;1;87;87085;2;1;2.0;3.0;45,8691800000;1,2635400000;
202100053172.0;1;83;83129;2;3;1.0;3.0;43,1112970000;5,8267910000;
202100053173.0;5;83;83034;2;1;1.0;2.0;43,0849664566;6,1081310594;
202100053174.0;1;83;83069;2;2;1.0;6.0;43,1175800000;6,1285700000;
202100053175.0;5;80;80021;2;2;2.0;1.0;49,8968500000;2,2827900000;
202100053176.0;1;78;78646;2;1;1.0;6.0;48,8014700000;2,1477800000;
202100053177.0;5;78;78440;2;1;2.0;2.0;48,9771300000;1,9146920000;
202100053178.0;2;78;78015;2;3;2.0;3.0;48,9646830000;2,0444210000;
202100053179.0;1;77;77279;1;1;1.0;7.0;48,3843900000;3,0192900000;
202100053180.0;1;76;76540;2;1;1.0;6.0;49,4348634313;1,1254390882;
202100053181.0;1;76;76575;2;1;1.0;6.0;49,3887500000;1,0805100000;
202100053182.0;5;76;76540;2;1;1.0;6.0;49,4471300000;1,0940100000;
202100053183.0;5;76;76540;2;2;1.0;3.0;49,4318500000;1,0741000000;
202100053184.0;1;71;71040;1;1;1.0;2.0;46,6982700000;4,3869000000;
202100053185.0;2;71;71270;2;3;2.0;3.0;46,3022500000;4,8259000000;
202100053186.0;5;69;69271;1;2;8.0;3.0;45,7433100000;4,9371700000;
202100053187.0;1;67;67218;1;1;8.0;7.0;48,5204700000;7,7289000000;
202100053188.0;1;67;67482;2;8;8.0;6.0;48,5628400000;7,7526310000;
202100053189.0;1;67;67482;2;1;8.0;3.0;48,5606900000;7,7381300000;
202100053190.0;1;64;64335;2;1;2.0;6.0;43,3303000000; -0,4230600000;
202100053191.0;1;63;63113;2;2;1.0;3.0;45,7687800000;3,0780900000;
202100053192.0;5;63;63113;2;4;2.0;3.0;45,7696204475;3,1118608340;
202100053193.0;5;62;62624;2;1;1.0;3.0;50,4145100000;2,9845200000;
202100053194.0;2;59;59507;2;1;1.0;6.0;50,6027290000;3,0897230000;
202100053195.0;1;59;59350;2;3;1.0;3.0;50,6291405076;3,1026238521;
202100053196.0;5;57;57672;2;1;1.0;3.0;49,3533400000;6,1748800000;
202100053197.0;1;56;56260;2;1;1.0;2.0;47,6728600000; -2,7579900000;
202100053198.0;1;56;56121;2;3;8.0;2.0;47,7590900000; -3,3791900000;
202100053199.0;5;51;51454;2;1;3.0;7.0;49,2659117292;4,0253188741;
202100053200.0;1;51;51230;2;1;1.0;6.0;49,0561924624;3,9483842039;
202100053201.0;1;49;49099;2;2;1.0;6.0;47,0587800000; -0,8661300000;
202100053202.0;1;49;49007;2;1;1.0;7.0;47,5135100000; -0,5694000000;
202100053203.0;1;47;47215;2;3;8.0;1.0;44,3916500000;0,6869430000;
202100053204.0;1;40;40192;2;6;2.0;3.0;43,8849700000; -0,4787100000;
202100053205.0;1;38;38185;2;2;3.0;3.0;45,1617500000;5,7157700000;
202100053206.0;5;37;37261;2;2;1.0;2.0;47,3949525043;0,6844305395;
202100053207.0;1;37;37122;2;3;1.0;3.0;47,3551577518;0,6669511199;
202100053208.0;5;35;35281;2;1;1.0;3.0;48,0888800000; -1,6936600000;
202100053209.0;1;35;35238;1;1;1.0;6.0;48,0991300000; -1,7141900000;
202100053210.0;1;35;35051;1;1;1.0;3.0;48,1401500000; -1,6299000000;
202100053211.0;1;34;34032;2;1;1.0;6.0;43,3428600000;3,2230000000;
202100053212.0;1;33;33063;2;2;1.0;3.0;44,8520800000; -0,5571000000;
202100053213.0;5;33;33529;2;1;2.0;7.0;44,6099620870; -1,1487133816;
202100053214.0;2;31;31555;2;1;1.0;6.0;43,5746535119;1,4050242305;
202100053215.0;1;31;31555;2;1;2.0;3.0;43,5988600000;1,4365300000;
202100053216.0;5;30;30189;2;3;1.0;3.0;43,8404895155;4,3603384495;
202100053217.0;1;30;30007;2;9;1.0;6.0;44,1337900000;4,0783900000;
202100053218.0;1;28;28085;2;6;2.0;3.0;48,4474600000;1,4767900000;
202100053219.0;2;21;21231;2;3;2.0;1.0;47,3138400000;5,0081500000;
202100053220.0;1;17;17300;2;2;2.0;3.0;46,1612100000; -1,1672800000;
202100053221.0;1;14;14137;1;3;2.0;1.0;49,1871000000; -0,4257000000;
202100053222.0;1;14;14118;2;1;1.0;6.0;49,1895900000; -0,3903800000;
202100053223.0;1;14;14118;2;6;1.0;3.0;49,1717800000; -0,3846800000;
202100053224.0;1;14;14118;2;1;2.0;3.0;49,1657400000; -0,3504400000;
202100053225.0;5;14;14118;2;1;3.0;6.0;49,1845000000; -0,3410000000;
202100053226.0;5;13;13211;2;1;1.0;3.0;43,2862700000;5,4716600000;
202100053227.0;5;13;13215;2;9;1.0;6.0;43,3423277196;5,3709670109;
202100053228.0;1;13;13211;2;1;1.0;4.0;43,2878076014;5,4805219205;
202100053229.0;1;13;13204;2;3;1.0;3.0;43,3089760000;5,3914930000;
202100053230.0;1;11;11262;2;1;1.0;2.0;43,1952330000;2,9961390000;
202100053231.0;1;11;11262;2;1;1.0;2.0;43,1945300000;3,0103200000;
202100053232.0;5;10;10081;2;1;8.0;5.0;48,3217700000;4,0339100000;
202100053233.0;5;06;06088;2;2;1.0;3.0;43,7107180000;7,2548980000;
202100053234.0;1;06;06104;2;1;1.0;6.0;43,7672780000;7,4799600000;
202100053235.0;1;06;06123;2;1;1.0;4.0;43,6749070000;7,1926210000;