Num_Acc;lum;departement;commune;agglomeration;intersection;meteo;type_collision;lat;long;date
202100053236.0;1;06;06123;2;1;1.0;7.0;43,6917900000;7,1791900000;
202100053237.0;1;75;75119;2;1;2.0;4.0;48,9002830000;2,3833670000;
202100053238.0;5;75;75105;2;4;1.0;2.0;48,8469050000;2,3406030000;
202100053239.0;1;75;75119;2;2;2.0;3.0;48,8819910000;2,4025260000;
202100053240.0;5;75;75119;2;7;2.0;3.0;48,9008426582;2,3889591881;
202100053241.0;1;75;75118;2;1;8.0;3.0;48,8851180000;2,3302820000;
202100053242.0;5;75;75118;2;1;2.0;6.0;48,8946851722;2,3594373465;
202100053243.0;1;75;75117;2;1;1.0;3.0;48,8765350000;2,2888010000;
202100053244.0;1;75;75117;2;2;1.0;3.0;48,8751270000;2,2960210000;
202100053245.0;1;75;75117;2;2;1.0;3.0;48,8783070000;2,2957120000;
202100053246.0;5;75;75114;2;4;1.0;6.0;48,8405890000;2,3301390000;
202100053247.0;1;75;75113;2;1;8.0;3.0;48,8299190000;2,3541990000;
202100053248.0;1;75;75110;2;2;2.0;7.0;48,8842660000;2,3646400000;
202100053249.0;5;75;75110;2;5;2.0;6.0;48,8785352863;2,3540523732;
202100053250.0;1;75;75110;2;1;2.0;6.0;48,8726810000;2,3593280000;
202100053251.0;1;75;75107;2;2;2.0;3.0;48,8625825338;2,3190491784;
202100053252.0;1;75;75107;2;4;1.0;6.0;48,8518690000;2,3286620000;
202100053253.0;1;75;75104;2;2;1.0;5.0;48,8534400000;2,3578930000;
202100053254.0;1;94;94081;2;1;1.0;6.0;48,7900000000;2,3800000000;
202100053255.0;1;94;94067;2;3;2.0;6.0;48,8454700000;2,4175100000;
202100053256.0;5;94;94068;2;1;2.0;6.0;48,7884190000;2,4952720000;
202100053257.0;1;94;94043;2;2;2.0;3.0;48,8145600000;2,3607900000;
202100053258.0;1;94;94003;2;9;1.0;6.0;48,8069900000;2,3359800000;
202100053259.0;1;94;94073;2;1;2.0;6.0;48,7625000000;2,3925000000;
202100053260.0;1;94;94028;2;1;8.0;6.0;48,7683200000;2,4650200000;
202100053261.0;1;94;94077;2;1;2.0;7.0;48,7320160000;2,4295970000;
202100053262.0;1;94;94022;2;2;2.0;3.0;48,7662400000;2,4045100000;
202100053263.0;1;93;93078;2;3;2.0;6.0;48,9591900000;2,5436900000;
202100053264.0;1;93;93066;2;1;1.0;2.0;48,9214687638;2,3658833206;
202100053265.0;1;93;93051;2;1;1.0;6.0;48,8380341594;2,5723013719;
202100053266.0;1;93;93050;2;4;2.0;3.0;48,8715000000;2,5345100000;
202100053267.0;1;93;93050;2;2;2.0;6.0;48,8733466122;2,5296996544;
202100053268.0;5;93;93006;2;3;2.0;3.0;48,8688916169;2,4247543692;
202100053269.0;1;93;93032;2;1;1.0;6.0;48,8835405792;2,5294874690;
202100053270.0;2;93;93031;2;1;1.0;6.0;48,9534227294;2,3272609968;
202100053271.0;1;92;92022;2;1;1.0;3.0;48,8052303043;2,1829875559;
202100053272.0;5;92;92025;2;3;2.0;3.0;48,9300171985;2,2677299380;
202100053273.0;5;92;92012;2;1;1.0;3.0;48,8324637864;2,2510545679;
202100053274.0;1;92;92004;2;3;8.0;6.0;48,9060600000;2,2865600000;
202100053275.0;1;92;92002;2;3;8.0;3.0;48,7438797859;2,2841907755;
202100053276.0;1;80;80016;2;1;2.0;6.0;50,0010980000;2,6492230000;
202100053277.0;1;33;33327;2;6;3.0;3.0;44,6568940000; -0,3663900000;
202100053278.0;1;49;49381;1;1;1.0;1.0;47,0623610000; -0,7250980000;
202100053279.0;2;37;37226;1;1;2.0;5.0;47,1096228884;0,5925364496;
202100053280.0;1;83;83140;1;1;2.0;6.0;43,4157460000;5,9287170000;
202100053281.0;5;2B;2B346;1;1;1.0;6.0;42,5071760000;9,4610200000;
202100053282.0;1;65;65125;1;1;8.0;1.0;43,1302270000;0,3686430000;
202100053283.0;1;11;11145;1;1;1.0;7.0;43,2353350000;3,1729620000;
202100053284.0;3;44;44130;2;1;3.0;1.0;47,1089900000; -1,5450850000;
202100053285.0;3;60;60180;1;1;2.0;6.0;49,5430103189;1,9396662711;
202100053286.0;3;45;45113;2;1;2.0;6.0;48,0494840578;2,9361396432;
202100053287.0;1;64;64010;1;3;3.0;3.0;43,3331440000; -1,0153800000;
202100053288.0;1;27;27467;2;2;2.0;3.0;49,3487870000;0,5248480000;
202100053289.0;1;01;01228;1;1;2.0;6.0;46,1349730000;5,5239130000;
202100053290.0;1;06;06149;1;1;1.0;5.0;43,7441690000;7,3713650000;
202100053291.0;1;55;55567;1;1;2.0;7.0;49,0886512552;5,1845169069;
202100053292.0;3;988;98821;1;1;1.0;1.0; -22,0683060000;166,2760160000;
202100053293.0;1;37;37072;2;3;1.0;3.0;47,1633144124;0,2511506304;
202100053294.0;3;91;91338;1;1;2.0;3.0;48,6343410000;2,0639280000;
202100053295.0;1;67;67300;2;1;2.0;6.0;48,5454120000;7,4915470000;
202100053296.0;1;54;54023;1;1;8.0;7.0;48,7428290000;6,5411590000;
202100053297.0;1;33;33268;1;4;1.0;1.0;45,0189120000; -0,6801760000;
202100053298.0;1;72;72154;2;6;1.0;3.0;47,7080290000; -0,0683910000;
202100053299.0;1;50;50601;2;1;3.0;6.0;49,0379310000; -0,9728320000;
202100053300.0;2;60;60462;2;1;3.0;6.0;49,3360456914;2,1973021030;
202100053301.0;1;59;59559;1;2;3.0;3.0;50,3360930000;3,6368610000;
202100053302.0;3;13;13216;1;1;2.0;7.0;43,3461000000;5,3454000000;
202100053303.0;1;69;69091;1;1;1.0;2.0;45,5790500000;4,7283400000;
202100053304.0;1;59;59360;1;1;2.0;5.0;50,6197680000;3,0071110000;
202100053305.0;5;94;94034;1;1;1.0;4.0;48,7591767986;2,3236848206;
202100053306.0;3;91;91179;1;1;2.0;7.0;48,5562490000;2,4967600000;
202100053307.0;1;94;94034;1;1;2.0;4.0;48,7602000000;2,3204000000;
202100053308.0;4;92;92025;1;1;2.0;3.0;48,9274172419;2,2374022007;
202100053309.0;1;93;93010;1;1;2.0;4.0;48,9023400000;2,4708400000;
202100053310.0;1;93;93005;1;1;1.0;2.0;48,9597300000;2,4664400000;
202100053311.0;2;93;93007;1;1;1.0;5.0;48,9435300000;2,4353800000;
202100053312.0;1;92;92036;1;1;1.0;2.0;48,9381800000;2,3133900000;
202100053313.0;1;95;95252;1;1;2.0;4.0;48,9791829779;2,2291476672;
202100053314.0;1;95;95277;1;1;1.0;6.0;48,9712600000;2,4835500000;
202100053315.0;1;77;77146;1;1;1.0;4.0;48,8320783507;2,6525260720;
202100053316.0;1;974;97407;1;1;1.0;7.0; -20,9482000000;55,3220000000;
202100053317.0;1;973;97302;2;1;1.0;1.0;4,9380200000; -52,2989700000;
202100053318.0;1;973;97302;2;1;1.0;1.0;4,9359000000; -52,3135200000;
202100053319.0;1;973;97302;2;1;1.0;3.0;4,9335500000; -52,3092500000;
202100053320.0;5;69;69276;2;1;2.0;6.0;45,6799958670;4,8612227440;
202100053321.0;5;69;69387;2;2;2.0;3.0;45,7439763988;4,8477649158;
202100053322.0;1;69;69383;2;1;2.0;1.0;45,7462831625;4,8862032576;
202100053323.0;5;971;97101;2;9;8.0;2.0;16,2776300000; -61,5043500000;
202100053324.0;5;95;95018;2;2;1.0;3.0;48,9427880862;2,2431246191;
202100053325.0;1;84;84007;2;1;1.0;3.0;43,9429900000;4,8331400000;
202100053326.0;1;79;79191;2;1;2.0;7.0;46,3331460000; -0,4223500000;
202100053327.0;5;77;77307;1;3;2.0;3.0;48,8543600000;2,7586800000;
202100053328.0;1;65;65100;2;1;1.0;1.0;43,2642000000;0,0623000000;
202100053329.0;5;64;64140;2;3;2.0;3.0;43,5314800000; -1,4734900000;
202100053330.0;1;62;62193;2;1;1.0;5.0;50,9433800000;1,8383500000;
202100053331.0;1;61;61001;2;1;2.0;6.0;48,4358500000;0,0848090000;
202100053332.0;1;59;59574;2;3;1.0;3.0;50,3592400000;3,2896900000;
202100053333.0;5;42;42187;2;2;8.0;3.0;46,0377721212;4,0566753186;
202100053334.0;5;37;37261;2;2;2.0;6.0;47,4122138658;0,7113710493;
202100053335.0;1;35;35238;2;1;2.0;6.0;48,1111140000; -1,6971100000;
202100053336.0;1;35;35051;2;1;2.0;2.0;48,1142800000; -1,6061900000;
202100053337.0;1;33;33069;2;3;1.0;3.0;44,8633400000; -0,6031420000;
202100053338.0;1;33;33063;2;2;1.0;6.0;44,8397400000; -0,6069300000;
202100053339.0;3;29;29232;1;1;3.0;4.0;47,9779900000; -4,0278500000;
202100053340.0;2;29;29232;1;1;2.0;7.0;48,0050350000; -4,0762790000;
202100053341.0;1;25;25056;2;1;1.0;6.0;47,2482400000;6,0368800000;
202100053342.0;1;10;10333;2;1;8.0;2.0;48,2830800000;4,0643900000;
202100053343.0;1;06;06083;2;3;1.0;3.0;43,7688190000;7,4911490000;
202100053344.0;5;06;06029;2;1;1.0;7.0;43,5663100000;7,0046900000;
202100053345.0;1;06;06030;1;1;1.0;6.0;43,5717000000;7,0016000000;
202100053346.0;2;75;75117;2;1;2.0;2.0;48,8834250000;2,2841720000;
202100053347.0;1;75;75119;2;2;1.0;3.0;48,8836540000;2,3969740000;
202100053348.0;5;75;75117;2;2;2.0;6.0;48,8828910000;2,2937360000;
202100053349.0;5;75;75116;2;7;2.0;6.0;48,8648780000;2,2941120000;
202100053350.0;1;75;75115;2;2;1.0;6.0;48,8334990000;2,2987060000;
202100053351.0;5;75;75115;2;5;2.0;3.0;48,8499660000;2,2884250000;
202100053352.0;1;75;75113;2;3;8.0;2.0;48,8302940000;2,3472030000;
202100053353.0;5;75;75111;2;2;2.0;6.0;48,8644030000;2,3690480000;
202100053354.0;1;75;75112;2;1;8.0;3.0;48,8444210000;2,4411050000;
202100053355.0;1;75;75109;2;1;1.0;2.0;48,8762860000;2,3336160000;
202100053356.0;1;94;94078;2;1;8.0;2.0;48,7451750000;2,4465230000;
202100053357.0;1;94;94068;2;1;8.0;1.0;48,8000000000;2,4900000000;
202100053358.0;1;94;94041;2;1;8.0;2.0;48,8100000000;2,3700000000;
202100053359.0;5;94;94017;2;1;2.0;4.0;48,8122600000;2,5159700000;
202100053360.0;5;93;93072;2;2;2.0;1.0;48,9523035296;2,3848164082;
202100053361.0;5;93;93014;2;2;1.0;3.0;48,9046400000;2,5509900000;
202100053362.0;2;93;93077;2;1;4.0;1.0;48,8776389547;2,5043262541;
202100053363.0;1;93;93051;2;1;2.0;4.0;48,8500000000;2,5362000000;
202100053364.0;5;93;93057;2;1;2.0;1.0;48,9094085797;2,5039337333;
202100053365.0;3;92;92026;2;3;1.0;3.0;48,8900671882;2,2561722994;
202100053366.0;1;80;80016;2;1;2.0;6.0;50,0045280000;2,6378600000;
202100053367.0;1;83;83072;2;1;1.0;6.0;43,4929340000;6,3581130000;
202100053368.0;2;45;45230;2;1;1.0;7.0;47,8947800000;2,5201500000;
202100053369.0;1;42;42294;1;3;1.0;3.0;46,0101520000;4,1265410000;
202100053370.0;1;01;01033;2;1;1.0;1.0;46,1071830000;5,8328230000;
202100053371.0;1;21;21339;1;1;2.0;7.0;47,3508610000;4,8936580000;
202100053372.0;5;62;62036;2;1;2.0;6.0;50,4467450000;2,2521490000;
202100053373.0;2;62;62384;2;1;2.0;1.0;50,1471820000;3,1075490000;
202100053374.0;1;57;57374;1;1;3.0;6.0;48,6087850000;7,0328970000;
202100053375.0;1;57;57142;1;1;2.0;6.0;49,1649390000;6,2248490000;
202100053376.0;1;56;56122;1;1;2.0;6.0;48,0000810000; -2,3852830000;
202100053377.0;1;67;67310;1;3;1.0;1.0;48,2100610000;7,5271580000;
202100053378.0;1;63;63381;1;1;1.0;1.0;45,8436767166;2,9038631402;
202100053379.0;3;42;42011;1;1;1.0;6.0;45,8364240000;4,1682390000;
202100053380.0;5;02;02067;1;2;1.0;3.0;50,0291510000;3,7194730000;
202100053381.0;3;26;26124;1;4;1.0;3.0;44,8477910000;4,8519660000;
202100053382.0;3;72;72370;1;9;3.0;3.0;48,1796500000;0,0047000000;
202100053383.0;1;43;43174;1;3;1.0;5.0;44,9823460000;3,8279840000;
202100053384.0;2;21;21336;1;1;2.0;1.0;47,8632610000;4,3549820000;
202100053385.0;1;27;27037;1;1;1.0;6.0;49,0821800000;0,8219040000;
202100053386.0;3;28;28276;1;1;9.0;6.0;48,2714830000;1,8993040000;
202100053387.0;1;48;48137;1;1;1.0;6.0;44,4454900000;3,4756920000;
202100053388.0;1;08;08302;2;1;2.0;6.0;49,8841140000;4,7529820000;
202100053389.0;1;01;01166;1;1;1.0;2.0;46,0067540000;4,7699330000;
202100053390.0;1;987;98738;2;1;1.0;1.0; -17,6168190000; -149,6130880000;
202100053391.0;3;67;67067;1;1;3.0;3.0;48,7090360000;7,7039420000;
202100053392.0;1;28;28367;1;1;6.0;6.0;48,1467250000;1,8556490000;
202100053393.0;1;977;97701;1;1;7.0;2.0;17,9049770000; -62,8322910000;
202100053394.0;1;77;77367;1;2;2.0;3.0;49,0471790000;2,9970360000;
202100053395.0;1;91;91654;1;1;2.0;1.0;48,4726940000;2,3909320000;
202100053396.0;2;84;84065;2;1;1.0;2.0;43,7472810000;5,3082600000;
202100053397.0;1;84;84103;1;1;9.0;6.0;43,9212660000;5,4750110000;
202100053398.0;3;17;17097;1;2;8.0;6.0;45,6486980000; -0,8912230000;
202100053399.0;3;47;47326;1;1;2.0;3.0;44,5117400000;0,2727810000;
202100053400.0;2;85;85071;1;1;1.0;1.0;46,7739070000; -1,8242030000;
202100053401.0;5;29;29046;2;1;2.0;6.0;48,0904162125; -4,3449102687;
202100053402.0;1;27;27217;1;1;6.0;3.0;49,0736800000;0,9127070000;
202100053403.0;1;60;60612;2;1;1.0;6.0;49,2121770000;2,5967020000;
202100053404.0;1;80;80685;1;2;8.0;3.0;49,6965244746;2,8064972162;
202100053405.0;3;13;13106;1;1;1.0;4.0;43,4066000000;5,3617000000;
202100053406.0;3;13;13071;1;4;1.0;5.0;43,3977122771;5,2883559465;
202100053407.0;1;13;13028;1;1;1.0;3.0;43,2102500000;5,5833000000;
202100053408.0;1;13;13211;1;1;1.0;2.0;43,2928530000;5,4763150000;
202100053409.0;5;69;69029;1;1;2.0;2.0;45,7476400000;4,9069500000;
202100053410.0;3;91;91661;1;1;1.0;2.0;48,6965130000;2,2268930000;
202100053411.0;1;92;92002;1;1;1.0;6.0;48,7610000000;2,2950000000;
202100053412.0;1;94;94034;1;1;2.0;4.0;48,7577000000;2,3279000000;
202100053413.0;1;91;91689;1;1;2.0;3.0;48,7377860000;2,3189410000;
202100053414.0;3;91;91161;1;1;2.0;6.0;48,6964490000;2,3166400000;
202100053415.0;3;91;91228;1;9;2.0;5.0;48,6141900000;2,4298800000;
202100053416.0;5;92;92026;1;1;8.0;2.0;48,8876710000;2,2516330000;
202100053417.0;1;78;78646;1;1;2.0;4.0;48,7932900000;2,0818440000;
202100053418.0;1;92;92036;1;1;1.0;4.0;48,9344075794;2,2702811315;
202100053419.0;3;95;95277;1;1;2.0;2.0;48,9775165958;2,4658754377;
202100053420.0;1;94;94017;1;1;2.0;5.0;48,8270194777;2,5116058458;
202100053421.0;3;94;94018;1;1;2.0;4.0;48,8204689196;2,4019549352;
202100053422.0;1;973;97302;2;1;1.0;3.0;4,9412700000; -52,3028300000;
202100053423.0;1;972;97213;1;1;1.0;5.0;14,6565700000; -60,9860800000;
202100053424.0;3;972;97213;1;1;1.0;6.0;14,6453200000; -60,9907400000;
202100053425.0;1;972;97209;1;1;1.0;3.0;14,6166000000; -61,0717000000;
202100053426.0;1;972;97209;1;1;1.0;2.0;14,6152900000; -61,0457800000;
202100053427.0;5;972;97209;1;1;1.0;1.0;14,6223500000; -61,0728500000;
202100053428.0;5;91;91216;2;1;2.0;6.0;48,6701660000;2,3324740000;
202100053429.0;1;91;91549;2;1;8.0;6.0;48,6486900000;2,3182600000;
202100053430.0;1;91;91021;2;1;1.0;6.0;48,5900000000;2,2400000000;
202100053431.0;2;91;91345;2;1;2.0;2.0;48,6981600000;2,2943800000;
202100053432.0;1;87;87085;2;2;1.0;3.0;45,8174400000;1,2525600000;
202100053433.0;5;87;87085;2;3;1.0;6.0;45,8405600000;1,2599500000;
202100053434.0;1;87;87085;2;1;1.0;2.0;45,8198700000;1,2495300000;
202100053435.0;1;87;87085;2;1;1.0;6.0;45,8246300000;1,2648300000;
202100053436.0;1;86;86194;2;1;1.0;6.0;46,5869380000;0,3650160000;
202100053437.0;5;78;78650;2;3;1.0;6.0;48,8922660000;2,1346040000;
202100053438.0;2;76;76414;2;1;2.0;2.0;49,9196720000;1,1322690000;
202100053439.0;5;74;74012;2;3;1.0;6.0;46,1872200000;6,2322100000;
202100053440.0;1;71;71306;2;2;2.0;4.0;46,6913000000;4,3526900000;
202100053441.0;5;69;69256;2;1;1.0;7.0;45,7718000000;4,9104900000;
202100053442.0;5;67;67482;2;3;1.0;6.0;48,5843130000;7,7613690000;
202100053443.0;2;67;67482;2;1;1.0;3.0;48,5542640000;7,7632140000;
202100053444.0;1;67;67482;2;3;1.0;3.0;48,6004567981;7,7112956082;
202100053445.0;1;64;64445;2;1;1.0;5.0;43,2989474867; -0,3488159180;
202100053446.0;1;62;62893;2;1;1.0;2.0;50,7809130000;1,6091070000;
202100053447.0;1;59;59426;2;3;1.0;3.0;50,7510470000;3,1516550000;
202100053448.0;1;59;59090;2;6;1.0;3.0;50,7196300000;3,1096600000;
202100053449.0;5;56;56121;2;6;2.0;3.0;47,7549600000; -3,3546100000;
202100053450.0;5;56;56083;2;3;1.0;3.0;47,8043400000; -3,2761500000;
202100053451.0;5;54;54395;2;6;1.0;6.0;48,6999500000;6,1430600000;
202100053452.0;2;54;54329;2;1;1.0;6.0;48,5848800000;6,4840500000;
202100053453.0;1;50;50218;2;1;2.0;6.0;48,8375500000; -1,5915600000;
202100053454.0;1;50;50129;2;1;2.0;6.0;49,6425500000; -1,6096000000;
202100053455.0;5;45;45147;2;2;2.0;3.0;47,9392445885;1,9211268996;
202100053456.0;1;45;45208;2;1;2.0;1.0;48,0119920000;2,7592280000;
202100053457.0;1;37;37261;2;3;3.0;6.0;47,3816426855;0,6682280953;
202100053458.0;5;37;37261;2;2;2.0;6.0;47,4356261967;0,6985006034;
202100053459.0;5;37;37261;2;1;1.0;4.0;47,4298106999;0,7058985466;
202100053460.0;1;35;35238;2;1;2.0;3.0;48,1054570000; -1,7177370000;
202100053461.0;1;34;34172;2;1;1.0;6.0;43,6168000000;3,8739300000;
202100053462.0;5;33;33039;2;2;1.0;3.0;44,8123900000; -0,5576500000;
202100053463.0;1;29;29232;2;1;8.0;3.0;47,9830300000; -4,0741300000;
202100053464.0;1;29;29232;2;1;2.0;6.0;48,0104430000; -4,1034710000;
202100053465.0;1;29;29051;2;6;1.0;3.0;48,0045457601; -4,0586748719;
202100053466.0;1;26;26281;2;1;1.0;3.0;45,0538090000;5,0461350000;
202100053467.0;1;14;14220;2;1;8.0;6.0;49,3541470000;0,0874610000;
202100053468.0;1;14;14118;2;1;1.0;4.0;49,1770000000; -0,3672200000;
202100053469.0;1;14;14118;2;1;1.0;6.0;49,1845300000; -0,3562500000;
202100053470.0;5;13;13201;2;9;1.0;3.0;43,3001920000;5,3807020000;
202100053471.0;1;13;13205;2;1;1.0;1.0;43,2950900000;5,3883400000;
202100053472.0;1;13;13216;2;9;1.0;5.0;43,3653300000;5,3428900000;
202100053473.0;2;13;13205;2;2;1.0;6.0;43,2946100000;5,3889600000;
202100053474.0;5;13;13005;2;9;1.0;2.0;43,2955900000;5,5684100000;
202100053475.0;1;06;06027;2;1;1.0;6.0;43,6583360000;7,1671480000;
202100053476.0;2;75;75119;2;1;1.0;7.0;48,8803500000;2,4074860000;
202100053477.0;1;75;75118;2;1;8.0;3.0;48,8954930000;2,3705250000;
202100053478.0;1;75;75118;2;3;1.0;3.0;48,8927147273;2,3487408131;
202100053479.0;1;75;75118;2;3;1.0;6.0;48,8926440000;2,3523470000;
202100053480.0;1;75;75117;2;3;2.0;7.0;48,8883330000;2,2939350000;
202100053481.0;1;75;75117;2;2;4.0;3.0;48,8791460000;2,3031440000;
202100053482.0;5;75;75116;2;2;2.0;3.0;48,8650430000;2,2344470000;
202100053483.0;5;75;75112;2;1;9.0;2.0;48,8374070000;2,3773560000;
202100053484.0;1;75;75112;2;1;2.0;6.0;48,8373220000;2,3897750000;
202100053485.0;1;75;75111;2;3;2.0;6.0;48,8630860000;2,3761460000;
202100053486.0;5;75;75110;2;2;2.0;6.0;48,8789760000;2,3557540000;
202100053487.0;1;75;75110;2;1;1.0;6.0;48,8757060000;2,3487230000;
202100053488.0;1;75;75116;2;7;1.0;7.0;48,8732580000;2,2946460000;
202100053489.0;5;94;94081;2;1;2.0;6.0;48,7783600000;2,3759200000;
202100053490.0;5;94;94078;2;1;2.0;3.0;48,7406200000;2,4467300000;
202100053491.0;5;94;94068;2;1;1.0;4.0;48,8099000000;2,4687000000;
202100053492.0;1;94;94046;2;1;1.0;1.0;48,7895700000;2,4353570000;
202100053493.0;5;94;94043;2;1;2.0;3.0;48,8055600000;2,3479100000;
202100053494.0;1;94;94003;2;1;2.0;3.0;48,8042900000;2,3431200000;
202100053495.0;1;94;94079;2;1;1.0;3.0;48,8330000000;2,5510000000;
202100053496.0;1;94;94055;2;6;1.0;3.0;48,7921000000;2,5551300000;
202100053497.0;1;93;93072;2;2;2.0;5.0;48,9589100000;2,3822200000;
202100053498.0;1;93;93064;2;1;2.0;4.0;48,8752093683;2,4874242211;
202100053499.0;1;93;93014;2;2;2.0;3.0;48,8994984253;2,5370356082;
202100053500.0;5;93;93010;2;1;2.0;2.0;48,8933802358;2,4981665611;
202100053501.0;1;93;93005;2;2;1.0;6.0;48,9354797313;2,4959145908;
202100053502.0;5;93;93001;2;9;1.0;3.0;48,9049000000;2,3894000000;
202100053503.0;2;92;92062;2;1;2.0;2.0;48,8845145500;2,2500756383;
202100053504.0;5;92;92050;2;9;2.0;3.0;48,8969531663;2,2238047381;
202100053505.0;1;92;92020;2;1;8.0;7.0;48,8055947992;2,2913736105;
202100053506.0;1;92;92048;2;1;8.0;6.0;48,8138491825;2,2466484457;
202100053507.0;1;92;92026;2;3;1.0;6.0;48,9019800000;2,2562000000;
202100053508.0;1;92;92025;2;1;1.0;5.0;48,9280412997;2,2508118385;
202100053509.0;3;62;62485;1;2;5.0;3.0;50,5356080000;2,2460600000;
202100053510.0;1;85;85020;1;1;2.0;1.0;46,3658840000; -0,5626200000;
202100053511.0;5;974;97422;2;1;1.0;6.0; -21,2631360000;55,5188620000;
202100053512.0;1;01;01209;1;1;1.0;1.0;46,1212990000;5,8936180000;
202100053513.0;2;89;89195;1;1;2.0;7.0;48,1406190000;3,2477260000;
202100053514.0;1;56;56222;2;1;2.0;6.0;47,8465500000; -2,7202660000;
202100053515.0;1;78;78070;1;1;7.0;6.0;48,9167730000;1,7496180000;
202100053516.0;1;76;76458;1;1;8.0;1.0;49,7563790000;1,1899160000;
202100053517.0;1;71;71230;1;1;2.0;3.0;46,5882460000;4,0599920000;
202100053518.0;1;63;63007;1;1;1.0;6.0;45,3767948600;3,1335988600;
202100053519.0;1;49;49018;2;1;2.0;7.0;47,5451910000; -0,1069770000;
202100053520.0;1;12;12289;1;1;2.0;3.0;44,5023520000;2,2357820000;
202100053521.0;1;47;47217;1;1;1.0;6.0;44,2083110000;0,7999960000;
202100053522.0;1;29;29101;2;1;1.0;6.0;48,5876010000; -4,5744000000;
202100053523.0;3;15;15156;1;1;8.0;5.0;44,8247240000;2,4944110000;
202100053524.0;1;64;64526;2;7;1.0;6.0;43,2657759861; -0,1879195869;
202100053525.0;3;73;73255;1;1;2.0;6.0;45,3239038854;6,3180154507;
202100053526.0;2;53;53077;2;1;2.0;6.0;47,9441140000; -0,9135740000;
202100053527.0;1;27;27056;2;1;8.0;6.0;49,0896050000;0,5989810000;
202100053528.0;1;37;37014;1;1;1.0;3.0;47,2639710000;0,4598810000;
202100053529.0;1;30;30147;2;1;1.0;6.0;44,0143380000;4,0506400000;
202100053530.0;2;69;69244;2;2;2.0;3.0;45,7660490000;4,7857850000;
202100053531.0;1;91;91159;1;1;1.0;1.0;48,5304260000;2,4311430000;
202100053532.0;3;69;69013;1;1;2.0;6.0;46,0133940000;4,7288040000;
202100053533.0;1;974;97422;2;1;3.0;7.0; -21,2219660000;55,5527010000;
202100053534.0;5;13;13033;2;1;1.0;3.0;43,3566970000;5,2034370000;
202100053535.0;2;84;84047;1;4;9.0;6.0;43,8921020000;5,3681620000;
202100053536.0;3;83;83029;1;1;1.0;6.0;43,6060950000;6,7524830000;
202100053537.0;1;08;08110;1;1;3.0;6.0;49,8248060000;4,5124630000;
202100053538.0;1;38;38537;2;1;2.0;6.0;45,6325110000;5,1482110000;
202100053539.0;1;69;69287;2;1;2.0;6.0;45,6999724448;5,0082695027;
202100053540.0;2;61;61424;1;1;3.0;3.0;48,5561090000; -0,1435730000;
202100053541.0;2;59;59258;1;1;3.0;1.0;50,5401970000;3,2204750000;
202100053542.0;3;13;13215;1;1;1.0;2.0;43,3730640913;5,3611908811;
202100053543.0;3;13;13056;1;1;1.0;3.0;43,3988153438;5,0862796605;
202100053544.0;1;13;13019;1;1;1.0;3.0;43,4216000000;5,3702000000;
202100053545.0;1;69;69278;1;1;3.0;3.0;45,9034380866;4,8261952400;
202100053546.0;1;33;33249;1;1;2.0;6.0;44,8850270000; -0,5116200000;
202100053547.0;1;93;93063;1;1;2.0;3.0;48,8778600000;2,4459300000;
202100053548.0;3;93;93078;1;1;2.0;6.0;48,9580200000;2,5286100000;
202100053549.0;2;93;93053;1;1;1.0;3.0;48,8950300000;2,4713500000;
202100053550.0;3;93;93053;1;1;1.0;6.0;48,8880000000;2,4725000000;
202100053551.0;1;988;98818;2;3;1.0;3.0; -22,2754700000;166,4428600000;
202100053552.0;1;974;97416;2;1;1.0;2.0; -21,2833800000;55,4772800000;
202100053553.0;1;974;97416;1;1;1.0;6.0; -21,3226900000;55,4803000000;
202100053554.0;1;974;97411;2;3;1.0;3.0; -20,8802690000;55,4439930000;
202100053555.0;1;974;97411;2;3;1.0;3.0; -20,9046200000;55,4930500000;
202100053556.0;1;973;97302;1;1;1.0;2.0;4,9041100000; -52,3238800000;
202100053557.0;1;973;97302;1;6;1.0;3.0;4,9078100000; -52,3224400000;
202100053558.0;1;69;69386;2;1;1.0;3.0;45,7702370154;4,8603862524;
202100053559.0;1;972;97213;1;1;1.0;6.0;14,6289600000; -60,9781900000;
202100053560.0;1;972;97213;2;1;1.0;6.0;14,6169500000; -61,0170900000;
202100053561.0;1;972;97213;1;1;1.0;4.0;14,6182100000; -61,0217600000;
202100053562.0;4;972;97209;2;1;1.0;7.0;14,6088800000; -61,0517800000;
202100053563.0;5;69;69081;2;3;1.0;3.0;45,7884789566;4,7818416028;
202100053564.0;1;69;69286;2;2;1.0;6.0;45,8158500000;4,8987200000;