Num_Acc;lum;departement;commune;agglomeration;intersection;meteo;type_collision;lat;long;date
202100054222.0;1;13;13203;2;1;1.0;6.0;43,3080860000;5,3794130000;
202100054223.0;2;07;07019;2;1;1.0;3.0;44,6201000000;4,3876200000;
202100054224.0;5;06;06088;2;1;2.0;6.0;43,6984980000;7,2645240000;
202100054225.0;1;06;06088;2;1;2.0;3.0;43,7170100000;7,2531300000;
202100054226.0;1;06;06069;1;1;3.0;2.0;43,6365730000;6,9565970000;
202100054227.0;1;06;06069;1;1;1.0;7.0;43,6571500000;6,9113000000;
202100054228.0;1;04;04112;2;3;1.0;3.0;43,8250872030;5,7984017358;
202100054229.0;1;75;75106;2;2;3.0;6.0;48,8455190000;2,3191430000;
202100054230.0;1;75;75106;2;3;1.0;6.0;48,8448600000;2,3324220000;
202100054231.0;2;75;75120;2;1;2.0;3.0;48,8677480000;2,3858980000;
202100054232.0;5;75;75118;2;2;1.0;3.0;48,8978803604;2,3373681307;
202100054233.0;1;75;75116;2;1;1.0;2.0;48,8644030000;2,2866870000;
202100054234.0;1;75;75116;2;2;1.0;3.0;48,8650310000;2,2344510000;
202100054235.0;2;75;75115;2;2;2.0;3.0;48,8403080000;2,2859060000;
202100054236.0;5;75;75115;2;2;2.0;2.0;48,8426300000;2,3026770000;
202100054237.0;3;75;75115;2;2;8.0;6.0;48,8459150000;2,2773140000;
202100054238.0;1;75;75115;2;1;1.0;6.0;48,8437060000;2,3227990000;
202100054239.0;1;75;75115;2;2;8.0;6.0;48,8421630000;2,2855750000;
202100054240.0;1;75;75115;2;2;1.0;3.0;48,8428630000;2,3123920000;
202100054241.0;1;75;75114;2;1;1.0;2.0;48,8321220000;2,3147010000;
202100054242.0;1;75;75113;2;3;2.0;3.0;48,8228080000;2,3583420000;
202100054243.0;4;75;75112;2;1;2.0;2.0;48,8288170000;2,3878210000;
202100054244.0;1;75;75112;2;7;2.0;7.0;48,8360680000;2,3867740000;
202100054245.0;1;75;75111;2;3;1.0;3.0;48,8587090000;2,3843380000;
202100054246.0;1;75;75107;2;7;1.0;6.0;48,8562600000;2,2984700000;
202100054247.0;5;75;75115;2;2;1.0;7.0;48,8465220000;2,2854590000;
202100054248.0;1;75;75104;2;4;1.0;6.0;48,8522150000;2,3660030000;
202100054249.0;5;75;75103;2;1;3.0;6.0;48,8624210000;2,3541310000;
202100054250.0;1;75;75103;2;2;2.0;3.0;48,8601050000;2,3674640000;
202100054251.0;1;94;94078;2;3;2.0;6.0;48,7483700000;2,4535500000;
202100054252.0;1;94;94078;2;1;1.0;3.0;48,7470000000;2,4460000000;
202100054253.0;1;94;94068;2;1;1.0;2.0;48,8028100000;2,4873800000;
202100054254.0;5;94;94042;2;1;1.0;1.0;48,8244900000;2,4732900000;
202100054255.0;1;94;94060;1;2;1.0;5.0;48,7817351681;2,5704360008;
202100054256.0;1;94;94017;2;1;1.0;6.0;48,8246200000;2,5100500000;
202100054257.0;1;93;93079;2;1;1.0;6.0;48,9549450979;2,3440203579;
202100054258.0;5;92;92051;2;1;8.0;6.0;48,8820093691;2,2795933485;
202100054259.0;1;92;92050;2;4;1.0;6.0;48,8951795110;2,1961967647;
202100054260.0;1;92;92044;2;2;2.0;3.0;48,9002660000;2,2926570000;
202100054261.0;3;92;92026;2;1;2.0;5.0;48,8977063819;2,2671532631;
202100054262.0;5;92;92025;2;2;2.0;6.0;48,9146082068;2,2290284502;
202100054263.0;1;92;92004;2;2;2.0;3.0;48,9109432484;2,2985563768;
202100054264.0;1;35;35245;1;1;7.0;2.0;48,2080020000; -1,8856890000;
202100054265.0;1;22;22305;1;1;1.0;7.0;48,2721110000; -2,1702500000;
202100054266.0;1;71;71004;1;2;2.0;5.0;46,8033902713;4,9404407903;
202100054267.0;3;71;71462;1;1;1.0;7.0;46,8299720000;5,0371460000;
202100054268.0;2;34;34077;2;1;2.0;6.0;43,6498950000;3,8838280000;
202100054269.0;3;51;51507;1;1;3.0;1.0;49,0834310000;4,8817060000;
202100054270.0;1;79;79195;1;1;1.0;6.0;46,9682910000; -0,6126590000;
202100054271.0;1;61;61394;1;1;1.0;1.0;48,2832250000;0,5807890000;
202100054272.0;2;55;55198;2;1;4.0;7.0;49,0968080000;5,6273390000;
202100054273.0;1;42;42249;1;1;8.0;1.0;45,8583960000;4,2440490000;
202100054274.0;2;25;25036;1;1;2.0;7.0;47,1946700000;5,9464790000;
202100054275.0;1;44;44069;1;9;1.0;6.0;47,3270790000; -2,4128080000;
202100054276.0;3;35;35184;1;1;2.0;6.0;48,2189630000; -2,0283680000;
202100054277.0;5;72;72328;1;6;2.0;3.0;48,0227720000;0,2309650000;
202100054278.0;1;50;50345;1;1;8.0;3.0;49,0857890000; -1,4200500000;
202100054279.0;3;90;90015;1;1;1.0;6.0;47,5905070000;6,8595030000;
202100054280.0;3;07;07066;1;1;2.0;6.0;44,7091660000;4,6822090000;
202100054281.0;1;40;40119;2;1;3.0;6.0;43,6590350000; -0,5911750000;
202100054282.0;1;13;13113;1;1;3.0;6.0;43,6061340000;5,4972730000;
202100054283.0;1;973;97309;2;9;1.0;2.0;4,8894670000; -52,2755670000;
202100054284.0;2;37;37225;1;1;2.0;1.0;47,3604410000;0,8734670000;
202100054285.0;1;34;34157;1;1;1.0;5.0;43,4338810000;3,5644200000;
202100054286.0;2;35;35301;1;1;1.0;7.0;48,2230220000; -2,0541000000;
202100054287.0;3;986;98613;2;1;1.0;1.0; -13,2884323098; -176,1826668978;
202100054288.0;1;971;97119;1;1;1.0;3.0;16,3947540000; -61,4071620000;
202100054289.0;1;78;78443;1;2;1.0;3.0;48,8045420000;1,8677990000;
202100054290.0;1;2B;2B333;1;1;1.0;7.0;42,5937722066;9,3455484509;
202100054291.0;1;68;68334;2;1;8.0;6.0;47,8117810000;7,1016700000;
202100054292.0;5;68;68298;2;1;8.0;6.0;48,2433460000;7,1779670000;
202100054293.0;1;38;38344;2;3;1.0;6.0;45,3617850000;4,8009300000;
202100054294.0;5;38;38509;2;1;1.0;1.0;45,5658500000;5,4411910000;
202100054295.0;2;33;33273;2;3;8.0;3.0;44,8418440000; -0,7655320000;
202100054296.0;1;60;60054;1;1;2.0;2.0;49,3420317809;2,0426630974;
202100054297.0;1;59;59258;1;1;1.0;2.0;50,5269190000;3,2396790000;
202100054298.0;2;59;59051;2;1;1.0;6.0;50,5317620000;2,8073820000;
202100054299.0;3;13;13202;1;1;1.0;1.0;43,3289542547;5,3563060644;
202100054300.0;5;91;91549;1;1;1.0;6.0;48,6258500000;2,3418000000;
202100054301.0;3;91;91136;1;1;1.0;4.0;48,7119480154;2,2901880741;
202100054302.0;1;93;93051;1;1;1.0;6.0;48,8353352100;2,5693477523;
202100054303.0;1;93;93051;1;1;1.0;4.0;48,8364100000;2,5488800000;
202100054304.0;1;974;97407;2;2;1.0;3.0; -20,9355800000;55,2945800000;
202100054305.0;5;973;97302;2;6;2.0;6.0;4,9368900000; -52,3258500000;
202100054306.0;1;973;97302;2;3;2.0;3.0;4,9249400000; -52,3170600000;
202100054307.0;1;69;69259;2;1;1.0;7.0;45,6923300000;4,8680500000;
202100054308.0;5;972;97213;1;6;2.0;6.0;14,5971503768; -60,9980034828;
202100054309.0;1;69;69034;2;1;1.0;6.0;45,8044449100;4,8599674702;
202100054310.0;1;971;97101;1;3;1.0;3.0;16,2790500000; -61,5099300000;
202100054311.0;1;91;91377;2;1;1.0;6.0;48,7357180000;2,2735500000;
202100054312.0;1;91;91027;2;1;1.0;6.0;48,7057000000;2,3663600000;
202100054313.0;1;91;91687;2;1;1.0;6.0;48,6703200000;2,3706500000;
202100054314.0;1;90;90010;2;1;1.0;7.0;47,6330000000;6,8660000000;
202100054315.0;5;87;87085;2;2;1.0;3.0;45,8484900000;1,2492900000;
202100054316.0;2;83;83137;2;1;8.0;6.0;43,1266600000;5,9129900000;
202100054317.0;3;77;77350;1;3;1.0;3.0;48,7557000000;2,7049900000;
202100054318.0;5;71;71306;2;1;1.0;2.0;46,6636174530;4,3500481546;
202100054319.0;2;69;69264;2;3;1.0;3.0;45,9949500000;4,7340800000;
202100054320.0;5;63;63063;2;6;1.0;3.0;45,8312700000;3,0866600000;
202100054321.0;2;63;63164;2;3;1.0;3.0;45,8157000000;3,1508700000;
202100054322.0;2;63;63113;2;2;1.0;6.0;45,7736200000;3,0800700000;
202100054323.0;1;62;62108;1;1;1.0;1.0;50,4269720000;1,6026840000;
202100054324.0;1;59;59421;2;3;1.0;3.0;50,7079470000;3,1297520000;
202100054325.0;5;58;58194;2;1;1.0;3.0;46,9891000000;3,1706000000;
202100054326.0;5;56;56121;2;6;3.0;3.0;47,7517900000; -3,3651400000;
202100054327.0;1;56;56121;1;1;8.0;4.0;47,7619400000; -3,3818500000;
202100054328.0;1;54;54273;2;1;1.0;6.0;49,1523700000;5,8826100000;
202100054329.0;5;52;52448;2;9;8.0;6.0;48,6490700000;4,9589000000;
202100054330.0;1;50;50129;2;1;1.0;2.0;49,6350100000; -1,6545600000;
202100054331.0;5;42;42207;2;1;1.0;6.0;45,4731300000;4,5171800000;
202100054332.0;1;40;40281;2;3;1.0;3.0;43,8736600000; -0,5079400000;
202100054333.0;1;39;39150;2;3;1.0;3.0;47,0670300000;5,4555000000;
202100054334.0;3;38;38516;2;9;1.0;3.0;45,1924200000;5,7463400000;
202100054335.0;1;35;35055;2;9;1.0;2.0;48,0826400000; -1,6162900000;
202100054336.0;1;34;34032;2;1;1.0;6.0;43,3403900000;3,2232500000;
202100054337.0;5;33;33063;2;2;1.0;3.0;44,8332847344; -0,5985311683;
202100054338.0;1;31;31555;2;1;1.0;6.0;43,6428400000;1,4675600000;
202100054339.0;1;21;21231;2;2;2.0;3.0;47,3185500000;5,0472100000;
202100054340.0;1;13;13043;2;1;1.0;3.0;43,3881000000;5,2303300000;
202100054341.0;1;13;13208;2;1;1.0;3.0;43,2628140000;5,3967850000;
202100054342.0;1;13;13215;2;1;1.0;6.0;43,3550000000;5,3572000000;
202100054343.0;1;12;12089;2;1;9.0;7.0;44,5543400000;2,2603300000;
202100054344.0;1;10;10325;2;9;1.0;1.0;48,2594000000;4,0615900000;
202100054345.0;2;06;06088;2;1;2.0;4.0;43,7255330000;7,1856470000;
202100054346.0;5;06;06123;2;3;1.0;3.0;43,6655640000;7,1866900000;
202100054347.0;4;05;05061;2;1;1.0;4.0;44,5504300000;6,0691700000;
202100054348.0;5;75;75117;2;1;1.0;3.0;48,8827000000;2,2833590000;
202100054349.0;1;75;75112;2;4;1.0;3.0;48,8267820000;2,3903420000;
202100054350.0;1;75;75116;2;1;1.0;4.0;48,8432330835;2,2543181078;
202100054351.0;1;75;75116;2;4;1.0;3.0;48,8778130000;2,2796850000;
202100054352.0;5;75;75112;2;1;1.0;2.0;48,8330990000;2,4071660000;
202100054353.0;5;75;75119;2;1;1.0;2.0;48,9004950000;2,3738460000;
202100054354.0;1;75;75118;2;1;1.0;6.0;48,9003660000;2,3591040000;
202100054355.0;1;75;75118;2;2;8.0;3.0;48,8980730000;2,3442670000;
202100054356.0;1;75;75115;2;1;1.0;6.0;48,8366412540;2,2984682141;
202100054357.0;1;75;75115;2;3;1.0;7.0;48,8411820000;2,2918370000;
202100054358.0;5;75;75115;2;2;1.0;3.0;48,8447580000;2,2839080000;
202100054359.0;1;75;75114;2;1;1.0;3.0;48,8209420000;2,3244390000;
202100054360.0;1;75;75107;2;3;1.0;2.0;48,8590980000;2,2932460000;
202100054361.0;2;75;75104;2;1;1.0;6.0;48,8524720000;2,3602090000;
202100054362.0;1;94;94081;2;1;2.0;6.0;48,7792600000;2,3989700000;
202100054363.0;1;94;94068;2;2;2.0;3.0;48,7850000000;2,4920000000;
202100054364.0;5;94;94011;2;1;1.0;3.0;48,7759800000;2,4900900000;
202100054365.0;5;94;94028;2;3;1.0;6.0;48,7800000000;2,4600000000;
202100054366.0;5;94;94079;2;1;1.0;2.0;48,8359000000;2,5469000000;
202100054367.0;1;93;93072;2;1;1.0;6.0;48,9558000000;2,3831900000;
202100054368.0;5;93;93066;2;3;9.0;2.0;48,9449416885;2,3595391900;
202100054369.0;1;93;93055;2;1;1.0;3.0;48,8944000000;2,4200400000;
202100054370.0;1;93;93048;2;2;1.0;3.0;48,8549600000;2,4429400000;
202100054371.0;1;93;93048;2;2;2.0;3.0;48,8593100000;2,4316800000;
202100054372.0;1;93;93027;2;1;1.0;2.0;48,9231300000;2,3841400000;
202100054373.0;1;93;93027;2;1;1.0;6.0;48,9320200000;2,3915100000;
202100054374.0;2;93;93014;2;1;1.0;6.0;48,9082200000;2,5360800000;
202100054375.0;1;93;93005;2;1;1.0;6.0;48,9298513597;2,5095841532;
202100054376.0;5;93;93001;2;1;2.0;6.0;48,9159737700;2,3815370908;
202100054377.0;2;92;92063;2;3;1.0;6.0;48,8669400000;2,1806200000;
202100054378.0;5;92;92044;2;1;1.0;4.0;48,8979300000;2,2946400000;
202100054379.0;1;92;92024;2;3;1.0;3.0;48,8995300000;2,3092600000;
202100054380.0;1;49;49244;1;3;1.0;7.0;47,3075210000; -0,7809680000;
202100054381.0;1;974;97422;2;7;3.0;3.0; -21,2541440000;55,5225620000;
202100054382.0;3;974;97405;1;1;1.0;6.0; -21,3639010000;55,5398050000;
202100054383.0;3;41;41161;1;1;3.0;6.0;47,5535050000;2,0089530000;
202100054384.0;2;86;86006;1;1;1.0;7.0;46,5464230000;0,8724030000;
202100054385.0;1;65;65426;2;2;1.0;3.0;43,2179800000;0,2226020000;
202100054386.0;3;77;77385;1;1;2.0;6.0;48,8385370000;3,2366110000;
202100054387.0;1;32;32242;2;1;1.0;1.0;43,4349990000;0,5793460000;
202100054388.0;5;03;03025;1;1;2.0;3.0;46,4541747671;3,3672532439;
202100054389.0;1;60;60508;2;2;1.0;6.0;49,3017290000;2,6419600000;
202100054390.0;1;53;53127;1;6;3.0;7.0;48,4324790000; -0,4922710000;
202100054391.0;1;52;52306;1;3;1.0;1.0;48,2627560000;5,3862190000;
202100054392.0;1;987;98734;2;1;1.0;1.0; -17,7493300000; -149,5577430000;
202100054393.0;3;06;06152;1;1;1.0;6.0;43,6133120000;7,0451760000;
202100054394.0;3;06;06088;1;1;2.0;4.0;43,7330440000;7,2853090000;
202100054395.0;1;69;69072;2;3;1.0;3.0;45,8006760000;4,7680630000;
202100054396.0;1;971;97114;1;1;1.0;3.0;16,1480710000; -61,5835730000;
202100054397.0;1;13;13041;1;1;1.0;3.0;43,4527630000;5,4933360000;
202100054398.0;1;67;67028;2;6;1.0;3.0;48,3720810000;7,5927870000;
202100054399.0;1;38;38276;1;1;1.0;6.0;45,5642600000;5,3035000000;
202100054400.0;1;09;09188;1;1;1.0;6.0;42,8847650000;1,6237340000;
202100054401.0;1;59;59466;2;3;1.0;6.0;50,5207700000;3,1141950000;
202100054402.0;2;54;54328;1;1;1.0;1.0;48,6298600000;6,1795700000;
202100054403.0;1;91;91589;1;1;1.0;2.0;48,6736400000;2,3430000000;
202100054404.0;1;92;92048;1;1;1.0;2.0;48,7972746289;2,2170122155;
202100054405.0;2;92;92036;1;1;1.0;4.0;48,9351292754;2,2839515454;
202100054406.0;3;95;95424;1;1;1.0;5.0;48,9907300000;2,1937800000;
202100054407.0;1;93;93006;1;1;1.0;2.0;48,8669000000;2,4253000000;
202100054408.0;2;77;77122;1;1;1.0;2.0;48,6624400000;2,6136200000;
202100054409.0;1;77;77363;1;1;1.0;4.0;48,9299000000;2,6281000000;
202100054410.0;1;988;98818;2;4;2.0;2.0; -22,2351800000;166,4870400000;
202100054411.0;1;973;97302;2;1;1.0;2.0;4,9053700000; -52,3200900000;
202100054412.0;5;69;69259;2;1;1.0;6.0;45,7182081706;4,8712791781;
202100054413.0;1;69;69259;2;2;1.0;3.0;45,7290800000;4,8538300000;
202100054414.0;5;69;69388;2;2;8.0;3.0;45,7469440112;4,8671177030;
202100054415.0;1;2B;2B120;2;1;1.0;6.0;42,6590841528;9,4317814708;
202100054416.0;1;91;91228;2;3;1.0;2.0;48,6331580000;2,4252030000;
202100054417.0;5;91;91223;2;1;1.0;6.0;48,4272860000;2,1386140000;
202100054418.0;1;84;84031;1;1;1.0;4.0;44,0317730000;5,0507810000;
202100054419.0;1;84;84007;2;2;1.0;3.0;43,9284800000;4,8095000000;
202100054420.0;1;81;81004;2;1;1.0;1.0;43,9462000000;2,1515800000;
202100054421.0;1;77;77123;1;1;1.0;1.0;48,9909200000;2,6565800000;
202100054422.0;5;76;76351;2;2;1.0;3.0;49,4985200000;0,1179600000;
202100054423.0;2;69;69266;2;1;7.0;6.0;45,7793118836;4,8812647983;
202100054424.0;1;66;66136;2;1;1.0;2.0;42,6944200000;2,9313800000;
202100054425.0;1;64;64445;2;3;1.0;6.0;43,3165800000; -0,3781700000;
202100054426.0;2;64;64445;2;3;1.0;3.0;43,3359600000; -0,3637400000;
202100054427.0;1;64;64024;2;6;1.0;1.0;43,4843217846; -1,5178928226;
202100054428.0;2;63;63113;2;1;1.0;6.0;45,8074800000;3,1068200000;
202100054429.0;1;60;60175;1;1;7.0;1.0;49,2422300000;2,5030900000;
202100054430.0;5;59;59385;2;1;2.0;6.0;50,2918800000;4,0809800000;
202100054431.0;1;55;55029;2;6;1.0;6.0;48,7763600000;5,1567800000;
202100054432.0;1;54;54323;2;3;1.0;3.0;49,5291700000;5,7631100000;
202100054433.0;5;50;50602;2;2;2.0;3.0;49,6440900000; -1,5811900000;
202100054434.0;5;50;50129;2;2;1.0;6.0;49,6270600000; -1,6360900000;
202100054435.0;5;49;49099;2;1;1.0;6.0;47,0653900000; -0,8873600000;
202100054436.0;2;47;47001;2;7;1.0;6.0;44,2035100000;0,6244800000;
202100054437.0;1;44;44109;2;1;1.0;6.0;47,2090800000; -1,5672500000;
202100054438.0;1;44;44109;2;1;1.0;3.0;47,2238184529; -1,5240155251;
202100054439.0;2;42;42207;2;7;1.0;6.0;45,4749100000;4,5069300000;
202100054440.0;1;38;38544;2;1;1.0;6.0;45,5225900000;4,8751500000;
202100054441.0;1;38;38185;2;1;1.0;6.0;45,1800800000;5,7110700000;
202100054442.0;1;37;37261;2;1;1.0;1.0;47,4140815867;0,6842483018;
202100054443.0;1;35;35238;2;9;1.0;6.0;48,1254100000; -1,6515700000;
202100054444.0;5;35;35238;2;1;2.0;6.0;48,1288280000; -1,6520640000;
202100054445.0;2;34;34172;2;1;1.0;6.0;43,5949000000;3,8613800000;
202100054446.0;1;33;33192;2;1;1.0;6.0;44,7687109282; -0,6112947461;
202100054447.0;5;33;33009;2;1;1.0;1.0;44,6617470000; -1,1805940000;
202100054448.0;3;31;31555;2;1;1.0;1.0;43,6298200000;1,4239600000;
202100054449.0;5;31;31555;2;1;1.0;3.0;43,6002500000;1,4524700000;
202100054450.0;1;31;31555;1;1;1.0;6.0;43,6389700000;1,4217700000;
202100054451.0;5;29;29232;2;1;3.0;6.0;48,0068420000; -4,0971000000;
202100054452.0;1;29;29019;2;2;2.0;3.0;48,3935200000; -4,4923100000;
202100054453.0;2;27;27562;1;3;1.0;5.0;49,0872200000;1,4353400000;
202100054454.0;2;27;27229;2;1;1.0;2.0;49,0143000000;1,1608800000;
202100054455.0;1;17;17274;2;1;1.0;3.0;46,1548400000; -1,0966000000;
202100054456.0;1;17;17300;2;3;1.0;3.0;46,1703500000; -1,1860600000;
202100054457.0;2;13;13103;2;2;1.0;3.0;43,6223220134;5,0990885496;
202100054458.0;1;13;13208;2;1;1.0;3.0;43,2756480000;5,3961900000;
202100054459.0;1;13;13201;2;9;1.0;6.0;43,2989980000;5,3875820000;
202100054460.0;1;13;13047;2;1;1.0;6.0;43,4991450000;4,9874890000;
202100054461.0;1;13;13001;2;1;1.0;2.0;43,5055100000;5,4355400000;
202100054462.0;4;13;13001;1;1;1.0;2.0;43,5635733332;5,4614492735;
202100054463.0;5;11;11262;2;1;6.0;7.0;43,1668207315;2,9872405529;
202100054464.0;1;06;06069;2;1;1.0;7.0;43,6526200000;6,9299300000;
202100054465.0;5;06;06027;2;3;1.0;1.0;43,6610500000;7,1442200000;
202100054466.0;1;05;05061;2;1;1.0;3.0;44,5611250000;6,0802470000;
202100054467.0;1;75;75120;2;1;2.0;6.0;48,8481820000;2,4113790000;
202100054468.0;1;75;75118;2;3;1.0;6.0;48,8979580000;2,3525250000;
202100054469.0;2;75;75114;2;2;2.0;6.0;48,8203750000;2,3254320000;
202100054470.0;4;75;75112;2;2;1.0;3.0;48,8333540000;2,4022690000;
202100054471.0;1;75;75112;2;1;3.0;2.0;48,8428870000;2,4099690000;
202100054472.0;1;75;75111;2;2;1.0;6.0;48,8561840000;2,3828340000;
202100054473.0;2;75;75107;2;1;8.0;3.0;48,8605780000;2,3073130000;
202100054474.0;1;94;94068;2;2;2.0;3.0;48,7886200000;2,4892900000;
202100054475.0;1;94;94068;2;1;1.0;6.0;48,7950000000;2,4941000000;
202100054476.0;1;94;94052;2;1;1.0;3.0;48,8349090000;2,4787010000;
202100054477.0;1;94;94043;2;1;2.0;1.0;48,8097000000;2,3586200000;
202100054478.0;1;94;94076;2;1;1.0;3.0;48,7974700000;2,3660500000;
202100054479.0;1;94;94041;2;1;1.0;3.0;48,8105900000;2,3841900000;
202100054480.0;5;94;94041;2;1;2.0;7.0;48,8177400000;2,4031100000;
202100054481.0;1;94;94019;2;9;3.0;3.0;48,7922300000;2,5325800000;
202100054482.0;1;94;94017;2;3;2.0;3.0;48,8166180000;2,5490270000;
202100054483.0;5;93;93051;2;1;1.0;6.0;48,8429300000;2,5730600000;
202100054484.0;1;93;93050;2;1;2.0;3.0;48,8709195272;2,5545842521;
202100054485.0;5;93;93013;2;2;1.0;6.0;48,9379000000;2,4287900000;
202100054486.0;1;93;93027;2;1;8.0;6.0;48,9268600000;2,3848000000;
202100054487.0;1;92;92075;2;2;2.0;1.0;48,8166217330;2,2750350060;
202100054488.0;5;92;92063;2;3;2.0;3.0;48,8929100000;2,1721000000;
202100054489.0;2;92;92062;2;1;1.0;6.0;48,8844305873;2,2377768740;
202100054490.0;5;92;92049;2;2;2.0;2.0;48,8121000000;2,3263600000;
202100054491.0;1;92;92036;2;1;1.0;6.0;48,9291144952;2,2846684457;
202100054492.0;1;92;92024;2;3;8.0;3.0;48,9046599338;2,2935494135;
202100054493.0;1;92;92024;2;1;8.0;6.0;48,9003300000;2,3152300000;
202100054494.0;5;92;92060;2;1;1.0;6.0;48,7769200000;2,2452100000;
202100054495.0;1;92;92012;2;3;2.0;6.0;48,8299992855;2,2315281630;
202100054496.0;1;92;92004;2;1;1.0;6.0;48,9090384327;2,2855052080;
202100054497.0;4;92;92004;2;3;3.0;6.0;48,9308783383;2,2829375402;
202100054498.0;2;36;36162;1;1;7.0;6.0;47,1411682342;1,6512451808;
202100054499.0;1;31;31116;2;1;1.0;1.0;43,7029240000;1,4303900000;
202100054500.0;5;88;88181;2;3;8.0;3.0;48,1831780000;7,0032260000;
202100054501.0;2;83;83054;1;1;1.0;2.0;43,1570930000;6,0455700000;
202100054502.0;2;34;34270;2;2;1.0;3.0;43,5713900000;3,8134360000;
202100054503.0;1;27;27289;1;1;1.0;6.0;48,9536210000;0,4265360000;
202100054504.0;3;56;56113;1;1;2.0;6.0;48,0541530000; -3,2141770000;
202100054505.0;1;74;74198;1;1;7.0;1.0;45,9285730000;6,1870620000;
202100054506.0;1;12;12243;1;1;1.0;6.0;44,0150790000;2,9355700000;
202100054507.0;3;34;34031;1;1;1.0;6.0;43,3430480000;3,4249660000;
202100054508.0;1;39;39546;1;1;7.0;1.0;46,9818700000;5,6122000000;
202100054509.0;2;40;40274;1;1;1.0;7.0;43,9546720000; -0,5929830000;
202100054510.0;5;85;85179;2;1;1.0;1.0;46,5071690000; -1,5355380000;
202100054511.0;1;28;28140;2;1;1.0;6.0;48,6030060000;1,6664350000;
202100054512.0;1;24;24289;1;1;1.0;6.0;44,8535260000;0,0759550000;
202100054513.0;1;35;35206;1;1;1.0;2.0;48,0597770000; -1,7006280000;
202100054514.0;1;973;97309;1;1;1.0;1.0;4,8797020000; -52,2798590000;
202100054515.0;1;69;69244;2;2;7.0;3.0;45,7641740000;4,7690700000;
202100054516.0;1;13;13001;1;1;1.0;3.0;43,5119580000;5,4566000000;
202100054517.0;1;77;77153;2;1;1.0;1.0;49,0536450000;2,6848270000;
202100054518.0;5;78;78206;1;6;1.0;2.0;48,9451380000;1,9296030000;
202100054519.0;1;83;83115;1;1;1.0;6.0;43,3128130000;6,6689050000;
202100054520.0;3;83;83079;1;1;2.0;7.0;43,2244420000;6,5060090000;
202100054521.0;3;89;89438;1;1;1.0;2.0;47,8012790000;3,6435770000;
202100054522.0;1;10;10195;1;1;1.0;7.0;48,5984650000;4,3245790000;
202100054523.0;1;42;42005;2;1;6.0;6.0;45,5279980000;4,2645570000;
202100054524.0;1;38;38317;2;2;1.0;3.0;45,1281340000;5,6953060000;
202100054525.0;1;01;01281;2;1;1.0;3.0;46,2835990000;6,0865700000;
202100054526.0;1;69;69009;2;1;1.0;6.0;45,9386730000;4,7128960000;
202100054527.0;1;31;31395;2;1;7.0;6.0;43,4583710000;1,3344420000;
202100054528.0;1;33;33056;2;3;1.0;3.0;44,9115560000; -0,6369120000;
202100054529.0;1;50;50597;1;1;1.0;6.0;48,7088510000; -1,2725690000;
202100054530.0;5;76;76276;2;3;2.0;2.0;49,6097570000;1,5358440000;
202100054531.0;1;13;13215;1;1;1.0;3.0;43,3491100000;5,3698700000;
202100054532.0;1;13;13071;1;1;1.0;3.0;43,4112451627;5,2830182353;
202100054533.0;3;13;13001;1;1;1.0;7.0;43,5042700000;5,4100400000;
202100054534.0;2;13;13202;1;1;1.0;5.0;43,3176100000;5,3676500000;
202100054535.0;5;38;38336;1;1;5.0;2.0;45,4765300000;4,8345200000;
202100054536.0;3;38;38087;1;1;1.0;5.0;45,5822585370;4,8013043404;
202100054537.0;1;42;42218;1;1;1.0;3.0;45,4349700000;4,4309400000;
202100054538.0;1;33;33122;1;1;1.0;6.0;44,7201910000; -0,7391400000;
202100054539.0;1;94;94043;1;1;1.0;6.0;48,8066203478;2,3462343178;
202100054540.0;1;94;94003;1;1;2.0;2.0;48,8099200000;2,3390000000;
202100054541.0;5;91;91589;1;1;1.0;6.0;48,6776800000;2,3389200000;
202100054542.0;1;94;94038;2;1;1.0;2.0;48,7773800000;2,3461000000;
202100054543.0;1;78;78217;1;1;1.0;3.0;48,9633140000;1,8314380000;
202100054544.0;1;93;93066;1;1;2.0;7.0;48,9193634411;2,3575464282;
202100054545.0;3;93;93005;1;1;2.0;2.0;48,9694300000;2,4818000000;
202100054546.0;3;92;92036;1;1;1.0;2.0;48,9383816776;2,3133085293;
202100054547.0;1;93;93064;1;1;1.0;3.0;48,8761200000;2,4784600000;
202100054548.0;1;988;98818;2;2;1.0;6.0; -22,2755700000;166,4447600000;
202100054549.0;1;974;97416;1;1;1.0;3.0; -21,3332400000;55,4612700000;
202100054550.0;3;972;97213;1;1;3.0;2.0;14,5967200000; -60,9947000000;