Num_Acc;lum;departement;commune;agglomeration;intersection;meteo;type_collision;lat;long;date
202100054551.0;2;972;97209;2;1;1.0;2.0;14,6052700000; -61,0562700000;
202100054552.0;1;69;69382;2;3;8.0;2.0;45,7501986174;4,8315420956;
202100054553.0;1;971;97101;2;1;1.0;6.0;16,2674100000; -61,4843900000;
202100054554.0;2;95;95018;2;4;1.0;6.0;48,9521391317;2,2672150932;
202100054555.0;1;89;89387;2;3;3.0;3.0;48,2069944384;3,2700984166;
202100054556.0;1;88;88160;2;1;1.0;6.0;48,1610290000;6,4507020000;
202100054557.0;5;87;87085;2;1;1.0;3.0;45,8184700000;1,2566500000;
202100054558.0;1;87;87085;2;2;1.0;7.0;45,8455300000;1,2559100000;
202100054559.0;1;87;87085;2;3;1.0;3.0;45,8235700000;1,2405300000;
202100054560.0;1;87;87113;2;1;1.0;7.0;45,8599700000;1,3162300000;
202100054561.0;5;83;83062;2;1;1.0;1.0;43,1232750000;6,0137410000;
202100054562.0;1;83;83129;2;1;1.0;6.0;43,0929930000;5,8391430000;
202100054563.0;1;81;81004;2;1;1.0;3.0;43,9245500000;2,1899000000;
202100054564.0;5;80;80021;2;1;1.0;6.0;49,9064063122;2,3180496567;
202100054565.0;5;80;80021;2;1;2.0;1.0;49,8913100000;2,2965900000;
202100054566.0;1;77;77169;2;1;1.0;6.0;48,8205000000;2,6130400000;
202100054567.0;3;77;77186;1;1;1.0;6.0;48,4032000000;2,7553000000;
202100054568.0;1;76;76351;1;5;1.0;4.0;49,5016960879;0,1160162687;
202100054569.0;3;76;76351;1;1;1.0;6.0;49,5246600000;0,1800500000;
202100054570.0;3;71;71153;1;1;4.0;7.0;46,8086600000;4,3957400000;
202100054571.0;1;67;67447;2;1;1.0;6.0;48,6097810000;7,7383860000;
202100054572.0;1;64;64102;2;1;2.0;7.0;43,4928700000; -1,4802300000;
202100054573.0;1;64;64102;2;1;2.0;3.0;43,4978000000; -1,4910600000;
202100054574.0;1;64;64024;2;1;2.0;1.0;43,4975400000; -1,5043500000;
202100054575.0;5;63;63113;2;5;1.0;3.0;45,7642300000;3,1254800000;
202100054576.0;1;63;63113;2;1;1.0;2.0;45,7894800000;3,1180800000;
202100054577.0;1;63;63113;2;1;1.0;3.0;45,8066800000;3,1165800000;
202100054578.0;5;62;62193;2;1;1.0;6.0;50,9570900000;1,8980500000;
202100054579.0;1;59;59343;2;9;1.0;6.0;50,5902800000;3,1019700000;
202100054580.0;5;59;59220;2;1;1.0;6.0;50,6035660000;3,0649450000;
202100054581.0;1;56;56260;2;6;1.0;3.0;47,6400000000; -2,7694000000;
202100054582.0;4;56;56162;1;1;2.0;6.0;47,7328300000; -3,4849500000;
202100054583.0;5;54;54547;2;1;8.0;6.0;48,6591800000;6,1585300000;
202100054584.0;5;54;54547;2;1;1.0;6.0;48,6601145212;6,1763709784;
202100054585.0;1;49;49328;2;1;1.0;6.0;47,2415500000; -0,0685500000;
202100054586.0;1;49;49328;2;6;1.0;3.0;47,2521700000; -0,0873000000;
202100054587.0;5;49;49099;2;2;8.0;3.0;47,0594800000; -0,8740200000;
202100054588.0;1;49;49246;2;1;1.0;7.0;47,4330400000; -0,5174600000;
202100054589.0;5;49;49267;2;1;2.0;6.0;47,4629200000; -0,4791400000;
202100054590.0;3;47;47031;1;1;5.0;2.0;44,1739600000;0,6290900000;
202100054591.0;3;39;39150;1;1;8.0;2.0;47,0550000000;5,4401400000;
202100054592.0;5;38;38544;2;1;2.0;2.0;45,5253900000;4,8770400000;
202100054593.0;1;33;33013;2;1;1.0;3.0;44,8544800000; -0,4995100000;
202100054594.0;2;33;33281;2;4;1.0;1.0;44,8414200000; -0,6498600000;
202100054595.0;5;30;30007;2;1;1.0;6.0;44,1410400000;4,0900400000;
202100054596.0;1;22;22215;2;3;1.0;3.0;48,4973776490; -2,7901047507;
202100054597.0;1;19;19031;2;3;1.0;7.0;45,1664600000;1,5316900000;
202100054598.0;1;13;13211;2;1;1.0;3.0;43,2886600000;5,4362000000;
202100054599.0;1;13;13213;2;1;1.0;6.0;43,3267220011;5,4095904329;
202100054600.0;5;12;12013;2;1;1.0;1.0;44,5276000000;2,2622000000;
202100054601.0;1;75;75113;2;1;1.0;2.0;48,8260810000;2,3879370000;
202100054602.0;2;75;75120;2;1;1.0;6.0;48,8663660000;2,3836670000;
202100054603.0;1;75;75113;2;1;1.0;6.0;48,8202990000;2,3591050000;
202100054604.0;1;75;75112;2;3;1.0;3.0;48,8514320000;2,3699020000;
202100054605.0;5;75;75112;2;3;1.0;3.0;48,8455280000;2,3711460000;
202100054606.0;5;75;75111;2;2;8.0;3.0;48,8646170000;2,3780380000;
202100054607.0;2;75;75109;2;1;1.0;6.0;48,8718930000;2,3264620000;
202100054608.0;1;94;94081;2;1;1.0;6.0;48,7973300000;2,3802800000;
202100054609.0;1;94;94081;2;3;1.0;3.0;48,8028900000;2,4103400000;
202100054610.0;1;94;94079;2;1;1.0;3.0;48,8240000000;2,5410000000;
202100054611.0;5;94;94002;2;2;1.0;3.0;48,8145500000;2,4139000000;
202100054612.0;1;93;93062;2;9;1.0;6.0;48,8957000000;2,5269000000;
202100054613.0;5;93;93046;2;1;1.0;4.0;48,9107000000;2,5129000000;
202100054614.0;1;93;93006;2;2;1.0;3.0;48,8763000000;2,4259200000;
202100054615.0;1;93;93029;2;9;1.0;7.0;48,9182990618;2,4434806282;
202100054616.0;3;93;93010;2;1;1.0;6.0;48,9032482959;2,4960746073;
202100054617.0;1;92;92046;2;1;1.0;3.0;48,8118382553;2,2807359695;
202100054618.0;5;92;92064;2;1;1.0;2.0;48,8446999397;2,2203371147;
202100054619.0;1;92;92063;2;2;2.0;6.0;48,8813700000;2,1843900000;
202100054620.0;5;92;92044;2;1;1.0;2.0;48,8903900000;2,2919000000;
202100054621.0;1;60;60590;1;3;1.0;3.0;49,5396240326;1,9955935477;
202100054622.0;3;28;28219;1;1;1.0;6.0;48,2318110000;1,0291960000;
202100054623.0;3;63;63326;1;1;1.0;6.0;45,6989312110;2,8776615858;
202100054624.0;3;14;14738;1;1;2.0;2.0;49,1643640000; -0,4369640000;
202100054625.0;1;04;04033;1;1;1.0;1.0;44,4457600000;6,3295730000;
202100054626.0;1;81;81204;1;1;5.0;6.0;43,5216370000;2,3279000000;
202100054627.0;1;63;63202;1;2;1.0;3.0;45,4289370000;3,1932020000;
202100054628.0;1;63;63457;1;1;2.0;6.0;45,6499210000;3,2261610000;
202100054629.0;1;61;61293;2;1;9.0;7.0;48,5147670000;0,5473530000;
202100054630.0;1;49;49347;2;2;1.0;3.0;47,6203100000; -0,4663610000;
202100054631.0;1;31;31106;2;1;1.0;1.0;43,5314930000;1,7549690000;
202100054632.0;1;31;31522;1;1;1.0;7.0;43,2991140000;0,8315530000;
202100054633.0;1;03;03226;1;1;1.0;1.0;46,3694589268;3,8585452398;
202100054634.0;5;06;06059;1;1;1.0;2.0;43,7303600000;7,3775160000;
202100054635.0;1;83;83039;1;1;1.0;4.0;43,5127782565;6,0188041867;
202100054636.0;1;83;83046;2;1;1.0;6.0;43,5205292680;6,1621007867;
202100054637.0;1;09;09223;2;6;7.0;6.0;42,8802957935;1,2156103824;
202100054638.0;1;16;16064;1;1;1.0;1.0;45,9444060000;0,8663750000;
202100054639.0;1;40;40217;1;1;1.0;6.0;44,3542460000; -1,1032730000;
202100054640.0;1;28;28199;2;7;7.0;6.0;48,1999560000;1,8833450000;
202100054641.0;1;973;97309;1;1;1.0;2.0;4,9012820000; -52,3052860000;
202100054642.0;1;988;98820;1;1;1.0;7.0; -20,7225210000;166,4095260000;
202100054643.0;1;974;97424;1;1;1.0;6.0; -21,1889830000;55,4511740000;
202100054644.0;1;973;97305;1;1;6.0;7.0;4,9102740000; -52,3700990000;
202100054645.0;3;971;97117;1;1;1.0;1.0;16,3356970000; -61,3765380000;
202100054646.0;5;37;37163;2;6;8.0;3.0;47,4195180527;0,9776048015;
202100054647.0;3;95;95370;1;1;1.0;3.0;49,1326020000;1,9891910000;
202100054648.0;2;2B;2B205;1;1;1.0;1.0;42,6947540000;9,3343230000;
202100054649.0;1;67;67519;1;1;4.0;1.0;48,6423520000;7,7889200000;
202100054650.0;1;03;03102;2;1;8.0;6.0;46,5242410083;3,6787093250;
202100054651.0;2;44;44047;1;3;1.0;3.0;47,2285890000; -1,7107880000;
202100054652.0;3;60;60134;2;2;1.0;2.0;49,3183755697;2,4323501090;
202100054653.0;3;59;59640;1;1;2.0;7.0;50,2974270000;3,6865400000;
202100054654.0;1;59;59252;2;6;1.0;3.0;50,7111920000;2,9394220000;
202100054655.0;1;59;59523;1;1;2.0;6.0;50,5849090000;3,1429590000;
202100054656.0;3;59;59196;1;1;1.0;4.0;50,6315490000;2,9542050000;
202100054657.0;3;91;91161;1;1;1.0;2.0;48,7197000000;2,3108100000;
202100054658.0;1;78;78402;1;1;1.0;6.0;48,9638510000;1,7902000000;
202100054659.0;1;92;92036;1;1;2.0;5.0;48,9325700000;2,3219300000;
202100054660.0;1;93;93010;1;1;2.0;3.0;48,9063200000;2,4720700000;
202100054661.0;3;95;95582;1;1;1.0;2.0;48,9736400000;2,2462000000;
202100054662.0;3;94;94069;1;1;2.0;2.0;48,8173924160;2,4362247214;
202100054663.0;5;976;97611;2;1;1.0;1.0; -12,7942200000;45,2150100000;
202100054664.0;3;972;97213;1;1;1.0;7.0;14,6624500000; -60,9945700000;
202100054665.0;1;972;97209;1;1;1.0;6.0;14,6240400000; -61,0511000000;
202100054666.0;1;972;97209;1;1;1.0;2.0;14,6150300000; -61,0532500000;
202100054667.0;1;69;69389;2;1;7.0;2.0;45,7928555890;4,8199432944;
202100054668.0;1;69;69152;1;6;4.0;6.0;45,6934708071;4,8278152943;
202100054669.0;2;971;97101;1;1;2.0;1.0;16,2923200000; -61,5116800000;
202100054670.0;5;95;95572;2;1;2.0;6.0;49,0417100000;2,1122100000;
202100054671.0;2;83;83137;2;1;1.0;6.0;43,1293000000;5,8997900000;
202100054672.0;3;74;74012;2;1;1.0;6.0;46,1843900000;6,2307600000;
202100054673.0;1;73;73008;2;6;1.0;6.0;45,6969368522;5,9071993828;
202100054674.0;5;69;69256;2;1;9.0;2.0;45,7672800000;4,9336100000;
202100054675.0;5;69;69282;2;1;8.0;6.0;45,7667400000;5,0026800000;
202100054676.0;5;59;59599;2;3;8.0;3.0;50,7331200000;3,1865900000;
202100054677.0;2;59;59386;2;3;4.0;5.0;50,6785500000;3,0637800000;
202100054678.0;5;35;35238;2;1;2.0;6.0;48,0934800000; -1,6677700000;
202100054679.0;2;33;33063;2;3;1.0;3.0;44,8372300000; -0,5811600000;
202100054680.0;1;33;33529;2;3;1.0;3.0;44,6186800000; -1,1253100000;
202100054681.0;2;30;30007;2;6;1.0;3.0;44,1300000000;4,0800000000;
202100054682.0;1;17;17300;2;1;1.0;6.0;46,1619100000; -1,1824300000;
202100054683.0;5;13;13216;2;1;1.0;6.0;43,3603100000;5,2950600000;
202100054684.0;2;13;13209;2;1;1.0;6.0;43,2556300000;5,4061220000;
202100054685.0;2;13;13206;2;1;2.0;6.0;43,2873470000;5,3770190000;
202100054686.0;5;75;75106;2;1;1.0;3.0;48,8456070000;2,3398920000;
202100054687.0;5;75;75120;2;2;2.0;3.0;48,8480980000;2,3991360000;
202100054688.0;1;75;75116;2;2;1.0;3.0;48,8621380000;2,2725690000;
202100054689.0;1;75;75116;2;2;1.0;6.0;48,8420380000;2,2659510000;
202100054690.0;2;75;75112;2;1;1.0;1.0;48,8376620000;2,3917710000;
202100054691.0;5;75;75111;2;2;1.0;3.0;48,8657690000;2,3699700000;
202100054692.0;1;75;75103;2;3;1.0;7.0;48,8601030000;2,3674580000;
202100054693.0;1;94;94074;2;1;1.0;1.0;48,7703600000;2,4466800000;
202100054694.0;1;94;94034;2;1;2.0;6.0;48,7572000000;2,3262400000;
202100054695.0;1;94;94075;2;1;4.0;2.0;48,7234900000;2,5285300000;
202100054696.0;1;94;94054;2;9;1.0;5.0;48,7503000000;2,3993600000;
202100054697.0;5;94;94022;2;3;8.0;2.0;48,7647405256;2,4098071563;
202100054698.0;1;94;94004;2;1;1.0;2.0;48,7590810000;2,5080410000;
202100054699.0;1;93;93073;1;9;1.0;2.0;49,0022129537;2,5369678671;
202100054700.0;1;93;93066;2;1;2.0;2.0;48,9256606524;2,3506460132;
202100054701.0;5;93;93047;2;2;1.0;1.0;48,9032397715;2,5586077841;
202100054702.0;2;92;92044;2;1;1.0;3.0;48,8971784420;2,2953515424;
202100054703.0;3;47;47100;1;1;1.0;6.0;44,2735140000;0,6321860000;
202100054704.0;1;16;16229;2;3;1.0;6.0;46,0741350000;0,1028250000;
202100054705.0;1;13;13078;2;1;1.0;6.0;43,3935950000;4,8026590000;
202100054706.0;2;28;28327;1;1;1.0;6.0;48,1891690000;0,8099570000;
202100054707.0;1;35;35359;1;1;1.0;2.0;47,9389770000; -1,2886670000;
202100054708.0;3;26;26010;2;1;2.0;6.0;45,2612770000;4,8741180000;
202100054709.0;3;44;44047;1;1;1.0;1.0;47,2540530000; -1,6743640000;
202100054710.0;3;74;74225;2;1;4.0;2.0;45,8584110000;5,9299990000;
202100054711.0;1;76;76689;1;1;3.0;6.0;49,7192700000;0,5066260000;
202100054712.0;1;76;76752;2;1;1.0;6.0;49,6695230000;0,9008340000;
202100054713.0;5;76;76120;2;1;5.0;1.0;49,5926590000;1,4124940000;
202100054714.0;1;79;79137;1;1;1.0;1.0;46,2324150000; -0,4625630000;
202100054715.0;1;81;81070;1;1;5.0;2.0;43,7881530000;1,7417960000;
202100054716.0;3;61;61272;1;1;2.0;7.0;48,7473990000;0,2967970000;
202100054717.0;1;49;49261;1;3;1.0;1.0;47,3544370000; -0,2977040000;
202100054718.0;1;44;44072;1;1;1.0;2.0;47,4701790000; -2,3074620000;
202100054719.0;1;29;29069;2;1;7.0;1.0;48,4256250000; -4,5666976704;
202100054720.0;2;03;03275;1;1;1.0;6.0;46,5250605783;3,1537902670;
202100054721.0;2;15;15152;1;3;1.0;1.0;44,9268000000;2,8438710000;
202100054722.0;2;64;64386;2;1;1.0;7.0;43,1840970000; -0,2437430000;
202100054723.0;1;23;23032;2;4;1.0;6.0;46,3512105845;2,2134232521;
202100054724.0;1;37;37018;1;1;1.0;1.0;47,3669010000;0,6372280000;
202100054725.0;3;30;30341;1;1;1.0;6.0;43,5765820000;4,2933800000;
202100054726.0;1;973;97309;2;1;1.0;6.0;4,9160040000; -52,2756740000;
202100054727.0;2;06;06085;2;1;8.0;7.0;43,6092650000;6,9815810000;
202100054728.0;5;976;97606;2;9;1.0;3.0; -12,9339960000;45,1529930000;
202100054729.0;3;21;21054;1;1;8.0;6.0;47,0574310000;4,7915790000;
202100054730.0;1;988;98822;1;4;1.0;6.0; -20,9162980000;165,3030820000;
202100054731.0;1;974;97419;2;1;1.0;2.0; -21,1572540000;55,8234590000;
202100054732.0;1;974;97418;1;1;1.0;2.0; -20,8994740000;55,5237380000;
202100054733.0;5;973;97311;2;3;2.0;2.0;5,4910850000; -54,0322480000;
202100054734.0;3;972;97224;1;1;2.0;6.0;14,6709400000; -61,0231140000;
202100054735.0;1;21;21540;2;1;8.0;6.0;47,3297150815;5,0742551340;
202100054736.0;1;34;34327;1;1;1.0;1.0;43,6757870000;3,9514300000;
202100054737.0;1;84;84054;2;1;1.0;1.0;43,9192800000;5,0417270000;
202100054738.0;1;69;69069;2;2;1.0;6.0;45,7460420000;4,7309550000;
202100054739.0;1;17;17056;1;1;1.0;6.0;45,6052000000; -0,5212820000;
202100054740.0;1;91;91136;1;1;1.0;7.0;48,7106100000;2,2873200000;
202100054741.0;1;91;91589;1;1;2.0;3.0;48,6805800000;2,3316000000;
202100054742.0;3;94;94038;1;1;1.0;3.0;48,7872277387;2,3448745932;
202100054743.0;3;78;78322;1;1;8.0;2.0;48,7815210000;2,1662010000;
202100054744.0;1;92;92050;1;1;3.0;6.0;48,9003097159;2,2081911514;
202100054745.0;1;78;78466;1;1;4.0;6.0;48,9346940000;1,9664380000;
202100054746.0;1;78;78322;1;1;4.0;6.0;48,7825440000;2,1577080000;
202100054747.0;1;78;78322;1;1;4.0;6.0;48,7805200000;2,1740200000;
202100054748.0;1;974;97416;2;1;1.0;1.0; -21,2855000000;55,4701000000;
202100054749.0;1;974;97416;1;1;1.0;2.0; -21,3108500000;55,4350200000;
202100054750.0;1;974;97407;1;1;1.0;3.0; -20,9561000000;55,3122000000;
202100054751.0;4;973;97302;2;1;1.0;3.0;4,9347100000; -52,3117700000;
202100054752.0;5;69;69387;2;2;8.0;3.0;45,7521997239;4,8415932655;
202100054753.0;1;971;97105;2;9;1.0;6.0;15,9991500000; -61,7344000000;
202100054754.0;1;83;83137;2;9;8.0;6.0;43,1234500000;5,9481100000;
202100054755.0;1;83;83129;2;1;1.0;3.0;43,1034791197;5,8196249999;
202100054756.0;1;78;78418;2;1;4.0;2.0;48,9251170000;2,1517750000;
202100054757.0;1;72;72181;2;1;1.0;3.0;48,0079000000;0,1980800000;
202100054758.0;1;69;69256;2;3;1.0;2.0;45,7664700000;4,9299000000;
202100054759.0;5;64;64024;2;1;1.0;7.0;43,4830100000; -1,5035600000;
202100054760.0;1;64;64024;2;1;1.0;7.0;43,4556700000; -1,4948600000;
202100054761.0;1;62;62119;2;9;2.0;6.0;50,5253050000;2,6503660000;
202100054762.0;1;59;59599;2;1;4.0;2.0;50,7368300000;3,1688000000;
202100054763.0;5;59;59183;2;1;1.0;6.0;51,0194444515;2,3280715942;
202100054764.0;2;49;49007;2;3;2.0;1.0;47,4482600000; -0,5603300000;
202100054765.0;1;44;44109;2;1;1.0;6.0;47,2071570000; -1,5800300000;
202100054766.0;1;37;37261;2;1;1.0;7.0;47,4244493167;0,7123045921;
202100054767.0;5;35;35238;2;9;2.0;3.0;48,1099000000; -1,6739100000;
202100054768.0;1;35;35238;2;1;2.0;6.0;48,1141900000; -1,6772900000;
202100054769.0;1;33;33162;2;3;1.0;2.0;44,8626570000; -0,6495550000;
202100054770.0;1;33;33281;1;1;1.0;4.0;44,8452800000; -0,7280300000;
202100054771.0;1;29;29232;2;1;2.0;7.0;47,9902500000; -4,0739000000;
202100054772.0;2;27;27229;2;1;4.0;2.0;49,0190500000;1,1184500000;
202100054773.0;3;26;26198;2;6;1.0;3.0;44,5551800000;4,7593300000;
202100054774.0;5;07;07316;2;1;2.0;7.0;44,8971500000;4,8517300000;
202100054775.0;2;75;75117;2;1;8.0;4.0;48,8915170000;2,3003890000;
202100054776.0;2;75;75118;2;4;1.0;5.0;48,9008990000;2,3638980000;
202100054777.0;5;75;75108;2;2;1.0;6.0;48,8683894136;2,3011261225;
202100054778.0;4;75;75104;2;1;2.0;6.0;48,8530250000;2,3586460000;
202100054779.0;2;75;75118;2;5;4.0;6.0;48,8917140000;2,3487420000;
202100054780.0;1;75;75117;2;3;4.0;6.0;48,8899280000;2,3001440000;
202100054781.0;1;75;75116;2;1;4.0;6.0;48,8717260000;2,2804610000;
202100054782.0;1;75;75116;2;4;4.0;6.0;48,8555580000;2,2750510000;
202100054783.0;5;75;75117;2;7;1.0;3.0;48,8786285526;2,2821468115;
202100054784.0;5;75;75115;2;1;2.0;6.0;48,8452930000;2,2760370000;
202100054785.0;1;75;75112;2;7;4.0;3.0;48,8353540591;2,4066048252;
202100054786.0;2;75;75111;2;3;2.0;6.0;48,8630690000;2,3761800000;
202100054787.0;1;75;75111;2;1;4.0;3.0;48,8542990000;2,3778770000;
202100054788.0;5;75;75111;2;1;2.0;2.0;48,8697510000;2,3712510000;
202100054789.0;5;75;75108;2;1;2.0;3.0;48,8818300000;2,3197900000;
202100054790.0;1;94;94068;2;1;4.0;3.0;48,8019900000;2,4880400000;
202100054791.0;1;94;94021;2;1;4.0;1.0;48,7719100000;2,3450400000;
202100054792.0;1;94;94011;2;9;1.0;1.0;48,7687560000;2,4848620000;
202100054793.0;1;94;94079;2;1;4.0;3.0;48,8200000000;2,5400000000;
202100054794.0;1;93;93071;2;1;4.0;2.0;48,9484700000;2,5307500000;
202100054795.0;5;93;93010;2;1;1.0;3.0;48,9055743608;2,4867339695;
202100054796.0;1;93;93007;2;9;1.0;3.0;48,9381112755;2,4712868984;
202100054797.0;1;92;92022;2;3;4.0;2.0;48,8085769378;2,1959111094;
202100054798.0;1;92;92062;2;3;2.0;3.0;48,8770820656;2,2411918940;
202100054799.0;1;92;92023;2;1;4.0;2.0;48,8060380000;2,2691740000;
202100054800.0;1;92;92007;2;1;4.0;6.0;48,7947142920;2,3148214817;
202100054801.0;2;83;83136;1;1;1.0;5.0;43,4636350000;6,2785150000;
202100054802.0;1;57;57361;1;1;4.0;1.0;49,3978480000;6,3815760000;
202100054803.0;1;83;83130;1;1;1.0;7.0;43,1894710000;6,0555430000;
202100054804.0;3;35;35024;1;1;1.0;6.0;48,1841010000; -1,6121390000;
202100054805.0;2;57;57618;2;3;4.0;3.0;48,7173530000;7,1874670000;
202100054806.0;1;51;51662;2;3;1.0;3.0;49,2947566128;4,1249895544;
202100054807.0;1;56;56240;1;1;2.0;7.0;47,5406790000; -2,7339970000;
202100054808.0;1;74;74103;1;2;1.0;1.0;45,9036870000;6,6772410000;
202100054809.0;1;32;32132;1;1;1.0;6.0;43,8599910000;0,6831910000;
202100054810.0;3;11;11015;1;1;1.0;6.0;42,9522210000;2,3673770000;
202100054811.0;1;63;63125;2;1;1.0;6.0;45,7551650000;3,5428010000;
202100054812.0;3;55;55215;1;1;4.0;7.0;48,4963210000;5,5049870000;
202100054813.0;2;29;29174;1;1;1.0;5.0;47,8972936104; -4,2702264543;
202100054814.0;2;38;38229;2;1;1.0;6.0;45,2045870000;5,7787390000;
202100054815.0;1;15;15236;1;1;8.0;5.0;45,0103260000;2,6708900000;
202100054816.0;1;60;60495;1;1;1.0;6.0;49,5227634845;2,4492256989;
202100054817.0;1;18;18289;1;2;1.0;3.0;46,9516100000;2,5685690000;
202100054818.0;5;28;28359;2;1;1.0;1.0;48,7620330000;1,2374940000;
202100054819.0;2;988;98805;1;3;1.0;6.0; -22,1501460000;166,4542540000;
202100054820.0;1;78;78043;1;6;4.0;3.0;48,8305430000;2,0845480000;
202100054821.0;3;69;69288;1;1;2.0;6.0;45,6942350000;5,0860480000;
202100054822.0;3;22;22384;1;1;2.0;2.0;48,2887330000; -2,8262330000;
202100054823.0;3;78;78003;1;1;2.0;7.0;48,5312140000;1,8538570000;
202100054824.0;5;971;97128;2;1;1.0;6.0;16,2245230000; -61,3795210000;
202100054825.0;1;91;91405;1;1;4.0;4.0;48,4267940000;2,4690430000;
202100054826.0;3;84;84141;1;1;1.0;7.0;43,9853270000;4,8901070000;
202100054827.0;1;83;83047;2;1;1.0;6.0;43,1513840000;6,0710080000;
202100054828.0;1;83;83138;1;1;1.0;5.0;43,6100420000;6,7205910000;
202100054829.0;1;13;13093;1;9;8.0;1.0;43,6914130000;5,3903280000;
202100054830.0;5;13;13041;2;6;1.0;7.0;43,4646000000;5,4655690000;
202100054831.0;5;31;31433;1;1;1.0;1.0;43,5380000000;1,3694980000;
202100054832.0;1;86;86061;1;1;1.0;6.0;46,1363170000;0,4470720000;
202100054833.0;1;33;33038;1;1;1.0;6.0;45,3763590000; -0,9425860000;
202100054834.0;2;60;60612;2;1;1.0;6.0;49,2164710000;2,5940590000;
202100054835.0;3;38;38557;1;1;9.0;2.0;45,7669100000;5,0691700000;
202100054836.0;1;78;78217;1;1;4.0;6.0;48,9643730000;1,8237990000;
202100054837.0;3;78;78498;1;1;1.0;6.0;48,9147100000;2,0060200000;
202100054838.0;1;77;77169;1;1;1.0;3.0;48,8124000000;2,6288500000;
202100054839.0;1;94;94017;1;1;1.0;7.0;48,8291100000;2,4804000000;
202100054840.0;5;94;94033;1;1;1.0;2.0;48,8565300000;2,4890000000;
202100054841.0;3;976;97611;2;3;1.0;1.0; -12,8075000000;45,2051300000;
202100054842.0;1;974;97409;2;1;1.0;6.0; -20,9593023175;55,6534534403;
202100054843.0;1;973;97302;2;1;1.0;6.0;4,9346100000; -52,3182600000;
202100054844.0;1;973;97302;2;1;1.0;3.0;4,9093600000; -52,3217900000;
202100054845.0;1;973;97302;1;1;1.0;3.0;4,9053700000; -52,3200900000;
202100054846.0;1;973;97302;2;3;1.0;3.0;4,9354100000; -52,3127400000;
202100054847.0;5;69;69388;2;2;2.0;3.0;45,7293800000;4,8677600000;
202100054848.0;5;69;69383;2;1;2.0;6.0;45,7560200000;4,8409900000;
202100054849.0;1;69;69259;2;1;2.0;6.0;45,7028100000;4,8850700000;
202100054850.0;1;69;69386;2;3;2.0;2.0;45,7754359938;4,8467806577;
202100054851.0;1;69;69259;2;1;2.0;4.0;45,7031862405;4,8951515872;
202100054852.0;1;69;69388;2;8;2.0;3.0;45,7412505808;4,8852422724;
202100054853.0;5;69;69387;2;2;1.0;3.0;45,7525235769;4,8462075621;
202100054854.0;1;972;97213;1;1;1.0;6.0;14,6566400000; -60,9723300000;
202100054855.0;5;69;69385;2;1;2.0;3.0;45,7561800000;4,8044400000;
202100054856.0;2;971;97101;2;1;2.0;6.0;16,2516300000; -61,5211600000;
202100054857.0;1;971;97101;1;1;1.0;7.0;16,2931800000; -61,5112900000;
202100054858.0;1;971;97101;1;9;1.0;3.0;16,2612400000; -61,5046400000;
202100054859.0;5;2A;2A004;2;2;1.0;3.0;41,9087713193;8,7115470650;
202100054860.0;1;95;95019;2;1;1.0;6.0;48,9933400000;2,4167200000;
202100054861.0;5;95;95197;2;3;1.0;3.0;48,9753700000;2,3181600000;
202100054862.0;5;91;91103;2;3;2.0;3.0;48,5800000000;2,2900000000;
202100054863.0;5;91;91421;2;1;1.0;2.0;48,6991400000;2,4695000000;
202100054864.0;3;88;88424;1;1;4.0;6.0;48,2617032507;6,9635778666;
202100054865.0;1;87;87085;2;2;2.0;3.0;45,8402900000;1,2590500000;
202100054866.0;1;83;83141;2;6;1.0;6.0;43,5082100000;6,4817200000;
202100054867.0;1;82;82121;2;3;1.0;3.0;44,0163373800;1,3579785494;
202100054868.0;1;80;80021;1;1;3.0;3.0;49,9237600000;2,2871300000;
202100054869.0;3;77;77053;1;1;2.0;7.0;48,6821900000;2,5971000000;
202100054870.0;1;77;77296;1;3;2.0;3.0;48,6189500000;2,5894000000;
202100054871.0;5;77;77014;2;1;1.0;2.0;48,4195300000;2,7365930000;
202100054872.0;5;76;76561;2;1;1.0;6.0;49,3008293132;1,0119607246;
202100054873.0;2;72;72181;2;2;1.0;6.0;48,0053900000;0,2040000000;
202100054874.0;1;71;71040;1;1;4.0;7.0;46,6936328717;4,3833307805;
202100054875.0;1;71;71309;1;2;1.0;1.0;46,7828837030;4,4120223724;
202100054876.0;1;69;69275;2;1;2.0;6.0;45,7722107466;4,9755748681;
202100054877.0;5;69;69266;2;2;2.0;3.0;45,7711100000;4,8936100000;
202100054878.0;1;68;68066;2;2;1.0;3.0;48,0834200000;7,3659800000;