Num_Acc;lum;departement;commune;agglomeration;intersection;meteo;type_collision;lat;long;date
202100054879.0;1;66;66136;2;1;1.0;2.0;42,7178200000;2,8873500000;
202100054880.0;2;66;66136;2;1;1.0;6.0;42,6942200000;2,8715300000;
202100054881.0;1;65;65286;2;1;2.0;6.0;43,0970600000; -0,0458800000;
202100054882.0;1;64;64260;2;3;1.0;3.0;43,3653600000; -1,7693300000;
202100054883.0;5;64;64445;2;1;1.0;4.0;43,3126200000; -0,3623000000;
202100054884.0;1;64;64024;2;1;2.0;7.0;43,4949500000; -1,5308000000;
202100054885.0;1;64;64102;2;1;2.0;7.0;43,4916900000; -1,4931700000;
202100054886.0;5;64;64024;2;2;2.0;3.0;43,4928500000; -1,5177700000;
202100054887.0;5;64;64024;2;3;8.0;6.0;43,4834900000; -1,5081400000;
202100054888.0;5;59;59599;2;1;4.0;6.0;50,7232210000;3,1602370000;
202100054889.0;1;59;59378;2;1;1.0;2.0;50,6610700000;3,0945900000;
202100054890.0;5;56;56260;2;1;1.0;3.0;47,6601000000; -2,7879400000;
202100054891.0;1;56;56121;2;6;1.0;3.0;47,7581500000; -3,3619900000;
202100054892.0;1;54;54395;2;2;4.0;6.0;48,6847980707;6,1797074365;
202100054893.0;1;50;50129;2;9;1.0;3.0;49,6469000000; -1,6428100000;
202100054894.0;5;50;50173;2;3;2.0;6.0;49,6463700000; -1,6495500000;
202100054895.0;5;49;49007;2;2;2.0;6.0;47,4717000000; -0,5999000000;
202100054896.0;5;44;44162;2;1;1.0;1.0;47,2178600000; -1,6061600000;
202100054897.0;1;37;37261;2;3;2.0;3.0;47,3757332872;0,7340347909;
202100054898.0;1;37;37122;2;1;2.0;4.0;47,3492548793;0,6461180197;
202100054899.0;1;33;33529;1;6;1.0;1.0;44,6165900000; -1,1382700000;
202100054900.0;3;31;31555;1;1;8.0;6.0;43,5739900000;1,4099200000;
202100054901.0;4;31;31555;1;1;2.0;2.0;43,6445900000;1,4217600000;
202100054902.0;5;31;31555;2;1;2.0;3.0;43,5758200000;1,4883800000;
202100054903.0;1;31;31555;1;1;2.0;3.0;43,6087300000;1,4109500000;
202100054904.0;1;29;29019;2;6;1.0;2.0;48,4150715000; -4,4794831000;
202100054905.0;1;26;26281;2;1;2.0;6.0;45,0501500000;5,0411700000;
202100054906.0;5;26;26198;2;1;1.0;1.0;44,5524600000;4,7691800000;
202100054907.0;5;25;25462;2;1;2.0;6.0;46,9127660000;6,3468150000;
202100054908.0;3;24;24037;1;4;2.0;3.0;44,8370960000;0,4904550000;
202100054909.0;1;17;17306;2;1;1.0;2.0;45,6400500000; -1,0249900000;
202100054910.0;3;17;17299;2;1;2.0;6.0;45,9437200000; -0,9598500000;
202100054911.0;1;13;13001;2;9;1.0;3.0;43,5127760000;5,4637360000;
202100054912.0;1;10;10387;2;1;8.0;3.0;48,3012500000;4,0702700000;
202100054913.0;1;06;06088;1;9;1.0;6.0;43,7382000000;7,1842400000;
202100054914.0;1;06;06123;2;3;1.0;2.0;43,6566130000;7,1794170000;
202100054915.0;1;01;01289;1;8;2.0;3.0;46,1664600000;5,2019300000;
202100054916.0;5;75;75119;2;1;1.0;2.0;48,9003270000;2,3793670000;
202100054917.0;1;75;75114;2;1;2.0;2.0;48,8225610000;2,3141690000;
202100054918.0;5;75;75105;2;3;2.0;3.0;48,8468450000;2,3609710000;
202100054919.0;1;75;75105;2;2;8.0;3.0;48,8474056904;2,3528152528;
202100054920.0;5;75;75119;2;5;2.0;7.0;48,8771961872;2,4065798521;
202100054921.0;5;75;75116;2;2;8.0;3.0;48,8749280000;2,2711090000;
202100054922.0;5;75;75116;2;1;2.0;1.0;48,8684560000;2,2354310000;
202100054923.0;1;75;75116;2;4;1.0;6.0;48,8577340000;2,2775630000;
202100054924.0;5;75;75110;2;2;1.0;3.0;48,8712360000;2,3701450000;
202100054925.0;5;75;75108;2;7;2.0;6.0;48,8752520000;2,3242730000;
202100054926.0;1;75;75101;2;3;1.0;3.0;48,8624040000;2,3415950000;
202100054927.0;1;75;75104;2;4;1.0;7.0;48,8522220000;2,3660280000;
202100054928.0;1;75;75102;2;3;1.0;3.0;48,8706687871;2,3479188617;
202100054929.0;1;94;94068;2;1;2.0;2.0;48,8071300000;2,5005100000;
202100054930.0;1;94;94046;2;3;1.0;6.0;48,8065430000;2,4433120000;
202100054931.0;1;94;94054;2;1;1.0;2.0;48,7438400000;2,4080500000;
202100054932.0;1;94;94017;2;1;1.0;6.0;48,8041600000;2,5468100000;
202100054933.0;1;94;94017;2;3;8.0;6.0;48,8144590000;2,5468420000;
202100054934.0;5;94;94071;2;1;1.0;4.0;48,7744800000;2,5109200000;
202100054935.0;4;93;93072;2;9;8.0;3.0;48,9539900000;2,3681000000;
202100054936.0;2;93;93071;2;1;8.0;1.0;48,9472382713;2,5260157585;
202100054937.0;5;93;93066;2;1;2.0;6.0;48,9300000000;2,3564400000;
202100054938.0;5;93;93064;2;2;1.0;3.0;48,8849855023;2,4816066027;
202100054939.0;1;93;93053;2;9;1.0;4.0;48,9019060304;2,4604448676;
202100054940.0;1;93;93051;2;1;1.0;2.0;48,8327775152;2,5816047192;
202100054941.0;5;93;93049;2;2;1.0;3.0;48,8640000000;2,5033000000;
202100054942.0;1;93;93048;2;1;1.0;2.0;48,8537000000;2,4480000000;
202100054943.0;5;93;93032;2;2;2.0;3.0;48,8865219266;2,5380134369;
202100054944.0;2;93;93079;2;1;1.0;6.0;48,9619300000;2,3464300000;
202100054945.0;1;93;93005;2;3;1.0;5.0;48,9423900000;2,5053000000;
202100054946.0;1;93;93007;2;1;1.0;6.0;48,9504700000;2,4419000000;
202100054947.0;1;92;92051;2;1;2.0;6.0;48,8815497535;2,2749339753;
202100054948.0;1;92;92026;2;1;1.0;3.0;48,9030020000;2,2582470000;
202100054949.0;5;92;92007;2;2;1.0;3.0;48,7958739012;2,3171391051;
202100054950.0;2;974;97415;2;1;1.0;1.0; -21,0264280000;55,2651060000;
202100054951.0;1;01;01089;2;6;1.0;2.0;45,9629570000;5,3218570000;
202100054952.0;1;49;49092;1;3;1.0;4.0;47,1434090000; -0,7666560000;
202100054953.0;3;36;36002;1;1;1.0;6.0;47,1123570000;1,7382000000;
202100054954.0;1;28;28104;1;1;1.0;6.0;48,5078480000;1,6138580000;
202100054955.0;1;51;51546;1;1;1.0;7.0;49,1180418504;4,5884446653;
202100054956.0;1;95;95352;1;1;4.0;1.0;49,1021511221;2,4076553784;
202100054957.0;3;60;60006;1;9;1.0;7.0;49,3213210000;2,5951220000;
202100054958.0;1;71;71207;2;1;1.0;7.0;46,9230770000;5,2824730000;
202100054959.0;2;49;49053;1;2;8.0;2.0;47,1685210000; -0,2145330000;
202100054960.0;1;47;47095;1;9;1.0;3.0;44,4194400000;0,2899950000;
202100054961.0;1;25;25033;1;1;4.0;1.0;47,4011960000;6,8244840000;
202100054962.0;3;70;70240;2;1;1.0;1.0;47,8642560000;6,3277710000;
202100054963.0;2;70;70357;1;1;2.0;7.0;47,4608550000;6,2440110000;
202100054964.0;5;66;66024;2;1;1.0;6.0;42,5200510000;2,8314310000;
202100054965.0;2;06;06102;1;1;1.0;7.0;44,0499780000;7,1279270000;
202100054966.0;5;50;50292;2;2;1.0;1.0;49,0994140000; -1,2367830000;
202100054967.0;5;43;43152;2;1;1.0;6.0;45,0697467965;3,8655450845;
202100054968.0;1;85;85081;2;9;1.0;1.0;46,7413893059; -1,3821704686;
202100054969.0;1;10;10444;1;1;1.0;2.0;48,2431670000;3,6120010000;
202100054970.0;3;63;63135;1;9;1.0;3.0;45,9528500000;3,1079940000;
202100054971.0;3;67;67125;1;1;9.0;6.0;48,3386790000;7,5002290000;
202100054972.0;1;31;31374;1;1;1.0;2.0;43,4219750000;1,6478200000;
202100054973.0;1;987;98724;1;1;1.0;1.0; -16,7014037157; -151,0211362839;
202100054974.0;5;974;97408;2;1;1.0;3.0; -20,9590150000;55,3219720000;
202100054975.0;3;973;97305;1;1;2.0;6.0;4,9417650000; -52,4133250000;
202100054976.0;1;77;77049;1;1;4.0;1.0;48,9079110000;2,9269140000;
202100054977.0;5;69;69204;2;9;2.0;6.0;45,7016760000;4,7960150000;
202100054978.0;1;86;86137;2;3;1.0;3.0;47,0194570000;0,0835110000;
202100054979.0;1;85;85152;2;3;3.0;3.0;46,5915320000; -1,6480670000;
202100054980.0;3;85;85129;1;1;8.0;1.0;46,8348350000; -1,4854220000;
202100054981.0;1;80;80033;1;1;4.0;6.0;49,8861670000;2,8388710000;
202100054982.0;5;80;80033;1;9;1.0;6.0;49,8860630000;2,8388070000;
202100054983.0;2;59;59025;2;1;2.0;7.0;50,5987596411;2,8117381734;
202100054984.0;2;13;13071;1;1;1.0;2.0;43,4100000000;5,2800000000;
202100054985.0;1;13;13015;1;1;1.0;3.0;43,4510600000;5,3960500000;
202100054986.0;3;83;83047;1;1;1.0;6.0;43,1345800000;6,0471600000;
202100054987.0;3;67;67389;1;1;1.0;3.0;48,6517010763;7,7353642322;
202100054988.0;5;33;33013;1;1;1.0;4.0;44,8687230000; -0,5018860000;
202100054989.0;4;33;33397;1;1;1.0;4.0;44,9204820000; -0,4755900000;
202100054990.0;3;59;59284;1;1;3.0;2.0;50,4231200000;3,4013290000;
202100054991.0;1;91;91689;1;1;1.0;2.0;48,7253800000;2,3130000000;
202100054992.0;1;94;94038;1;1;1.0;2.0;48,7773200000;2,3464900000;
202100054993.0;3;91;91689;1;1;1.0;7.0;48,7378900000;2,3176200000;
202100054994.0;3;92;92050;1;1;1.0;2.0;48,9124918228;2,2178503551;
202100054995.0;3;95;95572;1;1;1.0;2.0;49,0253600000;2,1317100000;
202100054996.0;1;93;93008;1;1;1.0;7.0;48,9065500000;2,4584000000;
202100054997.0;1;93;93078;1;1;2.0;4.0;48,9617300000;2,5451800000;
202100054998.0;1;93;93053;1;1;2.0;5.0;48,8977000000;2,4695000000;
202100054999.0;2;95;95252;1;9;1.0;5.0;48,9766591204;2,2348937913;
202100055000.0;1;95;95394;1;1;2.0;6.0;49,0513600000;2,1821300000;
202100055001.0;1;95;95582;2;1;1.0;3.0;48,9686100000;2,2748900000;
202100055002.0;3;95;95365;1;1;2.0;2.0;49,0652290063;2,4079027885;
202100055003.0;3;95;95252;1;1;2.0;6.0;48,9865600000;2,2117400000;
202100055004.0;3;93;93078;1;1;2.0;6.0;48,9580800000;2,5294800000;
202100055005.0;2;94;94028;1;1;1.0;5.0;48,7898800361;2,4402915859;
202100055006.0;1;988;98818;2;2;1.0;6.0; -22,2744800000;166,4411100000;
202100055007.0;1;976;97611;2;1;1.0;3.0; -12,7731600000;45,2229500000;
202100055008.0;1;974;97416;2;1;1.0;3.0; -21,3416400000;55,4821600000;
202100055009.0;5;973;97302;1;1;2.0;2.0;4,9090600000; -52,3236300000;
202100055010.0;1;69;69383;2;2;1.0;3.0;45,7561758691;4,8574161530;
202100055011.0;3;972;97213;1;1;1.0;5.0;14,6451400000; -60,9909000000;
202100055012.0;5;972;97209;2;1;1.0;6.0;14,6098900000; -61,0706900000;
202100055013.0;1;69;69385;2;1;2.0;6.0;45,7551100000;4,7945800000;
202100055014.0;5;69;69381;2;1;2.0;7.0;45,7703500000;4,8365000000;
202100055015.0;1;2B;2B120;1;6;1.0;3.0;42,6544300000;9,4412900000;
202100055016.0;3;91;91339;1;9;2.0;3.0;48,6226030000;2,2602650000;
202100055017.0;5;91;91687;2;1;2.0;6.0;48,6757900000;2,3855900000;
202100055018.0;3;91;91223;1;1;1.0;1.0;48,4366920000;2,1703540000;
202100055019.0;1;87;87085;2;1;2.0;7.0;45,8562000000;1,2841000000;
202100055020.0;5;86;86194;2;1;1.0;2.0;46,5779630000;0,3510941000;
202100055021.0;5;78;78220;1;3;8.0;3.0;48,7231700000;1,8893500000;
202100055022.0;5;73;73065;2;2;2.0;3.0;45,5663369855;5,9296153675;
202100055023.0;2;71;71270;2;2;2.0;6.0;46,2996500000;4,8258300000;
202100055024.0;1;71;71540;1;3;2.0;3.0;46,7665300000;4,4443100000;
202100055025.0;1;69;69266;2;3;2.0;3.0;45,7625900000;4,8892300000;
202100055026.0;1;69;69266;2;1;1.0;1.0;45,7523500000;4,9008200000;
202100055027.0;5;67;67482;2;1;4.0;6.0;48,5631200000;7,7114500000;
202100055028.0;1;67;67482;2;3;7.0;6.0;48,5986512970;7,7107244636;
202100055029.0;1;59;59368;2;9;3.0;6.0;50,6563420000;3,0737930000;
202100055030.0;1;54;54357;2;1;2.0;6.0;48,7043406587;6,1317524314;
202100055031.0;1;51;51454;2;2;3.0;3.0;49,2419401744;4,0143546910;
202100055032.0;2;51;51454;2;1;3.0;2.0;49,2285010470;4,0311688547;
202100055033.0;1;51;51108;2;3;8.0;7.0;48,9566499942;4,3648638009;
202100055034.0;5;49;49099;2;3;8.0;3.0;47,0517100000; -0,8908400000;
202100055035.0;1;49;49007;2;3;1.0;3.0;47,4754300000; -0,5483700000;
202100055036.0;5;45;45147;2;1;2.0;2.0;47,9385900000;1,9188400000;
202100055037.0;1;44;44109;2;1;8.0;6.0;47,2155200000; -1,5358200000;
202100055038.0;5;41;41018;2;1;1.0;6.0;47,5821810000;1,3418560000;
202100055039.0;5;33;33318;2;3;2.0;6.0;44,8051000000; -0,6558100000;
202100055040.0;1;33;33192;2;2;2.0;3.0;44,7785100000; -0,6097900000;
202100055041.0;5;33;33522;2;3;2.0;3.0;44,7968800000; -0,6022000000;
202100055042.0;5;31;31555;2;1;2.0;2.0;43,5972660000;1,4269890000;
202100055043.0;5;31;31555;2;1;1.0;6.0;43,5708500000;1,4059900000;
202100055044.0;5;30;30189;2;6;1.0;3.0;43,8203200000;4,3577800000;
202100055045.0;1;30;30007;2;1;1.0;3.0;44,1306600000;4,1091000000;
202100055046.0;1;29;29039;1;1;1.0;4.0;47,9165000000; -3,9039900000;
202100055047.0;1;29;29019;2;6;1.0;2.0;48,4150715000; -4,4794831000;
202100055048.0;1;24;24037;2;1;1.0;6.0;44,8617000000;0,4968400000;
202100055049.0;5;22;22187;1;6;2.0;6.0;48,5487100000; -2,7936400000;
202100055050.0;1;19;19031;2;3;1.0;3.0;45,1646100000;1,5028200000;
202100055051.0;1;17;17300;2;1;2.0;7.0;46,1735490000; -1,2125850000;
202100055052.0;1;16;16015;1;1;1.0;6.0;45,6293900000;0,1382900000;
202100055053.0;2;14;14118;2;7;9.0;3.0;49,1824100000; -0,3684500000;
202100055054.0;1;13;13212;2;1;1.0;6.0;43,3085000000;5,4367000000;
202100055055.0;1;13;13211;2;1;1.0;3.0;43,2870000000;5,4590000000;
202100055056.0;1;13;13209;2;9;1.0;5.0;43,2587250000;5,4172910000;
202100055057.0;1;13;13206;2;1;1.0;6.0;43,2843100000;5,3869000000;
202100055058.0;1;13;13210;2;1;1.0;3.0;43,2791000000;5,4120800000;
202100055059.0;2;13;13063;2;1;1.0;3.0;43,5981810000;5,0089300000;
202100055060.0;1;13;13047;1;1;1.0;2.0;43,4845080000;4,9630970000;
202100055061.0;1;13;13028;2;1;1.0;3.0;43,1838600000;5,5986000000;
202100055062.0;1;07;07281;1;1;1.0;3.0;44,9430960000;4,7858050000;
202100055063.0;1;06;06030;2;1;1.0;2.0;43,5672000000;6,9701900000;
202100055064.0;2;02;02738;2;1;1.0;6.0;49,6531460000;3,2896050000;
202100055065.0;5;75;75116;2;1;2.0;2.0;48,8619340000;2,2646000000;
202100055066.0;5;75;75120;2;4;2.0;5.0;48,8664900000;2,4126720000;
202100055067.0;5;75;75119;2;3;2.0;6.0;48,8872240000;2,3871820000;
202100055068.0;5;75;75118;2;2;2.0;3.0;48,8960680000;2,3330000000;
202100055069.0;5;75;75116;2;3;2.0;6.0;48,8530190000;2,2619210000;
202100055070.0;1;75;75114;2;1;1.0;3.0;48,8249070000;2,3306670000;
202100055071.0;5;75;75113;2;2;2.0;6.0;48,8198860000;2,3648110000;
202100055072.0;5;75;75111;2;2;2.0;3.0;48,8619839951;2,3769679825;
202100055073.0;2;75;75108;2;7;1.0;6.0;48,8710690000;2,3244710000;
202100055074.0;1;94;94081;2;3;1.0;2.0;48,7820000000;2,4070000000;
202100055075.0;5;94;94078;2;1;8.0;6.0;48,7400100000;2,4570200000;
202100055076.0;5;94;94068;2;1;2.0;6.0;48,7927700000;2,5166100000;
202100055077.0;5;94;94042;2;1;2.0;6.0;48,8287830000;2,4702000000;
202100055078.0;5;94;94037;2;4;2.0;3.0;48,8159600000;2,3465500000;
202100055079.0;1;94;94021;2;6;2.0;3.0;48,7616800000;2,3567700000;
202100055080.0;3;94;94060;2;1;2.0;3.0;48,7864300000;2,5766900000;
202100055081.0;5;93;93053;2;1;2.0;3.0;48,8911927099;2,4581256327;
202100055082.0;2;93;93048;2;1;2.0;6.0;48,8684418869;2,4338214693;
202100055083.0;5;93;93032;2;8;2.0;6.0;48,8903500000;2,5459400000;
202100055084.0;5;93;93066;2;1;2.0;6.0;48,9362200000;2,3632600000;
202100055085.0;5;93;93027;2;3;2.0;3.0;48,9193811447;2,3840864003;
202100055086.0;3;93;93027;1;6;2.0;6.0;48,9211600000;2,3758700000;
202100055087.0;5;93;93005;2;1;2.0;2.0;48,9317284640;2,5022448533;
202100055088.0;1;93;93001;2;1;1.0;2.0;48,9188900000;2,3904440000;
202100055089.0;5;92;92063;2;1;2.0;6.0;48,8709782107;2,1951319277;
202100055090.0;1;92;92063;2;1;2.0;2.0;48,8774200000;2,1948000000;
202100055091.0;5;92;92051;2;2;2.0;6.0;48,8816252744;2,2780267613;
202100055092.0;5;92;92036;2;6;2.0;3.0;48,9379605635;2,2777695679;
202100055093.0;1;92;92019;2;1;2.0;6.0;48,7632623499;2,2770209319;
202100055094.0;3;80;80804;1;1;1.0;4.0;50,0554860000;2,0050910000;
202100055095.0;1;16;16366;1;1;8.0;6.0;45,6117490000; -0,2295600000;
202100055096.0;1;43;43189;1;1;2.0;1.0;45,3041760000;3,8799600000;
202100055097.0;1;972;97221;1;1;1.0;2.0;14,5071920000; -60,9814170000;
202100055098.0;2;44;44015;1;2;9.0;3.0;47,4592090000; -1,6930750000;
202100055099.0;1;30;30279;2;1;1.0;6.0;44,1060990000;4,4585820000;
202100055100.0;1;62;62784;1;2;9.0;3.0;50,2039480000;2,5351170000;
202100055101.0;5;32;32132;2;3;1.0;3.0;43,8505370000;0,6656040000;
202100055102.0;1;32;32147;2;1;1.0;1.0;43,6267920000;0,8780590000;
202100055103.0;2;89;89460;2;2;2.0;6.0;48,3352420000;3,0641560000;
202100055104.0;3;89;89295;1;1;2.0;4.0;47,8321430000;3,5533690000;
202100055105.0;1;55;55237;1;1;4.0;3.0;49,1210011041;5,5338960886;
202100055106.0;3;47;47070;1;1;1.0;3.0;44,4742120000;0,9215810000;
202100055107.0;3;22;22254;1;1;2.0;1.0;48,6545370000; -3,3373550000;
202100055108.0;1;22;22220;1;1;2.0;7.0;48,2092420000; -3,2644040000;
202100055109.0;1;25;25040;2;2;4.0;3.0;47,5034750000;6,9391490000;
202100055110.0;1;44;44158;2;6;1.0;2.0;47,2700500000; -1,7625010000;
202100055111.0;3;29;29199;2;2;2.0;3.0;48,5730150000; -3,7198480000;
202100055112.0;3;02;02033;1;1;4.0;1.0;49,4958870000;3,7803270000;
202100055113.0;3;85;85084;1;1;8.0;2.0;46,8114600000; -1,1998600000;
202100055114.0;1;50;50215;2;1;1.0;6.0;49,0987120000; -1,5786620000;
202100055115.0;1;53;53146;1;1;1.0;6.0;48,1840860000; -0,6743290000;
202100055116.0;1;73;73068;1;1;4.0;2.0;45,5643120000;6,2121050000;
202100055117.0;2;38;38565;1;1;3.0;5.0;45,2713830000;5,6223180000;
202100055118.0;1;95;95199;2;1;1.0;6.0;49,0323200734;2,3380962734;
202100055119.0;1;2B;2B188;1;1;1.0;1.0;42,6047160000;9,3862300000;
202100055120.0;3;34;34058;1;1;1.0;2.0;43,6789990000;4,0236350000;
202100055121.0;1;84;84092;2;9;1.0;3.0;43,9572400000;4,8587520000;
202100055122.0;2;83;83047;2;6;1.0;6.0;43,1441940000;6,0789480000;
202100055123.0;1;83;83030;2;9;1.0;1.0;43,3859630000;6,1023260000;
202100055124.0;1;70;70026;2;1;2.0;1.0;47,4633280000;5,5833880000;
202100055125.0;3;68;68045;1;1;4.0;6.0;47,7605140000;7,0654910000;
202100055126.0;1;67;67130;2;6;2.0;6.0;48,4214620000;7,6583670000;
202100055127.0;1;38;38205;1;1;4.0;1.0;45,1508500000;5,6006000000;
202100055128.0;3;07;07169;1;1;2.0;6.0;45,1673750000;4,8069800000;
202100055129.0;1;69;69163;1;1;1.0;3.0;45,9221040000;4,7519960000;
202100055130.0;5;46;46102;2;9;2.0;6.0;44,6071860000;2,0322830000;
202100055131.0;1;87;87005;1;2;2.0;6.0;45,8005440000;1,3840410000;
202100055132.0;5;86;86297;2;1;8.0;6.0;46,5618210000;0,2779870000;
202100055133.0;1;85;85129;1;1;1.0;6.0;46,8536060000; -1,4959590000;
202100055134.0;5;22;22050;2;2;1.0;3.0;48,4529020000; -2,0566640000;
202100055135.0;1;13;13055;1;1;1.0;2.0;43,2870029117;5,4247927815;
202100055136.0;1;33;33249;1;1;1.0;4.0;44,8732350000; -0,5067090000;
202100055137.0;1;94;94034;1;1;1.0;6.0;48,7575200000;2,3349000000;
202100055138.0;1;91;91228;1;1;1.0;2.0;48,6180000000;2,4260000000;
202100055139.0;3;94;94021;1;1;2.0;3.0;48,7654130000;2,3435700000;
202100055140.0;1;78;78321;1;1;1.0;2.0;48,7971130000;1,9089860000;
202100055141.0;3;95;95582;1;1;3.0;6.0;48,9756291022;2,2409819799;
202100055142.0;2;94;94018;1;1;2.0;3.0;48,8189068730;2,4080615714;
202100055143.0;4;77;77438;1;1;1.0;6.0;48,8614277045;2,6672387494;
202100055144.0;1;94;94073;1;1;2.0;2.0;48,7700640244;2,3810429395;
202100055145.0;1;94;94052;1;1;2.0;4.0;48,8391000000;2,4941000000;
202100055146.0;1;974;97411;2;9;2.0;6.0; -20,8922640000;55,4683940000;
202100055147.0;5;973;97302;2;3;1.0;3.0;4,9136700000; -52,3207900000;
202100055148.0;1;69;69388;2;2;2.0;6.0;45,7275471423;4,8619866371;
202100055149.0;1;69;69149;2;7;2.0;2.0;45,7198605798;4,7980656869;
202100055150.0;5;971;97107;2;3;1.0;3.0;16,0421100000; -61,5655600000;
202100055151.0;1;95;95088;1;1;2.0;6.0;48,9770880941;2,4344426394;
202100055152.0;1;95;95280;2;1;1.0;6.0;49,0319330000;2,4589680000;
202100055153.0;1;95;95197;2;3;1.0;7.0;48,9668653100;2,3176854300;
202100055154.0;4;91;91103;1;6;2.0;3.0;48,5782500000;2,2992700000;
202100055155.0;1;91;91027;2;1;2.0;6.0;48,7018800000;2,3715000000;
202100055156.0;1;91;91027;2;1;2.0;2.0;48,7064300000;2,3714000000;
202100055157.0;3;91;91521;2;1;9.0;1.0;48,6355300000;2,4049800000;
202100055158.0;5;91;91223;2;3;2.0;6.0;48,4299170000;2,1479510000;
202100055159.0;5;85;85194;2;2;1.0;3.0;46,4946300000; -1,7664100000;
202100055160.0;1;83;83050;1;1;1.0;5.0;43,5040300000;6,4210300000;
202100055161.0;5;80;80021;2;1;2.0;3.0;49,8838200000;2,2822600000;
202100055162.0;1;80;80021;2;1;1.0;6.0;49,9139600000;2,3026500000;
202100055163.0;1;80;80021;2;1;3.0;4.0;49,8887300000;2,2990300000;
202100055164.0;5;80;80131;2;1;1.0;6.0;49,8447183841;2,3838197648;
202100055165.0;3;69;69266;2;3;2.0;3.0;45,7671100000;4,9037400000;
202100055166.0;1;69;69092;1;1;2.0;7.0;46,0003059596;4,6953859345;
202100055167.0;5;69;69264;2;2;2.0;4.0;45,9866900000;4,7309100000;
202100055168.0;5;67;67447;2;3;2.0;6.0;48,6132510000;7,7163900000;
202100055169.0;1;66;66136;2;1;1.0;6.0;42,6883993335;2,8949437290;
202100055170.0;1;59;59599;2;3;1.0;3.0;50,7307479139;3,1334827537;
202100055171.0;1;59;59360;2;2;2.0;3.0;50,6022900000;3,0357100000;
202100055172.0;1;59;59378;2;3;1.0;3.0;50,6768490000;3,0913120000;
202100055173.0;5;56;56121;2;3;1.0;3.0;47,7548700000; -3,3632300000;
202100055174.0;3;54;54167;1;1;1.0;1.0;48,6645580000;5,9557270000;
202100055175.0;3;51;51454;2;5;2.0;3.0;49,2652400849;4,0263016345;
202100055176.0;1;49;49007;2;1;1.0;7.0;47,4629400000; -0,5538900000;
202100055177.0;2;49;49007;2;1;1.0;7.0;47,4597530994; -0,5204636418;
202100055178.0;1;49;49007;2;1;1.0;6.0;47,4899400000; -0,5666100000;
202100055179.0;3;45;45004;1;1;2.0;4.0;47,9746982596;2,7388418178;
202100055180.0;5;44;44162;2;1;1.0;6.0;47,2186100000; -1,6179750000;
202100055181.0;1;44;44162;2;1;1.0;6.0;47,2128700000; -1,6483600000;
202100055182.0;3;42;42127;1;1;2.0;6.0;46,1168717796;4,0755431727;
202100055183.0;5;42;42127;2;1;2.0;6.0;46,0660602077;4,0741540957;
202100055184.0;5;37;37261;2;1;1.0;6.0;47,4061410923;0,7030706853;
202100055185.0;2;35;35238;2;1;1.0;2.0;48,1294400000; -1,6440300000;
202100055186.0;1;35;35238;2;3;2.0;1.0;48,1079200000; -1,7027700000;
202100055187.0;1;33;33032;2;6;2.0;3.0;44,8995100000; -0,5320300000;
202100055188.0;1;31;31555;2;1;1.0;5.0;43,5777000000;1,4859000000;
202100055189.0;1;24;24145;1;9;1.0;6.0;44,8519800000;0,5315600000;
202100055190.0;5;13;13214;2;1;1.0;3.0;43,3251440000;5,3818750000;
202100055191.0;1;13;13201;2;1;1.0;6.0;43,2955300000;5,3805110000;
202100055192.0;1;13;13205;2;2;1.0;1.0;43,2937500000;5,4015500000;
202100055193.0;5;13;13208;2;1;1.0;3.0;43,2731190000;5,3990780000;
202100055194.0;1;13;13210;2;1;1.0;6.0;43,2833601429;5,3939169645;
202100055195.0;1;13;13028;2;4;1.0;2.0;43,1784771035;5,6108441225;
202100055196.0;1;11;11262;2;3;1.0;3.0;43,1662800000;2,9817900000;
202100055197.0;5;10;10387;2;1;2.0;2.0;48,2966300000;4,0945000000;
202100055198.0;3;07;07316;1;1;1.0;2.0;44,9082790000;4,8665710000;
202100055199.0;1;06;06069;1;1;7.0;7.0;43,6711800000;6,9060800000;
202100055200.0;1;05;05061;1;1;6.0;1.0;44,5839400000;6,0822700000;
202100055201.0;1;05;05061;2;3;1.0;3.0;44,5686200000;6,0817900000;
202100055202.0;1;75;75117;2;5;8.0;3.0;48,8930030000;2,3274250000;
202100055203.0;5;75;75105;2;3;2.0;3.0;48,8468450000;2,3609770000;
202100055204.0;5;75;75106;2;2;2.0;3.0;48,8430640000;2,3263690000;
202100055205.0;1;75;75105;2;2;2.0;7.0;48,8411650000;2,3559500000;
202100055206.0;5;75;75120;2;2;1.0;3.0;48,8489370000;2,4054690000;