Num_Acc;lum;departement;commune;agglomeration;intersection;meteo;type_collision;lat;long;date
202100055207.0;1;75;75120;2;7;3.0;3.0;48,8646730000;2,3945230000;
202100055208.0;1;75;75119;2;1;2.0;2.0;48,8813310000;2,4018940000;
202100055209.0;5;75;75114;2;1;8.0;3.0;48,8408990000;2,3299950000;
202100055210.0;1;75;75114;2;5;2.0;3.0;48,8223756510;2,3141509295;
202100055211.0;1;75;75112;2;5;2.0;7.0;48,8370540000;2,3900150000;
202100055212.0;1;75;75112;2;2;2.0;3.0;48,8442870000;2,3815660000;
202100055213.0;1;75;75109;2;4;1.0;6.0;48,8786210000;2,3459630000;
202100055214.0;5;75;75108;2;1;2.0;6.0;48,8705876457;2,3159108292;
202100055215.0;1;75;75108;2;3;2.0;3.0;48,8771100000;2,3269130000;
202100055216.0;5;75;75107;2;2;2.0;3.0;48,8628280000;2,3134660000;
202100055217.0;1;75;75101;2;1;2.0;6.0;48,8638940000;2,3431880000;
202100055218.0;1;75;75101;2;3;1.0;6.0;48,8615100000;2,3391490000;
202100055219.0;1;94;94068;2;3;2.0;3.0;48,8087300000;2,5094800000;
202100055220.0;5;94;94076;2;1;2.0;6.0;48,7800000000;2,3600000000;
202100055221.0;1;94;94037;2;3;2.0;7.0;48,8151200000;2,3456200000;
202100055222.0;1;94;94075;1;1;2.0;7.0;48,7339300000;2,5206500000;
202100055223.0;1;93;93070;2;1;1.0;3.0;48,9093080000;2,3329370000;
202100055224.0;5;93;93070;2;1;1.0;2.0;48,9081900159;2,3402266659;
202100055225.0;5;93;93066;2;1;8.0;6.0;48,9369670513;2,3561277736;
202100055226.0;1;93;93050;2;3;2.0;6.0;48,8571500000;2,5308600000;
202100055227.0;5;93;93046;2;1;2.0;3.0;48,9103437758;2,5195571478;
202100055228.0;1;93;93072;2;1;2.0;2.0;48,9612141016;2,3816125989;
202100055229.0;3;93;93029;2;1;2.0;3.0;48,9201939199;2,4519846282;
202100055230.0;5;93;93007;1;1;2.0;3.0;48,9473620000;2,4387270000;
202100055231.0;5;92;92051;2;9;8.0;6.0;48,8785137766;2,2738373281;
202100055232.0;5;92;92050;2;3;1.0;4.0;48,9074388432;2,2129377723;
202100055233.0;1;92;92024;2;1;2.0;3.0;48,9022000000;2,3088200000;
202100055234.0;5;92;92032;2;9;2.0;6.0;48,7901850000;2,2887860000;
202100055235.0;1;92;92012;2;1;2.0;6.0;48,8257667576;2,2479312122;
202100055236.0;1;13;13078;2;3;1.0;1.0;43,4032326480;4,7880976444;
202100055237.0;3;63;63116;2;2;2.0;6.0;45,9828199624;3,0882682134;
202100055238.0;2;56;56081;1;1;2.0;7.0;48,0786520000; -3,6748410000;
202100055239.0;2;56;56120;2;1;2.0;3.0;47,7602500000; -2,7676000000;
202100055240.0;1;11;11102;1;1;1.0;1.0;43,1328850000;2,3078210000;
202100055241.0;1;41;41074;1;1;2.0;6.0;47,5754100000;1,6360010000;
202100055242.0;2;44;44069;2;3;1.0;3.0;47,3249710000; -2,4108930000;
202100055243.0;3;60;60531;1;1;2.0;7.0;49,4210003639;2,6988850915;
202100055244.0;1;45;45269;2;1;2.0;4.0;47,8571190000;1,7508120000;
202100055245.0;1;43;43020;1;1;8.0;7.0;45,3176180000;4,0777950000;
202100055246.0;2;10;10086;2;1;3.0;6.0;48,5502850000;3,9554450000;
202100055247.0;1;10;10035;1;1;2.0;6.0;48,1869760000;4,7774860000;
202100055248.0;5;978;97801;2;1;2.0;1.0;18,0688610000; -63,0357210000;
202100055249.0;2;06;06123;1;1;1.0;4.0;43,6677520000;7,1961540000;
202100055250.0;1;34;34157;1;1;1.0;6.0;43,4510810000;3,5944600000;
202100055251.0;1;987;98733;2;1;1.0;3.0; -17,7071650000; -149,5840560000;
202100055252.0;3;973;97305;1;1;1.0;6.0;4,9159180000; -52,3760530000;
202100055253.0;1;13;13104;1;1;1.0;3.0;43,3419400000;5,0992330000;
202100055254.0;1;33;33097;2;3;9.0;3.0;45,0742710000; -1,0449300000;
202100055255.0;1;95;95351;1;1;2.0;7.0;49,0568330000;2,5156120000;
202100055256.0;3;83;83047;1;1;1.0;1.0;43,1619610000;6,0998370000;
202100055257.0;1;74;74128;1;1;2.0;1.0;46,1611080000;6,3529890000;
202100055258.0;5;69;69200;2;1;3.0;6.0;45,8591252127;4,4756000651;
202100055259.0;2;79;79048;1;1;8.0;2.0;46,3499640000; -0,3428290000;
202100055260.0;3;60;60619;1;1;2.0;6.0;49,1161430576;2,7757714428;
202100055261.0;1;60;60259;1;1;2.0;3.0;49,2038055441;2,2673855190;
202100055262.0;1;59;59011;2;2;2.0;3.0;50,5256150000;2,9255770000;
202100055263.0;3;13;13117;1;1;1.0;2.0;43,4503803092;5,2391805872;
202100055264.0;3;54;54265;1;1;2.0;2.0;48,6321700000;6,1767500000;
202100055265.0;1;94;94003;1;1;2.0;3.0;48,8021100000;2,3420900000;
202100055266.0;3;92;92050;1;1;1.0;4.0;48,8924467985;2,1850347181;
202100055267.0;1;78;78133;1;1;2.0;4.0;48,8911700000;2,0092790000;
202100055268.0;5;987;98735;2;2;1.0;3.0; -17,5324500000; -149,5676800000;
202100055269.0;1;974;97411;1;3;2.0;3.0; -20,8880660000;55,4456030000;
202100055270.0;1;973;97302;2;1;2.0;3.0;4,9263000000; -52,3230500000;
202100055271.0;2;69;69388;2;2;2.0;3.0;45,7340200000;4,8627900000;
202100055272.0;1;69;69199;2;3;1.0;6.0;45,7067700000;4,8563400000;
202100055273.0;5;69;69389;2;2;2.0;6.0;45,7897700000;4,7975400000;
202100055274.0;1;69;69034;2;1;1.0;6.0;45,8033155434;4,8602700233;
202100055275.0;1;971;97105;2;1;1.0;6.0;15,9869721400; -61,7242310000;
202100055276.0;1;95;95127;2;1;1.0;6.0;49,0444132626;2,0552212000;
202100055277.0;5;91;91103;2;3;2.0;3.0;48,5989700000;2,3044200000;
202100055278.0;5;91;91215;2;1;2.0;6.0;48,6962100000;2,5253200000;
202100055279.0;1;91;91223;1;6;1.0;2.0;48,4224400000;2,1794900000;
202100055280.0;5;83;83062;2;2;1.0;1.0;43,1310700000;6,0155600000;
202100055281.0;1;83;83090;1;1;1.0;4.0;43,1328300000;5,8644100000;
202100055282.0;2;83;83129;2;1;1.0;3.0;43,1026540000;5,8189480000;
202100055283.0;5;80;80021;2;1;1.0;2.0;49,9116400000;2,2521600000;
202100055284.0;5;78;78440;2;1;3.0;6.0;48,9771260000;1,9148610000;
202100055285.0;3;78;78238;1;1;1.0;3.0;48,9791170000;1,8864540000;
202100055286.0;1;76;76231;2;1;1.0;6.0;49,2886500000;0,9959800000;
202100055287.0;3;76;76322;2;1;1.0;7.0;49,4167713226;1,0461641195;
202100055288.0;1;76;76351;2;1;1.0;2.0;49,5016800000;0,1530000000;
202100055289.0;5;76;76296;1;1;2.0;1.0;49,5179562255;0,2561685629;
202100055290.0;1;71;71153;2;1;2.0;2.0;46,7954900000;4,4247600000;
202100055291.0;5;69;69282;2;2;2.0;3.0;45,7695419497;4,9876972169;
202100055292.0;5;69;69256;2;2;1.0;6.0;45,7778300000;4,9184100000;
202100055293.0;5;69;69264;2;6;1.0;2.0;45,9840521164;4,7437328481;
202100055294.0;2;64;64249;2;3;1.0;3.0;43,4233100000; -1,6051500000;
202100055295.0;2;64;64102;2;6;1.0;2.0;43,4965083249; -1,4834761620;
202100055296.0;1;62;62041;2;1;2.0;6.0;50,2885500000;2,7805600000;
202100055297.0;5;59;59512;2;3;1.0;1.0;50,7025600000;3,1744300000;
202100055298.0;2;59;59033;2;3;3.0;6.0;50,1997100000;3,8342000000;
202100055299.0;5;59;59343;2;1;1.0;6.0;50,5910400000;3,1183200000;
202100055300.0;1;59;59350;2;1;2.0;6.0;50,6054400000;3,0530000000;
202100055301.0;1;59;59220;2;2;1.0;6.0;50,5998400000;3,0683200000;
202100055302.0;1;57;57672;2;1;7.0;6.0;49,3688900000;6,1440900000;
202100055303.0;1;54;54431;2;1;1.0;6.0;48,9062600000;6,0575300000;
202100055304.0;1;54;54431;2;1;1.0;6.0;48,9093000000;6,0409500000;
202100055305.0;1;54;54395;2;1;2.0;4.0;48,6819721231;6,1781170964;
202100055306.0;5;54;54395;2;2;2.0;6.0;48,6873482775;6,1629974842;
202100055307.0;4;51;51454;2;1;3.0;7.0;49,2407161724;3,9974730742;
202100055308.0;5;50;50129;2;1;1.0;6.0;49,6369600000; -1,6348200000;
202100055309.0;1;49;49328;2;1;1.0;7.0;47,2537100000; -0,1055900000;
202100055310.0;1;49;49328;1;1;1.0;7.0;47,2628541979; -0,1171749830;
202100055311.0;5;44;44184;2;2;1.0;1.0;47,2818900000; -2,2352000000;
202100055312.0;3;44;44184;2;3;1.0;1.0;47,2707130000; -2,2569330000;
202100055313.0;1;42;42187;2;2;1.0;3.0;46,0356915041;4,0521731526;
202100055314.0;1;38;38544;2;1;2.0;3.0;45,5043000000;4,8548000000;
202100055315.0;1;38;38423;2;1;1.0;6.0;45,2122100000;5,6902200000;
202100055316.0;5;37;37214;2;6;1.0;7.0;47,4189700000;0,6737300000;
202100055317.0;2;37;37261;2;1;1.0;6.0;47,3954619607;0,6775650505;
202100055318.0;5;35;35238;2;2;1.0;3.0;48,0936300000; -1,6712400000;
202100055319.0;5;35;35238;2;1;2.0;3.0;48,1321800000; -1,6399900000;
202100055320.0;2;35;35238;1;1;1.0;2.0;48,0815000000; -1,6512000000;
202100055321.0;1;35;35238;2;2;8.0;3.0;48,0944200000; -1,6744100000;
202100055322.0;1;34;34172;2;3;1.0;6.0;43,6169190000;3,8462400000;
202100055323.0;1;34;34172;2;1;1.0;3.0;43,5968900000;3,8637400000;
202100055324.0;1;34;34003;2;6;1.0;6.0;43,2996400000;3,4773400000;
202100055325.0;5;33;33063;2;3;2.0;1.0;44,8756000000; -0,5766700000;
202100055326.0;2;33;33281;2;1;1.0;3.0;44,8238870000; -0,6392590000;
202100055327.0;1;33;33162;2;2;1.0;3.0;44,8853600000; -0,6410400000;
202100055328.0;1;30;30189;2;9;1.0;6.0;43,8477000000;4,3148000000;
202100055329.0;1;30;30007;2;6;1.0;6.0;44,1237600000;4,0807000000;
202100055330.0;3;29;29051;1;1;2.0;2.0;48,0030988069; -4,0401881754;
202100055331.0;5;29;29019;2;1;1.0;6.0;48,4027380000; -4,4678701000;
202100055332.0;1;27;27375;2;1;3.0;2.0;49,2145000000;1,1655000000;
202100055333.0;1;27;27229;2;1;8.0;2.0;49,0213200000;1,1364500000;
202100055334.0;1;15;15014;1;1;4.0;7.0;44,9223960000;2,4670870000;
202100055335.0;5;14;14118;2;1;1.0;7.0;49,1839600000; -0,3565300000;
202100055336.0;1;13;13213;2;1;1.0;3.0;43,3268150000;5,4228990000;
202100055337.0;1;13;13028;2;1;1.0;6.0;43,1919350000;5,6168290000;
202100055338.0;5;10;10081;2;2;1.0;5.0;48,3132000000;4,0237000000;
202100055339.0;5;10;10387;2;1;1.0;1.0;48,2992200000;4,0659700000;
202100055340.0;1;06;06088;2;2;1.0;3.0;43,7015800000;7,2761300000;
202100055341.0;5;06;06088;2;1;1.0;7.0;43,7162000000;7,2823600000;
202100055342.0;1;06;06088;2;2;1.0;6.0;43,6990900000;7,2864350000;
202100055343.0;1;06;06069;2;1;1.0;6.0;43,6395370000;6,9122750000;
202100055344.0;1;02;02691;2;1;1.0;6.0;49,8462200000;3,2746500000;
202100055345.0;5;75;75115;2;1;1.0;3.0;48,8294780000;2,2874410000;
202100055346.0;1;75;75117;2;1;1.0;6.0;48,8914250000;2,2998440000;
202100055347.0;2;75;75106;2;1;1.0;6.0;48,8461700000;2,3178730000;
202100055348.0;1;75;75118;2;2;1.0;3.0;48,8975290000;2,3446850000;
202100055349.0;5;75;75117;2;3;2.0;6.0;48,8846420000;2,3079890000;
202100055350.0;2;75;75117;2;2;2.0;6.0;48,8840260144;2,3185175657;
202100055351.0;1;75;75116;2;2;3.0;2.0;48,8696740000;2,2982490000;
202100055352.0;5;75;75116;2;1;1.0;2.0;48,8677130000;2,2735080000;
202100055353.0;5;75;75115;2;2;1.0;2.0;48,8421379934;2,2816273547;
202100055354.0;5;75;75114;2;3;2.0;3.0;48,8316320000;2,3200440000;
202100055355.0;1;75;75114;2;1;2.0;6.0;48,8305150000;2,3291650000;
202100055356.0;5;75;75113;2;1;2.0;2.0;48,8304920000;2,3618160000;
202100055357.0;5;75;75113;2;1;2.0;6.0;48,8295970000;2,3503780000;
202100055358.0;1;75;75112;2;7;2.0;3.0;48,8333450000;2,4022690000;
202100055359.0;2;75;75112;2;3;8.0;6.0;48,8471500000;2,3850570000;
202100055360.0;5;75;75112;2;2;1.0;6.0;48,8389420000;2,3881070000;
202100055361.0;3;75;75111;2;7;2.0;6.0;48,8579419994;2,3803575066;
202100055362.0;1;75;75111;2;1;2.0;2.0;48,8582580000;2,3722950000;
202100055363.0;5;75;75104;2;1;1.0;7.0;48,8592600000;2,3508320000;
202100055364.0;1;75;75102;2;2;1.0;5.0;48,8696738314;2,3526138067;
202100055365.0;1;75;75104;2;3;1.0;6.0;48,8489270000;2,3624930000;
202100055366.0;5;94;94068;2;3;2.0;6.0;48,7981700000;2,4952200000;
202100055367.0;5;94;94046;2;1;2.0;3.0;48,8022400000;2,4352500000;
202100055368.0;1;94;94003;2;3;2.0;6.0;48,8057600000;2,3256700000;
202100055369.0;5;94;94073;2;3;2.0;5.0;48,7659300000;2,3984900000;
202100055370.0;2;93;93013;2;3;8.0;6.0;48,9345200000;2,4291800000;
202100055371.0;5;93;93010;2;3;2.0;3.0;48,8984803043;2,4949521072;
202100055372.0;5;93;93010;2;1;2.0;1.0;48,9035843574;2,4776073642;
202100055373.0;3;93;93005;2;1;2.0;7.0;48,9623574894;2,4989352126;
202100055374.0;1;93;93005;2;9;3.0;6.0;48,9313728610;2,4956142958;
202100055375.0;1;92;92076;2;1;2.0;7.0;48,8377780000;2,1619860000;
202100055376.0;5;92;92020;2;8;2.0;6.0;48,8069758987;2,2935837507;
202100055377.0;5;92;92024;2;2;1.0;6.0;48,9011376434;2,3164603114;
202100055378.0;1;92;92023;2;1;2.0;6.0;48,7883000000;2,2582600000;
202100055379.0;5;92;92060;2;9;1.0;2.0;48,7809900000;2,2634500000;
202100055380.0;5;92;92032;2;2;1.0;6.0;48,7923568826;2,2988102274;
202100055381.0;1;92;92012;2;1;2.0;2.0;48,8453600000;2,2371200000;
202100055382.0;1;92;92012;2;3;2.0;2.0;48,8281490726;2,2536542312;
202100055383.0;2;974;97415;2;1;1.0;7.0; -20,9791670000;55,3278830000;
202100055384.0;1;974;97405;1;1;1.0;7.0; -21,3653590000;55,5457320000;
202100055385.0;1;57;57097;2;9;8.0;6.0;49,1778720000;6,4916560000;
202100055386.0;2;2B;2B049;1;1;9.0;6.0;42,5159070000;8,8488220000;
202100055387.0;5;60;60562;2;1;2.0;6.0;49,3525420000;2,5506190000;
202100055388.0;1;80;80380;1;2;3.0;3.0;50,0944310000;2,0627260000;
202100055389.0;3;49;49182;1;1;1.0;1.0;47,2177750000; -0,3056110000;
202100055390.0;1;44;44072;1;2;1.0;3.0;47,4906050000; -2,2974840000;
202100055391.0;1;29;29019;2;1;1.0;6.0;48,4182478560; -4,4680125895;
202100055392.0;1;29;29069;1;1;2.0;1.0;48,4046690000; -4,5461510000;
202100055393.0;1;31;31049;1;2;8.0;3.0;43,7253420000;1,5139920000;
202100055394.0;4;38;38538;1;1;2.0;6.0;45,2187930000;5,8558200000;
202100055395.0;1;38;38001;2;1;2.0;6.0;45,5338640000;5,5856860000;
202100055396.0;1;03;03204;1;1;1.0;4.0;46,3189846411;3,3479610260;
202100055397.0;3;50;50510;1;1;2.0;3.0;49,1805530000; -1,3804100000;
202100055398.0;1;53;53113;1;1;8.0;7.0;48,2659050000; -0,3959780000;
202100055399.0;1;24;24520;2;9;2.0;1.0;44,9057730000;1,2073210000;
202100055400.0;1;85;85204;1;1;2.0;6.0;46,8151570000; -1,7300030000;
202100055401.0;1;87;87111;1;1;1.0;6.0;45,7477610000;0,8541870000;
202100055402.0;1;30;30062;1;1;1.0;6.0;43,7956330000;4,2086430000;
202100055403.0;1;30;30088;1;1;1.0;2.0;43,8633330000;4,1032280000;
202100055404.0;3;88;88525;1;1;9.0;1.0;48,2754460000;6,1529770000;
202100055405.0;5;978;97801;2;1;1.0;1.0;18,0689120000; -63,0356990000;
202100055406.0;3;91;91111;1;1;2.0;6.0;48,6182080000;2,1285370000;
202100055407.0;3;988;98804;1;3;1.0;6.0; -21,5479700000;166,0415800000;
202100055408.0;1;2B;2B042;1;1;7.0;6.0;42,5765330000;9,4656660000;
202100055409.0;5;68;68171;2;1;4.0;6.0;47,9248450000;6,9686060000;
202100055410.0;1;69;69291;2;2;2.0;1.0;45,6333360000;4,8596420000;
202100055411.0;1;09;09185;1;1;1.0;6.0;43,2345260000;1,6533240000;
202100055412.0;2;44;44074;1;1;1.0;1.0;47,2046080000; -1,6760400000;
202100055413.0;3;60;60321;1;1;8.0;1.0;49,2317849543;2,0182137651;
202100055414.0;5;59;59063;2;1;1.0;6.0;50,1397690000;3,3874420000;
202100055415.0;1;13;13028;1;1;1.0;6.0;43,2050100000;5,5923500000;
202100055416.0;3;13;13071;1;1;1.0;1.0;43,3981700000;5,2980600000;
202100055417.0;3;69;69081;1;1;1.0;2.0;45,7745650827;4,7906720638;
202100055418.0;1;62;62548;1;1;1.0;5.0;50,9374760000;1,9476700000;
202100055419.0;3;91;91692;1;1;2.0;7.0;48,6818340000;2,1900740000;
202100055420.0;1;91;91553;1;9;2.0;3.0;48,6315200000;2,5018900000;
202100055421.0;2;91;91553;1;1;2.0;4.0;48,6264000000;2,4751400000;
202100055422.0;2;78;78431;1;1;2.0;2.0;48,9362490000;1,9613740000;
202100055423.0;3;93;93006;1;1;2.0;6.0;48,8662600000;2,4227600000;
202100055424.0;3;95;95212;1;1;2.0;6.0;49,0287100000;2,5268800000;
202100055425.0;3;93;93078;1;1;2.0;6.0;48,9630000000;2,5223700000;
202100055426.0;3;95;95555;1;1;2.0;6.0;48,9729700000;2,2763700000;
202100055427.0;2;95;95252;1;1;2.0;5.0;48,9852350074;2,2141367197;
202100055428.0;1;93;93064;1;1;2.0;7.0;48,8792000000;2,4763200000;
202100055429.0;3;77;77450;1;1;2.0;2.0;48,7131700000;2,5996200000;
202100055430.0;1;94;94079;1;1;2.0;7.0;48,8283800000;2,5271000000;
202100055431.0;1;988;98818;2;1;3.0;6.0; -22,2482300000;166,4558500000;
202100055432.0;1;976;97611;2;1;1.0;7.0; -12,8094300000;45,2033100000;
202100055433.0;1;974;97411;2;1;3.0;7.0; -20,8933901266;55,5018782616;
202100055434.0;1;973;97302;2;1;2.0;6.0;4,9402100000; -52,3314700000;
202100055435.0;5;973;97302;2;1;2.0;7.0;4,9228694885; -52,3208902627;
202100055436.0;5;69;69383;2;1;1.0;6.0;45,7491500000;4,8770800000;
202100055437.0;4;69;69387;2;3;1.0;6.0;45,7404300000;4,8317400000;
202100055438.0;5;69;69388;2;3;1.0;2.0;45,7340100000;4,8578900000;
202100055439.0;1;972;97213;2;1;1.0;1.0;14,6752961380; -60,9899353981;
202100055440.0;1;972;97209;2;1;1.0;6.0;14,6074000000; -61,0682200000;
202100055441.0;5;972;97209;2;1;1.0;3.0;14,6162000000; -61,0559300000;
202100055442.0;1;69;69256;2;2;1.0;3.0;45,7890100000;4,9143900000;
202100055443.0;1;2B;2B033;2;1;1.0;3.0;42,6669800000;9,4429600000;
202100055444.0;1;971;97105;2;4;1.0;6.0;15,9943625441; -61,7184072733;
202100055445.0;5;91;91425;2;2;1.0;3.0;48,6404500000;2,2684500000;
202100055446.0;1;91;91345;2;9;8.0;3.0;48,6811800000;2,3133700000;
202100055447.0;1;91;91201;2;3;1.0;3.0;48,6861300000;2,4087000000;
202100055448.0;1;91;91421;2;1;1.0;1.0;48,7074600000;2,4545800000;
202100055449.0;5;91;91286;2;1;1.0;6.0;48,6523400000;2,3955000000;
202100055450.0;5;91;91027;2;1;1.0;5.0;48,7137900000;2,3764400000;
202100055451.0;5;91;91589;2;3;1.0;3.0;48,6783620000;2,3470660000;
202100055452.0;1;87;87085;2;2;1.0;3.0;45,8549400000;1,2676000000;
202100055453.0;1;87;87085;2;2;1.0;7.0;45,8109800000;1,2574400000;
202100055454.0;3;86;86066;1;1;9.0;6.0;46,8440680000;0,5061110000;
202100055455.0;5;84;84007;2;1;1.0;4.0;43,9351100000;4,8319500000;
202100055456.0;4;84;84007;2;1;1.0;1.0;43,9487700000;4,8315600000;
202100055457.0;1;83;83137;2;1;1.0;2.0;43,1330500000;5,9176800000;
202100055458.0;1;83;83061;2;1;8.0;3.0;43,4352154628;6,7290379107;
202100055459.0;5;81;81004;2;9;1.0;3.0;43,9218921473;2,1381551027;
202100055460.0;1;80;80021;2;3;1.0;3.0;49,9115000000;2,2540200000;
202100055461.0;3;78;78551;1;5;1.0;2.0;48,9220300000;2,0843400000;
202100055462.0;5;78;78650;2;2;1.0;3.0;48,8878800000;2,1274500000;
202100055463.0;1;77;77276;1;1;1.0;6.0;48,9270600000;2,8813500000;
202100055464.0;5;76;76108;2;2;1.0;4.0;49,4724300000;1,1122700000;
202100055465.0;1;76;76322;2;2;1.0;1.0;49,4020400000;1,0651800000;
202100055466.0;5;76;76351;2;1;1.0;3.0;49,4939100000;0,1737600000;
202100055467.0;1;71;71540;1;1;1.0;6.0;46,7622800000;4,4948700000;
202100055468.0;1;69;69264;2;1;1.0;6.0;45,9832443204;4,7353224311;
202100055469.0;1;68;68066;2;3;1.0;3.0;48,0762810000;7,3520920000;
202100055470.0;5;64;64445;2;1;1.0;6.0;43,3125400000; -0,3774300000;
202100055471.0;5;63;63113;2;1;1.0;6.0;45,7646412865;3,1104155100;
202100055472.0;4;63;63113;2;1;1.0;6.0;45,7951800000;3,0768000000;
202100055473.0;1;63;63113;2;2;1.0;3.0;45,7632023748;3,0991109890;
202100055474.0;5;59;59599;2;1;8.0;6.0;50,7182200000;3,1689200000;
202100055475.0;1;59;59378;2;3;1.0;6.0;50,6655300000;3,0762700000;
202100055476.0;4;59;59239;2;1;8.0;6.0;50,4292300000;3,1732900000;
202100055477.0;5;54;54357;2;1;1.0;2.0;48,7063900000;6,1620300000;
202100055478.0;2;54;54257;2;1;2.0;6.0;48,6532205024;6,1944477260;
202100055479.0;2;54;54257;2;2;2.0;6.0;48,6480994310;6,2087787688;
202100055480.0;1;51;51454;2;6;1.0;3.0;49,2287358606;4,0371171469;
202100055481.0;1;49;49007;2;6;1.0;7.0;47,4920600000; -0,5509700000;
202100055482.0;2;49;49007;2;1;1.0;7.0;47,4800300000; -0,5512300000;
202100055483.0;2;49;49007;2;1;1.0;7.0;47,4867500000; -0,5394200000;
202100055484.0;5;44;44162;2;1;1.0;6.0;47,2115560000; -1,6153450000;
202100055485.0;5;44;44109;2;1;1.0;4.0;47,2409300000; -1,5406100000;
202100055486.0;5;44;44109;2;1;1.0;6.0;47,2050500000; -1,5384800000;
202100055487.0;5;38;38185;2;9;1.0;1.0;45,1939500000;5,7180100000;
202100055488.0;5;37;37261;2;1;1.0;6.0;47,4050126828;0,7028739453;
202100055489.0;5;37;37261;2;1;1.0;3.0;47,3894259599;0,6951878071;
202100055490.0;1;37;37261;2;2;1.0;6.0;47,3874575015;0,6849817336;
202100055491.0;2;35;35238;1;1;1.0;2.0;48,0829200000; -1,6978500000;
202100055492.0;1;35;35206;1;1;8.0;4.0;48,0797000000; -1,6850600000;
202100055493.0;5;33;33550;2;6;1.0;3.0;44,7849400000; -0,5862000000;
202100055494.0;5;33;33063;2;2;1.0;3.0;44,8229937357; -0,5954100027;
202100055495.0;1;33;33522;2;2;1.0;3.0;44,8014210000; -0,5809790000;
202100055496.0;2;31;31555;2;1;8.0;6.0;43,5505200000;1,4209700000;
202100055497.0;1;31;31555;2;1;1.0;2.0;43,5940800000;1,4337400000;
202100055498.0;5;30;30189;2;3;1.0;6.0;43,8402100000;4,3627200000;
202100055499.0;1;29;29232;2;6;1.0;4.0;48,0033412771; -4,0838134289;
202100055500.0;5;29;29019;2;2;1.0;1.0;48,4070892000; -4,5016359000;
202100055501.0;1;22;22360;2;1;1.0;4.0;48,4897676714; -2,7234594564;
202100055502.0;5;17;17300;2;2;1.0;2.0;46,1549000000; -1,1358600000;
202100055503.0;1;13;13203;2;2;1.0;1.0;43,3075100000;5,3757900000;
202100055504.0;5;13;13209;2;4;1.0;1.0;43,2460000000;5,4196200000;
202100055505.0;1;13;13209;2;1;8.0;3.0;43,2621800000;5,4042700000;
202100055506.0;5;13;13211;2;1;1.0;1.0;43,2889600000;5,4322800000;
202100055507.0;1;13;13216;2;1;9.0;3.0;43,3675202158;5,3438669443;
202100055508.0;5;13;13203;2;9;1.0;6.0;43,3202069373;5,3717658942;
202100055509.0;1;13;13216;2;1;1.0;1.0;43,3605100000;5,2989660000;
202100055510.0;5;13;13204;2;1;1.0;3.0;43,2999150000;5,4039020000;
202100055511.0;5;13;13005;2;6;8.0;2.0;43,2838600000;5,5936400000;
202100055512.0;1;11;11069;2;9;1.0;7.0;43,2119200000;2,3557000000;
202100055513.0;5;06;06069;2;1;8.0;7.0;43,6625300000;6,9227800000;
202100055514.0;1;05;05061;1;1;9.0;2.0;44,6009400000;6,0794000000;
202100055515.0;5;02;02408;2;1;9.0;6.0;49,5663860000;3,6277120000;
202100055516.0;5;75;75118;2;1;1.0;5.0;48,9010760000;2,3452730000;
202100055517.0;1;75;75117;2;1;1.0;2.0;48,8919880000;2,3014590000;
202100055518.0;1;75;75119;2;5;1.0;6.0;48,8739360000;2,3853940000;
202100055519.0;5;75;75119;2;1;1.0;6.0;48,8822560000;2,4004050000;
202100055520.0;5;75;75119;2;3;8.0;3.0;48,8898460000;2,3759600000;
202100055521.0;1;75;75119;2;3;1.0;3.0;48,8976150000;2,3881400000;
202100055522.0;5;75;75119;2;1;1.0;2.0;48,8875870000;2,3731940000;
202100055523.0;1;75;75117;2;3;8.0;6.0;48,8885820000;2,3094400000;
202100055524.0;1;75;75117;2;5;1.0;3.0;48,8838200000;2,3047690000;
202100055525.0;1;75;75115;2;2;1.0;6.0;48,8473545729;2,2977308389;
202100055526.0;5;75;75115;2;1;1.0;6.0;48,8302570000;2,2761650000;
202100055527.0;5;75;75113;2;2;1.0;3.0;48,8240380000;2,3770060000;
202100055528.0;1;75;75111;2;2;1.0;6.0;48,8676560000;2,3772800000;
202100055529.0;5;75;75111;2;4;1.0;6.0;48,8545127779;2,3780304193;
202100055530.0;1;75;75110;2;2;8.0;3.0;48,8793280000;2,3570940000;
202100055531.0;5;75;75109;2;1;1.0;2.0;48,8734640000;2,3293550000;
202100055532.0;1;75;75108;2;7;1.0;7.0;48,8643610000;2,3203380000;
202100055533.0;1;75;75117;2;4;8.0;3.0;48,8820390000;2,3010560000;
202100055534.0;2;75;75108;2;1;1.0;6.0;48,8747930000;2,2999320000;