Num_Acc;lum;departement;commune;agglomeration;intersection;meteo;type_collision;lat;long;date
202100055863.0;2;74;74010;2;1;1.0;6.0;45,9607790000;6,0980130000;
202100055864.0;1;91;91665;2;1;1.0;2.0;48,6647720000;2,2777230000;
202100055865.0;1;50;50164;1;9;7.0;1.0;49,0048180000; -1,0257730000;
202100055866.0;5;63;63178;2;1;1.0;7.0;45,5452670000;3,2507780000;
202100055867.0;5;38;38095;2;1;1.0;6.0;45,1414500000;5,2874000000;
202100055868.0;3;02;02671;2;1;1.0;6.0;49,5112740000;3,1890070000;
202100055869.0;1;16;16173;2;1;1.0;6.0;45,9209240000;0,1370940000;
202100055870.0;1;53;53185;1;1;1.0;6.0;48,4293370000; -0,1891290000;
202100055871.0;1;30;30341;2;1;1.0;5.0;43,6908100000;4,2682100000;
202100055872.0;5;973;97309;2;9;3.0;1.0;4,8870640000; -52,2768010000;
202100055873.0;3;30;30189;1;1;1.0;1.0;43,8149590000;4,3633960000;
202100055874.0;3;27;27107;2;2;1.0;3.0;49,3903750000;0,6211350000;
202100055875.0;5;971;97128;1;1;1.0;6.0;16,2964920000; -61,3670970000;
202100055876.0;1;95;95409;2;1;1.0;3.0;49,0430577885;2,3387010399;
202100055877.0;1;04;04242;1;9;1.0;4.0;43,8855990000;5,8637920000;
202100055878.0;3;38;38197;1;3;8.0;3.0;45,7524280000;5,1118020000;
202100055879.0;3;59;59370;1;1;5.0;7.0;50,3128800000;3,9677860000;
202100055880.0;2;38;38184;1;1;1.0;5.0;45,6565828879;5,0846636295;
202100055881.0;3;91;91161;2;1;1.0;3.0;48,7075000000;2,3072700000;
202100055882.0;3;92;92063;2;1;1.0;2.0;48,8888479305;2,1682789922;
202100055883.0;3;78;78362;1;1;1.0;4.0;48,9737630000;1,7285500000;
202100055884.0;3;95;95018;1;1;1.0;2.0;48,9615100000;2,2686500000;
202100055885.0;4;95;95154;1;1;1.0;6.0;49,0519200000;2,5478000000;
202100055886.0;2;93;93007;1;1;2.0;2.0;48,9431500000;2,4779100000;
202100055887.0;2;94;94028;1;1;1.0;2.0;48,7998371470;2,4462785908;
202100055888.0;1;988;98818;2;1;3.0;3.0; -22,2749200000;166,4390100000;
202100055889.0;1;974;97411;2;3;1.0;3.0; -20,8834680000;55,4486340000;
202100055890.0;1;974;97411;2;6;1.0;6.0; -20,8922200000;55,4610100000;
202100055891.0;1;973;97302;2;3;3.0;3.0;4,9059300000; -52,3048900000;
202100055892.0;5;69;69386;2;3;1.0;6.0;45,7660148898;4,8444369435;
202100055893.0;2;69;69383;2;2;1.0;1.0;45,7526089167;4,8700080414;
202100055894.0;1;972;97209;1;1;1.0;5.0;14,6208500000; -61,0389600000;
202100055895.0;1;2B;2B033;2;1;1.0;6.0;42,6992900000;9,4307500000;
202100055896.0;1;971;97105;2;1;1.0;6.0;16,0002800000; -61,7359200000;
202100055897.0;5;91;91421;2;1;1.0;6.0;48,7043090000;2,4503490000;
202100055898.0;2;84;84007;1;3;1.0;5.0;43,8890200000;4,9229400000;
202100055899.0;5;80;80021;2;2;1.0;3.0;49,8929270000;2,3087920000;
202100055900.0;1;79;79081;2;1;1.0;2.0;46,3451400000; -0,3689000000;
202100055901.0;1;78;78418;2;1;1.0;1.0;48,9114200000;2,1490500000;
202100055902.0;1;77;77181;2;9;8.0;6.0;48,8225300000;2,7017200000;
202100055903.0;5;76;76341;1;1;1.0;3.0;49,5031639960;0,1909241923;
202100055904.0;1;76;76305;2;1;1.0;1.0;49,5049000000;0,2228800000;
202100055905.0;1;64;64102;2;6;1.0;3.0;43,4984500000; -1,4934300000;
202100055906.0;5;64;64102;2;1;1.0;3.0;43,5024800000; -1,4837100000;
202100055907.0;1;63;63113;2;6;1.0;3.0;45,7892000000;3,0807000000;
202100055908.0;5;59;59090;2;6;2.0;4.0;50,6844800000;3,0849900000;
202100055909.0;1;59;59183;2;1;2.0;6.0;51,0470100000;2,4180400000;
202100055910.0;3;59;59456;2;1;2.0;6.0;50,3724800000;3,2311600000;
202100055911.0;2;58;58194;2;3;2.0;1.0;46,9929500000;3,1296300000;
202100055912.0;5;54;54395;2;3;2.0;6.0;48,6852942151;6,1804003268;
202100055913.0;1;54;54578;2;3;2.0;3.0;48,6538400000;6,1108100000;
202100055914.0;1;51;51454;2;1;8.0;1.0;49,2443541080;4,0365382517;
202100055915.0;1;50;50602;2;2;2.0;6.0;49,6400900000; -1,5728900000;
202100055916.0;3;50;50129;2;1;2.0;6.0;49,6280200000; -1,6392300000;
202100055917.0;4;45;45234;2;1;2.0;6.0;47,9033391967;1,9317939251;
202100055918.0;5;44;44109;2;6;1.0;3.0;47,2087200000; -1,5872200000;
202100055919.0;5;37;37261;2;2;1.0;6.0;47,3927577725;0,7011255058;
202100055920.0;1;37;37261;2;1;1.0;6.0;47,4241894486;0,6973033317;
202100055921.0;1;35;35238;1;9;1.0;4.0;48,0901800000; -1,6300400000;
202100055922.0;1;34;34172;2;1;1.0;3.0;43,6170200000;3,8421200000;
202100055923.0;1;33;33063;2;2;1.0;3.0;44,8365700000; -0,5990300000;
202100055924.0;1;33;33529;2;3;1.0;3.0;44,6129000000; -1,1347600000;
202100055925.0;1;32;32013;1;1;1.0;1.0;43,6560000000;0,6256600000;
202100055926.0;2;30;30007;2;6;1.0;3.0;44,1379000000;4,0800200000;
202100055927.0;3;29;29039;2;1;1.0;6.0;47,8717019086; -3,9162442328;
202100055928.0;5;24;24037;2;1;1.0;6.0;44,8569500000;0,4751200000;
202100055929.0;5;17;17300;2;6;1.0;7.0;46,1597700000; -1,1978900000;
202100055930.0;1;13;13077;2;1;1.0;2.0;43,4109265527;4,9789463883;
202100055931.0;1;13;13204;2;1;1.0;3.0;43,3019000000;5,4004500000;
202100055932.0;5;13;13210;2;6;1.0;3.0;43,2700700000;5,4232700000;
202100055933.0;1;09;09122;2;9;1.0;6.0;42,9866310000;1,6161650000;
202100055934.0;1;07;07102;2;1;1.0;7.0;44,9286200000;4,8721900000;
202100055935.0;5;75;75120;2;1;2.0;2.0;48,8678450000;2,4132410000;
202100055936.0;1;75;75105;2;2;1.0;6.0;48,8411780000;2,3559640000;
202100055937.0;1;75;75120;2;1;8.0;7.0;48,8641500000;2,4080820000;
202100055938.0;5;75;75119;2;2;1.0;6.0;48,8782570000;2,3979240000;
202100055939.0;1;75;75119;2;2;1.0;6.0;48,8943170000;2,3817320000;
202100055940.0;1;75;75119;2;1;2.0;7.0;48,8812200000;2,3741420000;
202100055941.0;1;75;75118;2;1;2.0;5.0;48,8902920000;2,3585650000;
202100055942.0;1;75;75114;2;2;1.0;6.0;48,8318110000;2,3141360000;
202100055943.0;5;75;75112;2;1;2.0;3.0;48,8489260000;2,3800250000;
202100055944.0;2;75;75112;2;7;2.0;1.0;48,8352020000;2,4070150000;
202100055945.0;5;75;75111;2;2;8.0;6.0;48,8579310000;2,3769920000;
202100055946.0;5;75;75108;2;2;8.0;6.0;48,8784080000;2,3155530000;
202100055947.0;5;75;75107;2;3;2.0;7.0;48,8614200000;2,3203940000;
202100055948.0;1;94;94078;2;1;2.0;2.0;48,7378100000;2,4469600000;
202100055949.0;5;94;94068;2;1;2.0;6.0;48,8110300000;2,4783900000;
202100055950.0;5;94;94011;2;9;2.0;4.0;48,7676400000;2,4865100000;
202100055951.0;5;94;94028;2;9;1.0;2.0;48,7676700000;2,4551700000;
202100055952.0;1;94;94054;2;1;2.0;6.0;48,7464700000;2,4162600000;
202100055953.0;5;94;94017;2;3;1.0;3.0;48,8271223120;2,5179791451;
202100055954.0;5;93;93072;2;3;2.0;2.0;48,9677497764;2,3739831316;
202100055955.0;1;93;93070;2;1;2.0;3.0;48,9144700000;2,3322700000;
202100055956.0;5;93;93066;2;2;1.0;3.0;48,9419675058;2,3416876916;
202100055957.0;5;93;93066;2;2;1.0;3.0;48,9181877075;2,3578647546;
202100055958.0;5;93;93064;2;3;2.0;6.0;48,8887298441;2,4765815673;
202100055959.0;1;93;93053;2;1;1.0;6.0;48,8869000000;2,4698900000;
202100055960.0;1;93;93048;2;2;8.0;3.0;48,8572300000;2,4315900000;
202100055961.0;1;93;93031;2;1;1.0;1.0;48,9535018094;2,3272741883;
202100055962.0;5;93;93010;2;9;2.0;6.0;48,9056158185;2,4770202703;
202100055963.0;1;92;92078;2;1;1.0;3.0;48,9254389004;2,3264569044;
202100055964.0;1;92;92051;2;9;8.0;6.0;48,8756955698;2,2485011816;
202100055965.0;1;92;92049;2;7;1.0;7.0;48,8187600000;2,3189900000;
202100055966.0;1;92;92048;2;1;8.0;2.0;48,8093640000;2,2361810000;
202100055967.0;5;92;92044;2;2;2.0;3.0;48,8949300000;2,2809300000;
202100055968.0;5;92;92032;2;1;2.0;7.0;48,7902000000;2,2887300000;
202100055969.0;3;01;01089;1;2;1.0;3.0;45,9594480000;5,3020350000;
202100055970.0;1;60;60157;2;2;1.0;1.0;49,3829840000;2,4028190000;
202100055971.0;2;57;57365;2;1;9.0;6.0;49,3973490000;6,4337020000;
202100055972.0;1;28;28088;2;1;1.0;6.0;48,0748170000;1,3398600000;
202100055973.0;3;59;59210;1;1;1.0;6.0;50,8859400000;2,4318470000;
202100055974.0;4;74;74195;1;1;1.0;6.0;46,0127500000;5,9477830000;
202100055975.0;4;76;76493;2;3;1.0;1.0;49,8507070000;0,6304060000;
202100055976.0;3;32;32038;1;1;1.0;6.0;43,6402600000;1,0003650000;
202100055977.0;2;89;89460;2;2;2.0;1.0;48,3352420000;3,0641560000;
202100055978.0;1;76;76711;2;1;1.0;1.0;50,0604450000;1,3726960000;
202100055979.0;1;61;61161;2;1;1.0;6.0;48,8030130000;0,1040300000;
202100055980.0;3;61;61464;1;3;1.0;3.0;48,6245840000;0,1391320000;
202100055981.0;1;49;49222;1;1;9.0;7.0;47,3642540000; -0,5591960000;
202100055982.0;1;68;68068;2;3;8.0;3.0;47,6300500000;7,1180680000;
202100055983.0;2;38;38543;1;4;5.0;1.0;45,6478677473;5,4898166656;
202100055984.0;3;02;02687;1;2;1.0;3.0;49,3033240000;3,2150030000;
202100055985.0;1;09;09312;1;1;1.0;2.0;43,0924670000;1,6815520000;
202100055986.0;5;60;60286;2;4;9.0;4.0;49,6612815929;1,9450097839;
202100055987.0;1;64;64353;1;1;1.0;1.0;43,0912210000; -0,3824940000;
202100055988.0;5;18;18197;2;1;1.0;1.0;46,7292790000;2,5072160000;
202100055989.0;1;40;40046;1;1;9.0;1.0;44,4346530000; -1,2266710000;
202100055990.0;1;976;97606;2;1;1.0;3.0; -12,9062740000;45,1554610000;
202100055991.0;3;22;22277;1;3;1.0;3.0;48,3865540000; -2,8356740000;
202100055992.0;3;988;98821;1;3;1.0;7.0; -22,0821800000;166,3191030000;
202100055993.0;3;986;98613;2;9;1.0;6.0; -13,2999090000; -176,1853730000;
202100055994.0;3;77;77367;1;1;2.0;1.0;49,0362360000;2,9908880000;
202100055995.0;1;77;77141;2;4;1.0;3.0;48,8643760000;2,8552330000;
202100055996.0;3;78;78096;1;1;9.0;6.0;48,7611650000;1,6486100000;
202100055997.0;3;30;30258;1;1;1.0;6.0;43,7158600000;4,4194800000;
202100055998.0;5;06;06019;2;6;8.0;2.0;43,7812660000;7,3378620000;
202100055999.0;5;38;38412;2;1;1.0;6.0;45,3995420000;5,7238880000;
202100056000.0;3;38;38382;2;1;1.0;1.0;45,2351710000;5,6850980000;
202100056001.0;2;26;26235;2;9;1.0;1.0;44,3689930000;4,7076580000;
202100056002.0;1;33;33015;1;2;1.0;3.0;44,8736990000; -0,2871960000;
202100056003.0;1;29;29169;1;1;1.0;2.0;48,0733701143; -4,2371870079;
202100056004.0;3;76;76099;1;1;1.0;1.0;49,5568300000;0,8567500000;
202100056005.0;1;60;60322;1;2;1.0;3.0;49,3033490000;1,8840590000;
202100056006.0;2;13;13210;1;1;1.0;3.0;43,2848220770;5,4168915281;
202100056007.0;3;13;13071;1;1;1.0;3.0;43,4037600000;5,3129530000;
202100056008.0;1;33;33013;1;1;1.0;2.0;44,8559750000; -0,5050560000;
202100056009.0;3;33;33281;1;1;1.0;4.0;44,8474606673; -0,6697700632;
202100056010.0;1;91;91661;1;1;1.0;7.0;48,6949900000;2,2333100000;
202100056011.0;1;91;91216;1;1;2.0;2.0;48,6849300000;2,3275700000;
202100056012.0;3;91;91286;1;1;2.0;3.0;48,6484000000;2,3875000000;
202100056013.0;1;78;78133;1;1;8.0;2.0;48,8928700000;2,0082900000;
202100056014.0;1;93;93078;1;1;1.0;7.0;48,9630400000;2,5223900000;
202100056015.0;1;95;95500;1;1;1.0;2.0;49,0362595262;2,0951139775;
202100056016.0;1;93;93005;1;1;2.0;3.0;48,9601800000;2,4735300000;
202100056017.0;3;976;97611;1;1;1.0;7.0; -12,7901500000;45,2025300000;
202100056018.0;1;974;97416;1;1;1.0;3.0; -21,2993700000;55,4934700000;
202100056019.0;1;69;69388;2;2;1.0;1.0;45,7306508063;4,8875574768;
202100056020.0;1;972;97209;2;1;1.0;6.0;14,6090500000; -61,0744200000;
202100056021.0;5;69;69389;2;1;1.0;4.0;45,7988700000;4,8326400000;
202100056022.0;1;971;97113;1;6;1.0;6.0;16,2131000000; -61,4772000000;
202100056023.0;1;2A;2A004;2;9;1.0;2.0;41,9519400000;8,7775100000;
202100056024.0;1;95;95585;2;4;1.0;3.0;48,9765100000;2,3785700000;
202100056025.0;2;95;95277;1;1;8.0;6.0;48,9779500000;2,4629500000;
202100056026.0;5;91;91421;2;6;1.0;3.0;48,7067900000;2,4409100000;
202100056027.0;1;91;91286;2;2;2.0;3.0;48,6484900000;2,3751800000;
202100056028.0;5;91;91027;2;2;1.0;6.0;48,7099700000;2,3855400000;
202100056029.0;2;87;87085;2;1;1.0;1.0;45,8803600000;1,2952000000;
202100056030.0;2;87;87085;2;1;1.0;7.0;45,8577400000;1,2703700000;
202100056031.0;2;87;87085;2;1;1.0;7.0;45,8076000000;1,2639300000;
202100056032.0;1;85;85194;2;1;4.0;6.0;46,5373700000; -1,7722400000;
202100056033.0;5;83;83137;2;3;1.0;6.0;43,1152660000;5,9360340000;
202100056034.0;1;80;80021;2;3;2.0;3.0;49,8871100000;2,3244100000;
202100056035.0;2;76;76540;2;1;1.0;2.0;49,4243017981;1,0757777095;
202100056036.0;5;73;73008;2;6;1.0;3.0;45,7132242261;5,8932334249;
202100056037.0;1;69;69266;2;3;8.0;6.0;45,7637270934;4,8700252175;
202100056038.0;1;69;69266;2;6;1.0;6.0;45,7641000000;4,8741000000;
202100056039.0;1;59;59350;2;1;1.0;6.0;50,6083800000;3,0404000000;
202100056040.0;5;56;56260;2;6;1.0;2.0;47,6493900000; -2,7967700000;
202100056041.0;1;56;56121;2;3;1.0;3.0;47,7365700000; -3,3902800000;
202100056042.0;1;56;56098;2;1;1.0;1.0;47,7759600000; -3,3592000000;
202100056043.0;5;54;54395;2;1;4.0;2.0;48,6834755917;6,1968214810;
202100056044.0;5;54;54395;2;1;2.0;4.0;48,6754373543;6,1822042387;
202100056045.0;5;49;49007;2;1;1.0;1.0;47,4788000000; -0,5566800000;
202100056046.0;5;49;49015;2;1;2.0;2.0;47,5053120000; -0,5879010000;
202100056047.0;1;41;41018;2;1;1.0;6.0;47,5892800000;1,3317100000;
202100056048.0;5;35;35238;2;2;1.0;3.0;48,1089500000; -1,7101690000;
202100056049.0;1;35;35238;2;6;1.0;3.0;48,1277900000; -1,6521100000;
202100056050.0;1;35;35238;2;9;8.0;6.0;48,1051100000; -1,6935800000;
202100056051.0;5;29;29232;2;3;1.0;1.0;47,9856180380; -4,0778160095;
202100056052.0;1;27;27375;2;1;1.0;6.0;49,2196700000;1,1786300000;
202100056053.0;1;16;16102;2;1;1.0;6.0;45,6970950000; -0,3225490000;
202100056054.0;3;13;13054;1;1;1.0;5.0;43,3970800000;5,1981400000;
202100056055.0;1;13;13216;2;1;1.0;4.0;43,3583900000;5,3434100000;
202100056056.0;1;13;13075;2;1;1.0;2.0;43,3420000000;5,4570000000;
202100056057.0;5;13;13063;2;1;1.0;1.0;43,6021175939;5,0068902969;
202100056058.0;3;10;10321;2;4;1.0;6.0;48,2913000000;4,0348000000;
202100056059.0;3;06;06069;2;1;1.0;7.0;43,6428200000;6,9141200000;
202100056060.0;1;06;06069;1;1;1.0;7.0;43,6423200000;6,9082270000;
202100056061.0;5;75;75115;2;4;1.0;4.0;48,8348262592;2,2740060137;
202100056062.0;1;75;75116;2;1;1.0;2.0;48,8497630000;2,2524060000;
202100056063.0;1;75;75102;2;3;8.0;2.0;48,8708700000;2,3467350000;
202100056064.0;5;75;75118;2;3;1.0;5.0;48,8852640000;2,3495290000;
202100056065.0;1;75;75117;2;7;2.0;7.0;48,8779070000;2,2974990000;
202100056066.0;1;75;75116;2;5;1.0;2.0;48,8622800000;2,2383210000;
202100056067.0;1;75;75114;2;1;8.0;3.0;48,8216790000;2,3329480000;
202100056068.0;5;75;75114;2;2;1.0;5.0;48,8223280000;2,3142340000;
202100056069.0;2;75;75112;2;5;8.0;3.0;48,8446739656;2,4057128628;
202100056070.0;1;75;75112;2;1;8.0;2.0;48,8371520000;2,3905120000;
202100056071.0;2;75;75110;2;1;2.0;6.0;48,8798690000;2,3592140000;
202100056072.0;2;75;75109;2;1;2.0;2.0;48,8779490000;2,3276960000;
202100056073.0;5;75;75104;2;2;2.0;3.0;48,8508200000;2,3614150000;
202100056074.0;1;94;94034;2;3;1.0;1.0;48,7550300000;2,3186400000;
202100056075.0;1;94;94021;2;3;1.0;3.0;48,7716000000;2,3465900000;
202100056076.0;1;94;94028;2;1;1.0;2.0;48,7836200000;2,4473300000;
202100056077.0;5;94;94011;2;1;1.0;3.0;48,7728700000;2,4905900000;
202100056078.0;5;94;94028;2;1;1.0;3.0;48,7912300000;2,4626100000;
202100056079.0;5;92;92073;2;1;2.0;7.0;48,8770121257;2,2168323398;
202100056080.0;1;92;92063;2;1;1.0;3.0;48,8901600000;2,1805400000;
202100056081.0;5;75;75117;2;1;1.0;3.0;48,8955304239;2,3067936301;
202100056082.0;1;92;92012;2;6;2.0;7.0;48,8251294829;2,2485584972;
202100056083.0;5;92;92004;2;1;1.0;3.0;48,9205648191;2,2791112374;
202100056084.0;5;92;92004;2;1;8.0;5.0;48,9113554133;2,2991640234;
202100056085.0;2;92;92002;2;1;2.0;6.0;48,7392200000;2,2884000000;
202100056086.0;1;62;62364;2;1;1.0;6.0;50,5150470000;2,1342820000;
202100056087.0;5;41;41150;2;2;1.0;3.0;47,5596880000;1,4539720000;
202100056088.0;1;64;64410;2;3;1.0;7.0;43,3726210000; -0,6287100000;
202100056089.0;4;35;35167;1;3;8.0;3.0;47,8207570000; -1,3187180000;
202100056090.0;1;974;97413;2;1;1.0;3.0; -21,1967580000;55,3002030000;
202100056091.0;1;59;59261;2;1;2.0;6.0;50,0571280000;4,0780780000;
202100056092.0;1;79;79066;1;1;8.0;6.0;46,4849720000; -0,3840760000;
202100056093.0;1;71;71008;1;1;8.0;1.0;46,2305740000;4,3676020000;
202100056094.0;5;80;80533;2;1;1.0;6.0;50,0629180000;1,4019100000;
202100056095.0;3;49;49248;1;1;1.0;6.0;47,7603870000; -1,1979820000;
202100056096.0;1;34;34308;1;1;1.0;1.0;43,6348090000;3,0678410000;
202100056097.0;2;22;22047;2;1;5.0;3.0;48,3178930000; -3,0607440000;
202100056098.0;1;25;25304;2;3;8.0;6.0;47,4461140000;6,8829560000;
202100056099.0;1;31;31033;2;3;1.0;3.0;43,3503080000;1,4643520000;
202100056100.0;1;50;50461;1;1;1.0;2.0;49,4906810000; -1,4082670000;
202100056101.0;5;43;43177;2;1;8.0;6.0;45,3045100000;4,2773290000;
202100056102.0;2;10;10358;2;1;2.0;6.0;48,1713840000;4,2155310000;
202100056103.0;3;52;52023;1;1;8.0;6.0;47,7627750000;5,1001720000;
202100056104.0;3;31;31091;1;1;1.0;2.0;43,6986590000;1,4076980000;
202100056105.0;3;72;72031;1;1;1.0;2.0;48,0873390000;0,5031390000;
202100056106.0;2;53;53125;1;1;5.0;1.0;48,5046880000; -1,0656850000;
202100056107.0;1;13;13051;1;1;1.0;3.0;43,6235260000;5,1325040000;
202100056108.0;3;971;97125;1;2;1.0;6.0;16,2754060000; -61,3104700000;
202100056109.0;1;91;91661;1;2;8.0;3.0;48,7034320000;2,2541460000;
202100056110.0;1;84;84138;1;1;8.0;1.0;44,3558715516;4,9671098265;
202100056111.0;1;04;04220;1;1;1.0;7.0;44,3933120000;6,5551310000;
202100056112.0;1;67;67167;2;1;5.0;6.0;48,4791450000;7,3014560000;
202100056113.0;1;67;67164;2;1;2.0;1.0;48,4348530000;7,4938510000;
202100056114.0;1;67;67130;2;6;1.0;7.0;48,4221020000;7,6415760000;
202100056115.0;5;67;67028;2;1;2.0;6.0;48,3719640000;7,5925330000;
202100056116.0;5;74;74094;2;6;1.0;6.0;46,2030810000;6,2827210000;
202100056117.0;1;33;33243;2;2;1.0;3.0;44,9145910000; -0,2467790000;
202100056118.0;2;22;22076;1;1;1.0;3.0;48,5454920000; -2,3918970000;
202100056119.0;1;13;13085;1;1;2.0;7.0;43,2547900000;5,5946700000;
202100056120.0;1;13;13019;1;1;1.0;6.0;43,4264900000;5,3806900000;
202100056121.0;1;94;94034;1;1;1.0;4.0;48,7581000000;2,3274600000;
202100056122.0;3;91;91471;1;1;1.0;3.0;48,6934400000;2,1906300000;
202100056123.0;3;92;92036;1;1;1.0;2.0;48,9458291540;2,2833738855;
202100056124.0;2;95;95582;1;1;1.0;2.0;48,9643600000;2,2621900000;
202100056125.0;3;93;93007;1;1;2.0;2.0;48,9199700000;2,4791000000;
202100056126.0;3;93;93064;1;1;1.0;3.0;48,8727500000;2,4804100000;
202100056127.0;1;93;93027;1;1;8.0;6.0;48,9279600000;2,4111800000;
202100056128.0;2;95;95424;1;1;2.0;6.0;48,9938800000;2,1844500000;
202100056129.0;1;93;93051;1;1;8.0;5.0;48,8365900000;2,5413800000;
202100056130.0;5;988;98818;1;1;1.0;6.0; -22,2472000000;166,4565000000;
202100056131.0;1;988;98818;2;3;1.0;6.0; -22,2936300000;166,4465300000;
202100056132.0;5;974;97411;2;3;1.0;3.0; -20,8839540000;55,4504230000;
202100056133.0;5;974;97407;2;2;1.0;3.0; -20,9439900000;55,2903800000;
202100056134.0;2;973;97302;2;1;1.0;3.0;4,9228164876; -52,3209822178;
202100056135.0;5;69;69387;2;2;1.0;6.0;45,7534407318;4,8413438341;
202100056136.0;5;69;69387;2;1;1.0;5.0;45,7455000000;4,8491000000;
202100056137.0;3;971;97101;1;6;1.0;3.0;16,2480000000; -61,5271600000;
202100056138.0;1;2A;2A004;1;1;1.0;2.0;41,9288099434;8,8095316248;
202100056139.0;5;95;95428;2;9;2.0;1.0;48,9934334914;2,3349571082;
202100056140.0;2;91;91689;2;3;2.0;3.0;48,7377500000;2,3310700000;
202100056141.0;5;80;80021;2;1;1.0;6.0;49,9022000000;2,2876500000;
202100056142.0;1;77;77053;2;3;1.0;3.0;48,6916300000;2,6128600000;
202100056143.0;1;77;77186;1;9;2.0;3.0;48,4811130000;2,6691310000;
202100056144.0;5;67;67482;2;3;8.0;6.0;48,6112600000;7,7810500000;
202100056145.0;1;67;67482;2;8;8.0;6.0;48,5823800000;7,7369900000;
202100056146.0;1;66;66136;2;2;1.0;3.0;42,6892400000;2,8801000000;
202100056147.0;1;64;64122;2;1;2.0;7.0;43,4773903242; -1,5501115301;
202100056148.0;3;62;62902;2;2;1.0;3.0;50,7127680000;2,2368570000;
202100056149.0;2;59;59599;2;2;1.0;7.0;50,7189810000;3,1455480000;
202100056150.0;5;59;59650;2;3;1.0;3.0;50,6994800000;3,2109500000;
202100056151.0;5;58;58194;2;3;2.0;3.0;46,9880600000;3,1267400000;
202100056152.0;2;57;57463;2;1;1.0;2.0;49,1185600000;6,1885100000;
202100056153.0;5;56;56260;2;1;8.0;6.0;47,6686152100; -2,7470567800;
202100056154.0;1;56;56260;2;3;1.0;3.0;47,6607100000; -2,7436400000;
202100056155.0;1;54;54578;2;2;1.0;6.0;48,6732313682;6,1532520112;
202100056156.0;1;52;52121;2;1;1.0;6.0;48,1089600000;5,1405800000;
202100056157.0;1;51;51454;2;1;1.0;7.0;49,2622156653;4,0525458544;
202100056158.0;1;51;51454;2;1;8.0;7.0;49,2747721980;4,0267714595;
202100056159.0;3;50;50416;1;1;8.0;6.0;49,6542200000; -1,7060400000;
202100056160.0;1;50;50129;2;3;2.0;3.0;49,6275400000; -1,6310200000;
202100056161.0;5;50;50602;2;2;3.0;1.0;49,6351700000; -1,5864700000;
202100056162.0;5;49;49015;2;1;1.0;6.0;47,5180660000; -0,6104390000;
202100056163.0;1;49;49007;2;1;2.0;3.0;47,4716500000; -0,5415000000;
202100056164.0;1;49;49007;1;1;1.0;7.0;47,4972900000; -0,5647500000;
202100056165.0;3;34;34032;1;1;1.0;6.0;43,3519000000;3,2022300000;
202100056166.0;1;33;33162;2;1;8.0;6.0;44,8616500000; -0,6436000000;
202100056167.0;1;26;26362;2;1;1.0;3.0;44,9325900000;4,8857900000;
202100056168.0;2;17;17142;1;3;1.0;3.0;46,1672000000; -1,0922500000;
202100056169.0;5;13;13208;2;1;1.0;6.0;43,2659400000;5,3953400000;
202100056170.0;5;13;13210;2;1;2.0;2.0;43,2841049588;5,4268498156;
202100056171.0;1;10;10081;2;6;8.0;6.0;48,3104300000;4,0394400000;
202100056172.0;5;06;06088;2;2;1.0;3.0;43,7024500000;7,2878100000;
202100056173.0;1;06;06088;2;1;8.0;6.0;43,7011570000;7,2697020000;
202100056174.0;4;75;75118;2;4;1.0;2.0;48,9008899341;2,3639216648;
202100056175.0;5;75;75112;2;1;1.0;4.0;48,8281780000;2,3961360000;
202100056176.0;5;75;75120;2;1;1.0;6.0;48,8738800000;2,3862930000;
202100056177.0;1;75;75119;2;1;8.0;7.0;48,8898332713;2,3715407466;
202100056178.0;1;75;75119;2;1;1.0;3.0;48,8755790000;2,3731320000;
202100056179.0;1;75;75119;2;2;2.0;6.0;48,8883850000;2,3741200000;
202100056180.0;5;75;75118;2;3;2.0;6.0;48,8844860000;2,3494810000;
202100056181.0;5;75;75118;2;1;1.0;6.0;48,8982400708;2,3370677233;
202100056182.0;2;75;75114;2;1;2.0;3.0;48,8344745109;2,3340743780;
202100056183.0;3;75;75112;2;1;1.0;3.0;48,8301720000;2,4183100000;
202100056184.0;5;75;75103;2;1;1.0;7.0;48,8623960000;2,3555220000;
202100056185.0;2;94;94046;2;1;1.0;3.0;48,8099830000;2,4337490000;
202100056186.0;1;94;94017;2;1;8.0;3.0;48,8208200000;2,4862500000;
202100056187.0;1;93;93066;2;3;8.0;6.0;48,9153731697;2,3651259828;
202100056188.0;1;93;93049;2;2;2.0;3.0;48,8526500000;2,5123800000;
202100056189.0;5;93;93046;2;1;1.0;3.0;48,9134113791;2,5160032511;
202100056190.0;1;93;93008;2;3;1.0;3.0;48,9129300961;2,4462742313;